t,plant,axis,Conc_Nitrates_Soil,Tsoil,nitrates,volume
0,1,MS,317900.228501,15.0,317900.228501,1.0
1,1,MS,314449.314504,15.0,314449.314504,1.0
2,1,MS,311187.840281,15.0,311187.840281,1.0
3,1,MS,307973.503752,15.0,307973.503752,1.0
4,1,MS,304922.704165,15.0,304922.704165,1.0
5,1,MS,301905.118348,15.0,301905.118348,1.0
6,1,MS,299033.436796,15.0,299033.436796,1.0
7,1,MS,296185.80837,15.0,296185.80837,1.0
8,1,MS,293469.855981,15.0,293469.855981,1.0
9,1,MS,290770.053777,15.0,290770.053777,1.0
10,1,MS,288189.497932,15.0,288189.497932,1.0
11,1,MS,285618.242273,15.0,285618.242273,1.0
12,1,MS,283154.592346,15.0,283154.592346,1.0
13,1,MS,280692.599078,15.0,280692.599078,1.0
14,1,MS,278328.226499,15.0,278328.226499,1.0
15,1,MS,275960.909154,15.0,275960.909154,1.0
16,1,MS,273683.426669,15.0,273683.426669,1.0
17,1,MS,271399.175187,15.0,271399.175187,1.0
18,1,MS,269199.136928,15.0,269199.136928,1.0
19,1,MS,266991.37981,15.0,266991.37981,1.0
20,1,MS,264864.839064,15.0,264864.839064,1.0
21,1,MS,262731.678285,15.0,262731.678285,1.0
22,1,MS,260676.331811,15.0,260676.331811,1.0
23,1,MS,258612.562737,15.0,258612.562737,1.0
24,1,MS,256622.891493,15.0,256622.891493,1.0
25,1,MS,254624.770412,15.0,254624.770412,1.0
26,1,MS,252697.392739,15.0,252697.392739,1.0
27,1,MS,250760.26134,15.0,250760.26134,1.0
28,1,MS,248890.860407,15.0,248890.860407,1.0
29,1,MS,247011.904924,15.0,247011.904924,1.0
30,1,MS,245196.330072,15.0,245196.330072,1.0
31,1,MS,243366.96029,15.0,243366.96029,1.0
32,1,MS,241595.721956,15.0,241595.721956,1.0
33,1,MS,239808.231619,15.0,239808.231619,1.0
34,1,MS,238074.882473,15.0,238074.882473,1.0
35,1,MS,236323.185504,15.0,236323.185504,1.0
36,1,MS,234622.11487,15.0,234622.11487,1.0
37,1,MS,232900.92514,15.0,232900.92514,1.0
38,1,MS,231227.416304,15.0,231227.416304,1.0
39,1,MS,229532.578481,15.0,229532.578481,1.0
40,1,MS,227883.444106,15.0,227883.444106,1.0
41,1,MS,226212.932589,15.0,226212.932589,1.0
42,1,MS,224587.559053,15.0,224587.559053,1.0
43,1,MS,222942.394823,15.0,222942.394823,1.0
44,1,MS,221342.847571,15.0,221342.847571,1.0
45,1,MS,219725.658162,15.0,219725.658162,1.0
46,1,MS,218154.330164,15.0,218154.330164,1.0
47,1,MS,216566.649306,15.0,216566.649306,1.0
48,1,MS,215024.069777,15.0,215024.069777,1.0
49,1,MS,213465.318634,15.0,213465.318634,1.0
50,1,MS,211950.514611,15.0,211950.514611,1.0
51,1,MS,210419.902888,15.0,210419.902888,1.0
52,1,MS,208932.231394,15.0,208932.231394,1.0
53,1,MS,207429.107058,15.0,207429.107058,1.0
54,1,MS,206002.720348,15.0,206002.720348,1.0
55,1,MS,204524.905978,15.0,204524.905978,1.0
56,1,MS,203086.266333,15.0,203086.266333,1.0
57,1,MS,201630.143934,15.0,201630.143934,1.0
58,1,MS,200210.689736,15.0,200210.689736,1.0
59,1,MS,198771.791908,15.0,198771.791908,1.0
60,1,MS,197367.274121,15.0,197367.274121,1.0
61,1,MS,195942.411642,15.0,195942.411642,1.0
62,1,MS,194550.620197,15.0,194550.620197,1.0
63,1,MS,193138.3763,15.0,193138.3763,1.0
64,1,MS,191758.568493,15.0,191758.568493,1.0
65,1,MS,190358.694289,15.0,190358.694289,1.0
66,1,MS,188991.638907,15.0,188991.638907,1.0
67,1,MS,187606.466171,15.0,187606.466171,1.0
68,1,MS,186254.931609,15.0,186254.931609,1.0
69,1,MS,184886.715637,15.0,184886.715637,1.0
70,1,MS,183552.231239,15.0,183552.231239,1.0
71,1,MS,182201.671484,15.0,182201.671484,1.0
72,1,MS,180884.285521,15.0,180884.285521,1.0
73,1,MS,179550.946369,15.0,179550.946369,1.0
74,1,MS,178250.126756,15.0,178250.126756,1.0
75,1,MS,176933.680404,15.0,176933.680404,1.0
76,1,MS,175649.471857,15.0,175649.471857,1.0
77,1,MS,174350.442459,15.0,174350.442459,1.0
78,1,MS,173083.170108,15.0,173083.170108,1.0
79,1,MS,171800.998785,15.0,171800.998785,1.0
80,1,MS,170549.509241,15.0,170549.509241,1.0
81,1,MS,169282.615872,15.0,169282.615872,1.0
82,1,MS,168045.349319,15.0,168045.349319,1.0
83,1,MS,166792.505336,15.0,166792.505336,1.0
84,1,MS,165568.085203,15.0,165568.085203,1.0
85,1,MS,164327.188579,15.0,164327.188579,1.0
86,1,MS,163113.690972,15.0,163113.690972,1.0
87,1,MS,161883.753319,15.0,161883.753319,1.0
88,1,MS,160680.931694,15.0,160680.931694,1.0
89,1,MS,159462.228395,15.0,159462.228395,1.0
90,1,MS,158271.026673,15.0,158271.026673,1.0
91,1,MS,157065.337982,15.0,157065.337982,1.0
92,1,MS,155887.550296,15.0,155887.550296,1.0
93,1,MS,154695.973201,15.0,154695.973201,1.0
94,1,MS,153532.325617,15.0,153532.325617,1.0
95,1,MS,152355.573145,15.0,152355.573145,1.0
96,1,MS,151206.609736,15.0,151206.609736,1.0
97,1,MS,150044.919036,15.0,150044.919036,1.0
98,1,MS,148910.482269,15.0,148910.482269,1.0
99,1,MS,147763.187108,15.0,147763.187108,1.0
100,1,MS,146642.608867,15.0,146642.608867,1.0
101,1,MS,145509.460107,15.0,145509.460107,1.0
102,1,MS,144401.627502,15.0,144401.627502,1.0
103,1,MS,143279.293269,15.0,143279.293269,1.0
104,1,MS,142179.795844,15.0,142179.795844,1.0
105,1,MS,141063.611156,15.0,141063.611156,1.0
106,1,MS,139968.638365,15.0,139968.638365,1.0
107,1,MS,138856.50879,15.0,138856.50879,1.0
108,1,MS,137765.396361,15.0,137765.396361,1.0
109,1,MS,136657.794775,15.0,136657.794775,1.0
110,1,MS,135571.275773,15.0,135571.275773,1.0
111,1,MS,134468.328631,15.0,134468.328631,1.0
112,1,MS,133386.725842,15.0,133386.725842,1.0
113,1,MS,132289.81588,15.0,132289.81588,1.0
114,1,MS,131214.77089,15.0,131214.77089,1.0
115,1,MS,130125.093321,15.0,130125.093321,1.0
116,1,MS,129057.902122,15.0,129057.902122,1.0
117,1,MS,127977.45813,15.0,127977.45813,1.0
118,1,MS,126920.174376,15.0,126920.174376,1.0
119,1,MS,125850.546965,15.0,125850.546965,1.0
120,1,MS,124804.453117,15.0,124804.453117,1.0
121,1,MS,123746.863014,15.0,123746.863014,1.0
122,1,MS,122712.632582,15.0,122712.632582,1.0
123,1,MS,121666.764634,15.0,121666.764634,1.0
124,1,MS,120643.934251,15.0,120643.934251,1.0
125,1,MS,119609.95014,15.0,119609.95014,1.0
126,1,MS,118598.557973,15.0,118598.557973,1.0
127,1,MS,117575.612069,15.0,117575.612069,1.0
128,1,MS,116573.680017,15.0,116573.680017,1.0
129,1,MS,115558.299267,15.0,115558.299267,1.0
130,1,MS,114563.8284,15.0,114563.8284,1.0
131,1,MS,113558.23865,15.0,113558.23865,1.0
132,1,MS,112573.666365,15.0,112573.666365,1.0
133,1,MS,111576.716944,15.0,111576.716944,1.0
134,1,MS,110599.442557,15.0,110599.442557,1.0
135,1,MS,109609.058077,15.0,109609.058077,1.0
136,1,MS,108637.68307,15.0,108637.68307,1.0
137,1,MS,107653.196557,15.0,107653.196557,1.0
138,1,MS,106687.797043,15.0,106687.797043,1.0
139,1,MS,105710.019425,15.0,105710.019425,1.0
140,1,MS,104751.853655,15.0,104751.853655,1.0
141,1,MS,103782.264641,15.0,103782.264641,1.0
142,1,MS,102832.772135,15.0,102832.772135,1.0
143,1,MS,101872.591062,15.0,101872.591062,1.0
144,1,MS,100932.856619,15.0,100932.856619,1.0
145,1,MS,99983.1757042,15.0,99983.1757042,1.0
146,1,MS,99054.0174447,15.0,99054.0174447,1.0
147,1,MS,98115.1477356,15.0,98115.1477356,1.0
148,1,MS,97196.6053911,15.0,97196.6053911,1.0
149,1,MS,96268.5391704,15.0,96268.5391704,1.0
150,1,MS,95359.8045073,15.0,95359.8045073,1.0
151,1,MS,94440.1378899,15.0,94440.1378899,1.0
152,1,MS,93538.512467,15.0,93538.512467,1.0
153,1,MS,92625.3681278,15.0,92625.3681278,1.0
154,1,MS,91729.5415542,15.0,91729.5415542,1.0
155,1,MS,90821.8173435,15.0,90821.8173435,1.0
156,1,MS,89930.5060311,15.0,89930.5060311,1.0
157,1,MS,89026.2937012,15.0,89026.2937012,1.0
158,1,MS,88137.6272798,15.0,88137.6272798,1.0
159,1,MS,87235.6737347,15.0,87235.6737347,1.0
160,1,MS,86348.9269525,15.0,86348.9269525,1.0
161,1,MS,85448.9165221,15.0,85448.9165221,1.0
162,1,MS,84564.3050156,15.0,84564.3050156,1.0
163,1,MS,83667.113908,15.0,83667.113908,1.0
164,1,MS,82786.6452973,15.0,82786.6452973,1.0
165,1,MS,81895.9674353,15.0,81895.9674353,1.0
166,1,MS,81023.2254226,15.0,81023.2254226,1.0
167,1,MS,80140.9797184,15.0,80140.9797184,1.0
168,1,MS,79276.3788074,15.0,79276.3788074,1.0
169,1,MS,78401.6976978,15.0,78401.6976978,1.0
170,1,MS,77544.1858621,15.0,77544.1858621,1.0
171,1,MS,76676.8411613,15.0,76676.8411613,1.0
172,1,MS,75826.5339534,15.0,75826.5339534,1.0
173,1,MS,74966.493447,15.0,74966.493447,1.0
174,1,MS,74122.2338927,15.0,74122.2338927,1.0
175,1,MS,73266.192885,15.0,73266.192885,1.0
176,1,MS,72424.4899941,15.0,72424.4899941,1.0
177,1,MS,71570.4940242,15.0,71570.4940242,1.0
178,1,MS,70730.1558905,15.0,70730.1558905,1.0
179,1,MS,69876.928864,15.0,69876.928864,1.0
180,1,MS,69036.9167112,15.0,69036.9167112,1.0
181,1,MS,68183.9290597,15.0,68183.9290597,1.0
182,1,MS,67344.0687173,15.0,67344.0687173,1.0
183,1,MS,66491.3507469,15.0,66491.3507469,1.0
184,1,MS,65651.9535162,15.0,65651.9535162,1.0
185,1,MS,64800.1982653,15.0,64800.1982653,1.0
186,1,MS,63962.4732136,15.0,63962.4732136,1.0
187,1,MS,63113.6067113,15.0,63113.6067113,1.0
188,1,MS,62279.6530574,15.0,62279.6530574,1.0
189,1,MS,61435.5239603,15.0,61435.5239603,1.0
190,1,MS,60606.7520412,15.0,60606.7520412,1.0
191,1,MS,59768.2375779,15.0,59768.2375779,1.0
192,1,MS,58946.2051772,15.0,58946.2051772,1.0
193,1,MS,58116.7889717,15.0,58116.7889717,1.0
194,1,MS,57304.8256709,15.0,57304.8256709,1.0
195,1,MS,56485.8401866,15.0,56485.8401866,1.0
196,1,MS,55684.2871397,15.0,55684.2871397,1.0
197,1,MS,54876.0951851,15.0,54876.0951851,1.0
198,1,MS,54084.1044806,15.0,54084.1044806,1.0
199,1,MS,53283.4090926,15.0,53283.4090926,1.0
200,1,MS,52497.2870858,15.0,52497.2870858,1.0
201,1,MS,51701.7858931,15.0,51701.7858931,1.0
202,1,MS,50920.2813189,15.0,50920.2813189,1.0
203,1,MS,50129.362916,15.0,50129.362916,1.0
204,1,MS,49352.1324371,15.0,49352.1324371,1.0
205,1,MS,48565.3378996,15.0,48565.3378996,1.0
206,1,MS,47792.138316,15.0,47792.138316,1.0
207,1,MS,47009.7651679,15.0,47009.7651679,1.0
208,1,MS,46241.4213321,15.0,46241.4213321,1.0
209,1,MS,45464.8526985,15.0,45464.8526985,1.0
210,1,MS,44703.215613,15.0,44703.215613,1.0
211,1,MS,43934.7641425,15.0,43934.7641425,1.0
212,1,MS,43182.372504,15.0,43182.372504,1.0
213,1,MS,42424.7066158,15.0,42424.7066158,1.0
214,1,MS,41683.5707427,15.0,41683.5707427,1.0
215,1,MS,40937.4057999,15.0,40937.4057999,1.0
216,1,MS,40207.5492535,15.0,40207.5492535,1.0
217,1,MS,39472.8078434,15.0,39472.8078434,1.0
218,1,MS,38754.2531348,15.0,38754.2531348,1.0
219,1,MS,38031.2360145,15.0,38031.2360145,1.0
220,1,MS,37324.3059531,15.0,37324.3059531,1.0
221,1,MS,36613.1147729,15.0,36613.1147729,1.0
222,1,MS,35917.3958574,15.0,35917.3958574,1.0
223,1,MS,35216.7940522,15.0,35216.7940522,1.0
224,1,MS,34530.9476182,15.0,34530.9476182,1.0
225,1,MS,33840.1087734,15.0,33840.1087734,1.0
226,1,MS,33163.727162,15.0,33163.727162,1.0
227,1,MS,32482.5447788,15.0,32482.5447788,1.0
228,1,MS,31815.4824108,15.0,31815.4824108,1.0
229,1,MS,31143.4362089,15.0,31143.4362089,1.0
230,1,MS,30485.2795773,15.0,30485.2795773,1.0
231,1,MS,29822.5096141,15.0,29822.5096141,1.0
232,1,MS,29173.7632657,15.0,29173.7632657,1.0
233,1,MS,28520.9836867,15.0,28520.9836867,1.0
234,1,MS,27882.6371709,15.0,27882.6371709,1.0
235,1,MS,27241.2209437,15.0,27241.2209437,1.0
236,1,MS,26614.9687039,15.0,26614.9687039,1.0
237,1,MS,25986.9454127,15.0,25986.9454127,1.0
238,1,MS,25374.5644013,15.0,25374.5644013,1.0
239,1,MS,24760.9960288,15.0,24760.9960288,1.0
240,1,MS,24163.2774194,15.0,24163.2774194,1.0
241,1,MS,23565.141914,15.0,23565.141914,1.0
242,1,MS,22982.9243836,15.0,22982.9243836,1.0
243,1,MS,22400.6521051,15.0,22400.6521051,1.0
244,1,MS,21834.1668809,15.0,21834.1668809,1.0
245,1,MS,21267.9903227,15.0,21267.9903227,1.0
246,1,MS,20717.0704146,15.0,20717.0704146,1.0
247,1,MS,20166.0371294,15.0,20166.0371294,1.0
248,1,MS,19629.5519656,15.0,19629.5519656,1.0
249,1,MS,19092.8601853,15.0,19092.8601853,1.0
250,1,MS,18570.3738392,15.0,18570.3738392,1.0
251,1,MS,18047.9569449,15.0,18047.9569449,1.0
252,1,MS,17539.9424983,15.0,17539.9424983,1.0
253,1,MS,17032.9754543,15.0,17032.9754543,1.0
254,1,MS,16540.5276969,15.0,16540.5276969,1.0
255,1,MS,16049.3573945,15.0,16049.3573945,1.0
256,1,MS,15572.4862779,15.0,15572.4862779,1.0
257,1,MS,15097.1667621,15.0,15097.1667621,1.0
258,1,MS,14636.2432288,15.0,14636.2432288,1.0
259,1,MS,14177.7204744,15.0,14177.7204744,1.0
260,1,MS,13733.8868563,15.0,13733.8868563,1.0
261,1,MS,13293.1952243,15.0,13293.1952243,1.0
262,1,MS,12867.261664,15.0,12867.261664,1.0
263,1,MS,12444.9169554,15.0,12444.9169554,1.0
264,1,MS,12037.1809787,15.0,12037.1809787,1.0
265,1,MS,11633.3425107,15.0,11633.3425107,1.0
266,1,MS,11243.8546363,15.0,11243.8546363,1.0
267,1,MS,10858.4857049,15.0,10858.4857049,1.0
268,1,MS,10487.1388457,15.0,10487.1388457,1.0
269,1,MS,10120.062724,15.0,10120.062724,1.0
270,1,MS,9766.54061741,15.0,9766.54061741,1.0
271,1,MS,9417.21726975,15.0,9417.21726975,1.0
272,1,MS,9080.87279885,15.0,9080.87279885,1.0
273,1,MS,8748.61732548,15.0,8748.61732548,1.0
274,1,MS,8428.90858758,15.0,8428.90858758,1.0
275,1,MS,8113.4471523,15.0,8113.4471523,1.0
276,1,MS,7810.19787215,15.0,7810.19787215,1.0
277,1,MS,7511.28355032,15.0,7511.28355032,1.0
278,1,MS,7224.25282897,15.0,7224.25282897,1.0
279,1,MS,6941.70124674,15.0,6941.70124674,1.0
280,1,MS,6670.68296017,15.0,6670.68296017,1.0
281,1,MS,6404.1819492,15.0,6404.1819492,1.0
282,1,MS,6148.92109675,15.0,6148.92109675,1.0
283,1,MS,5898.39781706,15.0,5898.39781706,1.0
284,1,MS,5658.8531969,15.0,5658.8531969,1.0
285,1,MS,5424.157771,15.0,5424.157771,1.0
286,1,MS,5200.08924685,15.0,5200.08924685,1.0
287,1,MS,4980.89048081,15.0,4980.89048081,1.0
288,1,MS,4771.85439947,15.0,4771.85439947,1.0
289,1,MS,4567.55470721,15.0,4567.55470721,1.0
290,1,MS,4372.93887955,15.0,4372.93887955,1.0
291,1,MS,4182.99603266,15.0,4182.99603266,1.0
292,1,MS,4002.24930194,15.0,4002.24930194,1.0
293,1,MS,3826.0049135,15.0,3826.0049135,1.0
294,1,MS,3664.16624934,15.0,3664.16624934,1.0
295,1,MS,3500.59898571,15.0,3500.59898571,1.0
296,1,MS,3345.08392458,15.0,3345.08392458,1.0
297,1,MS,3193.57533559,15.0,3193.57533559,1.0
298,1,MS,3049.63932504,15.0,3049.63932504,1.0
299,1,MS,2909.55498622,15.0,2909.55498622,1.0
300,1,MS,2776.57260718,15.0,2776.57260718,1.0
301,1,MS,2647.23106959,15.0,2647.23106959,1.0
302,1,MS,2524.58840915,15.0,2524.58840915,1.0
303,1,MS,2405.51688833,15.0,2405.51688833,1.0
304,1,MS,2292.77789184,15.0,2292.77789184,1.0
305,1,MS,2183.46499676,15.0,2183.46499676,1.0
306,1,MS,2080.05637709,15.0,2080.05637709,1.0
307,1,MS,1979.85104826,15.0,1979.85104826,1.0
308,1,MS,1885.1304904,15.0,1885.1304904,1.0
309,1,MS,1793.44022551,15.0,1793.44022551,1.0
310,1,MS,1706.84313184,15.0,1706.84313184,1.0
311,1,MS,1623.08424308,15.0,1623.08424308,1.0
312,1,MS,1544.02265263,15.0,1544.02265263,1.0
313,1,MS,1467.5869566,15.0,1467.5869566,1.0
314,1,MS,1395.47265489,15.0,1395.47265489,1.0
315,1,MS,1325.79668744,15.0,1325.79668744,1.0
316,1,MS,1260.09870305,15.0,1260.09870305,1.0
317,1,MS,1196.66414479,15.0,1196.66414479,1.0
318,1,MS,1136.87629171,15.0,1136.87629171,1.0
319,1,MS,1079.16425324,15.0,1079.16425324,1.0
320,1,MS,1024.79492469,15.0,1024.79492469,1.0
321,1,MS,972.351095519,15.0,972.351095519,1.0
322,1,MS,922.962423857,15.0,922.962423857,1.0
323,1,MS,875.327212425,15.0,875.327212425,1.0
324,1,MS,830.478749162,15.0,830.478749162,1.0
325,1,MS,787.244708566,15.0,787.244708566,1.0
326,1,MS,746.557814523,15.0,746.557814523,1.0
327,1,MS,707.353836611,15.0,707.353836611,1.0
328,1,MS,670.477314773,15.0,670.477314773,1.0
329,1,MS,634.966092456,15.0,634.966092456,1.0
330,1,MS,601.587738749,15.0,601.587738749,1.0
331,1,MS,569.476630146,15.0,569.476630146,1.0
332,1,MS,539.318656573,15.0,539.318656573,1.0
333,1,MS,510.327711642,15.0,510.327711642,1.0
334,1,MS,483.115632804,15.0,483.115632804,1.0
335,1,MS,456.96943722,15.0,456.96943722,1.0
336,1,MS,432.442206675,15.0,432.442206675,1.0
337,1,MS,408.894376336,15.0,408.894376336,1.0
338,1,MS,386.817716248,15.0,386.817716248,1.0
339,1,MS,365.633058924,15.0,365.633058924,1.0
340,1,MS,345.780179315,15.0,345.780179315,1.0
341,1,MS,326.737496216,15.0,326.737496216,1.0
342,1,MS,308.894374491,15.0,308.894374491,1.0
343,1,MS,291.778309067,15.0,291.778309067,1.0
344,1,MS,275.738626288,15.0,275.738626288,1.0
345,1,MS,260.35107654,15.0,260.35107654,1.0
346,1,MS,245.932119507,15.0,245.932119507,1.0
347,1,MS,232.103397651,15.0,232.103397651,1.0
348,1,MS,219.149035152,15.0,219.149035152,1.0
349,1,MS,206.729848026,15.0,206.729848026,1.0
350,1,MS,195.100308047,15.0,195.100308047,1.0
351,1,MS,183.956401864,15.0,183.956401864,1.0
352,1,MS,173.527378326,15.0,173.527378326,1.0
353,1,MS,163.542271965,15.0,163.542271965,1.0
354,1,MS,154.205673175,15.0,154.205673175,1.0
355,1,MS,145.275085111,15.0,145.275085111,1.0
356,1,MS,136.930659802,15.0,136.930659802,1.0
357,1,MS,128.954066471,15.0,128.954066471,1.0
358,1,MS,121.504785665,15.0,121.504785665,1.0
359,1,MS,114.387362656,15.0,114.387362656,1.0
360,1,MS,107.743605183,15.0,107.743605183,1.0
361,1,MS,101.399347069,15.0,101.399347069,1.0
362,1,MS,95.4801121076,15.0,95.4801121076,1.0
363,1,MS,89.8303510827,15.0,89.8303510827,1.0
364,1,MS,84.5613581828,15.0,84.5613581828,1.0
365,1,MS,79.5344994711,15.0,79.5344994711,1.0
366,1,MS,74.8475284954,15.0,74.8475284954,1.0
367,1,MS,70.376222486,15.0,70.376222486,1.0
368,1,MS,66.2076691609,15.0,66.2076691609,1.0
369,1,MS,62.2315469552,15.0,62.2315469552,1.0
370,1,MS,58.5253744194,15.0,58.5253744194,1.0
371,1,MS,54.9911598545,15.0,54.9911598545,1.0
372,1,MS,51.6976644976,15.0,51.6976644976,1.0
373,1,MS,48.557705178,15.0,48.557705178,1.0
374,1,MS,45.632444241,15.0,45.632444241,1.0
375,1,MS,42.8445334055,15.0,42.8445334055,1.0
376,1,MS,40.2483235143,15.0,40.2483235143,1.0
377,1,MS,37.7752371339,15.0,37.7752371339,1.0
378,1,MS,35.4734935303,15.0,35.4734935303,1.0
379,1,MS,33.2823013547,15.0,33.2823013547,1.0
380,1,MS,31.2444694624,15.0,31.2444694624,1.0
381,1,MS,29.306212852,15.0,29.306212852,1.0
382,1,MS,27.5047980167,15.0,27.5047980167,1.0
383,1,MS,25.7921497096,15.0,25.7921497096,1.0
384,1,MS,24.2007778189,15.0,24.2007778189,1.0
385,1,MS,22.6878250234,15.0,22.6878250234,1.0
386,1,MS,21.2823582231,15.0,21.2823582231,1.0
387,1,MS,19.946720548,15.0,19.946720548,1.0
388,1,MS,18.7065329246,15.0,18.7065329246,1.0
389,1,MS,17.5284293091,15.0,17.5284293091,1.0
390,1,MS,16.4348814619,15.0,16.4348814619,1.0
391,1,MS,15.3962415443,15.0,15.3962415443,1.0
392,1,MS,14.4323755445,15.0,14.4323755445,1.0
393,1,MS,13.5170625402,15.0,13.5170625402,1.0
394,1,MS,12.6678783444,15.0,12.6678783444,1.0
395,1,MS,11.8616578406,15.0,11.8616578406,1.0
396,1,MS,11.1139179038,15.0,11.1139179038,1.0
397,1,MS,10.4041796015,15.0,10.4041796015,1.0
398,1,MS,9.74614218731,15.0,9.74614218731,1.0
399,1,MS,9.1217129379,15.0,9.1217129379,1.0
400,1,MS,8.54299539986,15.0,8.54299539986,1.0
401,1,MS,7.99402628556,15.0,7.99402628556,1.0
402,1,MS,7.48550195655,15.0,7.48550195655,1.0
403,1,MS,7.00334921515,15.0,7.00334921515,1.0
404,1,MS,6.55697893116,15.0,6.55697893116,1.0
405,1,MS,6.13395954188,15.0,6.13395954188,1.0
406,1,MS,5.74256485543,15.0,5.74256485543,1.0
407,1,MS,5.37181419916,15.0,5.37181419916,1.0
408,1,MS,5.0289947668,15.0,5.0289947668,1.0
409,1,MS,4.70442092547,15.0,4.70442092547,1.0
410,1,MS,4.4044637128,15.0,4.4044637128,1.0
411,1,MS,4.12054562153,15.0,4.12054562153,1.0
412,1,MS,3.8582706538,15.0,3.8582706538,1.0
413,1,MS,3.6100658105,15.0,3.6100658105,1.0
414,1,MS,3.38084880803,15.0,3.38084880803,1.0
415,1,MS,3.16391441292,15.0,3.16391441292,1.0
416,1,MS,2.96361943131,15.0,2.96361943131,1.0
417,1,MS,2.77404853833,15.0,2.77404853833,1.0
418,1,MS,2.59905174718,15.0,2.59905174718,1.0
419,1,MS,2.43340146048,15.0,2.43340146048,1.0
420,1,MS,2.28050733837,15.0,2.28050733837,1.0
421,1,MS,2.13575440641,15.0,2.13575440641,1.0
422,1,MS,2.00217033756,15.0,2.00217033756,1.0
423,1,MS,1.87568396928,15.0,1.87568396928,1.0
424,1,MS,1.75899750083,15.0,1.75899750083,1.0
425,1,MS,1.64852796468,15.0,1.64852796468,1.0
426,1,MS,1.54667291527,15.0,1.54667291527,1.0
427,1,MS,1.45026710746,15.0,1.45026710746,1.0
428,1,MS,1.36143050969,15.0,1.36143050969,1.0
429,1,MS,1.27735674928,15.0,1.27735674928,1.0
430,1,MS,1.19992847883,15.0,1.19992847883,1.0
431,1,MS,1.126658787,15.0,1.126658787,1.0
432,1,MS,1.05922563446,15.0,1.05922563446,1.0
433,1,MS,0.995424865966,15.0,0.995424865966,1.0
434,1,MS,0.936750318517,15.0,0.936750318517,1.0
435,1,MS,0.881241625044,15.0,0.881241625044,1.0
436,1,MS,0.830231887602,15.0,0.830231887602,1.0
437,1,MS,0.781973935376,15.0,0.781973935376,1.0
438,1,MS,0.737652653712,15.0,0.737652653712,1.0
439,1,MS,0.695699512563,15.0,0.695699512563,1.0
440,1,MS,0.657187085158,15.0,0.657187085158,1.0
441,1,MS,0.620713990416,15.0,0.620713990416,1.0
442,1,MS,0.587247730831,15.0,0.587247730831,1.0
443,1,MS,0.555528368959,15.0,0.555528368959,1.0
444,1,MS,0.526432083259,15.0,0.526432083259,1.0
445,1,MS,0.498824847736,15.0,0.498824847736,1.0
446,1,MS,0.473506179532,15.0,0.473506179532,1.0
447,1,MS,0.449455414928,15.0,0.449455414928,1.0
448,1,MS,0.427406012706,15.0,0.427406012706,1.0
449,1,MS,0.406437834163,15.0,0.406437834163,1.0
450,1,MS,0.387227859758,15.0,0.387227859758,1.0
451,1,MS,0.368945377943,15.0,0.368945377943,1.0
452,1,MS,0.352217108405,15.0,0.352217108405,1.0
453,1,MS,0.33628963069,15.0,0.33628963069,1.0
454,1,MS,0.32174183531,15.0,0.32174183531,1.0
455,1,MS,0.307884555812,15.0,0.307884555812,1.0
456,1,MS,0.295253028002,15.0,0.295253028002,1.0
457,1,MS,0.283212686033,15.0,0.283212686033,1.0
458,1,MS,0.272263684883,15.0,0.272263684883,1.0
459,1,MS,0.261821156233,15.0,0.261821156233,1.0
460,1,MS,0.252354042534,15.0,0.252354042534,1.0
461,1,MS,0.243319717699,15.0,0.243319717699,1.0
462,1,MS,0.235159196304,15.0,0.235159196304,1.0
463,1,MS,0.227365182356,15.0,0.227365182356,1.0
464,1,MS,0.22035554691,15.0,0.22035554691,1.0
465,1,MS,0.213653353301,15.0,0.213653353301,1.0
466,1,MS,0.207656627542,15.0,0.207656627542,1.0
467,1,MS,0.201913838386,15.0,0.201913838386,1.0
468,1,MS,0.196803927877,15.0,0.196803927877,1.0
469,1,MS,0.191894401729,15.0,0.191894401729,1.0
470,1,MS,0.187547974379,15.0,0.187547974379,1.0
471,1,MS,0.183350340242,15.0,0.183350340242,1.0
472,1,MS,0.179653747646,15.0,0.179653747646,1.0
473,1,MS,0.176064014711,15.0,0.176064014711,1.0
474,1,MS,0.17292807885,15.0,0.17292807885,1.0
475,1,MS,0.169869491165,15.0,0.169869491165,1.0
476,1,MS,0.167229123424,15.0,0.167229123424,1.0
477,1,MS,0.164644096533,15.0,0.164644096533,1.0
478,1,MS,0.162449952151,15.0,0.162449952151,1.0
479,1,MS,0.160294909391,15.0,0.160294909391,1.0
480,1,MS,0.158510425231,15.0,0.158510425231,1.0
481,1,MS,0.156753714731,15.0,0.156753714731,1.0
482,1,MS,0.155352308319,15.0,0.155352308319,1.0
483,1,MS,0.153969892678,15.0,0.153969892678,1.0
484,1,MS,0.152931155935,15.0,0.152931155935,1.0
485,1,MS,0.151904617952,15.0,0.151904617952,1.0
486,1,MS,0.151212515414,15.0,0.151212515414,1.0
487,1,MS,0.150525389964,15.0,0.150525389964,1.0
488,1,MS,0.150162423124,15.0,0.150162423124,1.0
489,1,MS,0.149792771284,15.0,0.149792771284,1.0
490,1,MS,0.149731297131,15.0,0.149731297131,1.0
491,1,MS,0.149643584549,15.0,0.149643584549,1.0
492,1,MS,0.149841006574,15.0,0.149841006574,1.0
493,1,MS,0.149988635932,15.0,0.149988635932,1.0
494,1,MS,0.150401702812,15.0,0.150401702812,1.0
495,1,MS,0.150746343337,15.0,0.150746343337,1.0
496,1,MS,0.151338052027,15.0,0.151338052027,1.0
497,1,MS,0.15184141286,15.0,0.15184141286,1.0
498,1,MS,0.152576433886,15.0,0.152576433886,1.0
499,1,MS,0.153210526903,15.0,0.153210526903,1.0
500,1,MS,0.154071168373,15.0,0.154071168373,1.0
501,1,MS,0.154828956253,15.0,0.154828956253,1.0
502,1,MS,0.155817943105,15.0,0.155817943105,1.0
503,1,MS,0.156709952923,15.0,0.156709952923,1.0
504,1,MS,0.157843633235,15.0,0.157843633235,1.0
505,1,MS,0.158890399832,15.0,0.158890399832,1.0
506,1,MS,0.160191739335,15.0,0.160191739335,1.0
507,1,MS,0.161417918867,15.0,0.161417918867,1.0
508,1,MS,0.162912039072,15.0,0.162912039072,1.0
509,1,MS,0.164343132777,15.0,0.164343132777,1.0
510,1,MS,0.166054641531,15.0,0.166054641531,1.0
511,1,MS,0.167714024081,15.0,0.167714024081,1.0
512,1,MS,0.169662185181,15.0,0.169662185181,1.0
513,1,MS,0.171562238082,15.0,0.171562238082,1.0
514,1,MS,0.173746414961,15.0,0.173746414961,1.0
515,1,MS,0.175871020601,15.0,0.175871020601,1.0
516,1,MS,0.178261519649,15.0,0.178261519649,1.0
517,1,MS,0.180570643278,15.0,0.180570643278,1.0
518,1,MS,0.183117874689,15.0,0.183117874689,1.0
519,1,MS,0.18555319265,15.0,0.18555319265,1.0
520,1,MS,0.18819708118,15.0,0.18819708118,1.0
521,1,MS,0.190700881831,15.0,0.190700881831,1.0
522,1,MS,0.193391392206,15.0,0.193391392206,1.0
523,1,MS,0.195924540195,15.0,0.195924540195,1.0
524,1,MS,0.198640942047,15.0,0.198640942047,1.0
525,1,MS,0.201202974188,15.0,0.201202974188,1.0
526,1,MS,0.203961394869,15.0,0.203961394869,1.0
527,1,MS,0.206580861175,15.0,0.206580861175,1.0
528,1,MS,0.209416527199,15.0,0.209416527199,1.0
529,1,MS,0.212133734379,15.0,0.212133734379,1.0
530,1,MS,0.215088015799,15.0,0.215088015799,1.0
531,1,MS,0.217946207915,15.0,0.217946207915,1.0
532,1,MS,0.221060102425,15.0,0.221060102425,1.0
533,1,MS,0.224098616971,15.0,0.224098616971,1.0
534,1,MS,0.227404797083,15.0,0.227404797083,1.0
535,1,MS,0.230646397445,15.0,0.230646397445,1.0
536,1,MS,0.234145483259,15.0,0.234145483259,1.0
537,1,MS,0.237557746005,15.0,0.237557746005,1.0
538,1,MS,0.241177428042,15.0,0.241177428042,1.0
539,1,MS,0.244646275006,15.0,0.244646275006,1.0
540,1,MS,0.248247832839,15.0,0.248247832839,1.0
541,1,MS,0.251618497643,15.0,0.251618497643,1.0
542,1,MS,0.255056521363,15.0,0.255056521363,1.0
543,1,MS,0.258201073178,15.0,0.258201073178,1.0
544,1,MS,0.261387895721,15.0,0.261387895721,1.0
545,1,MS,0.264257619373,15.0,0.264257619373,1.0
546,1,MS,0.267177432679,15.0,0.267177432679,1.0
547,1,MS,0.269781263092,15.0,0.269781263092,1.0
548,1,MS,0.272464633048,15.0,0.272464633048,1.0
549,1,MS,0.274855073822,15.0,0.274855073822,1.0
550,1,MS,0.277369331363,15.0,0.277369331363,1.0
551,1,MS,0.279627870845,15.0,0.279627870845,1.0
552,1,MS,0.282059205414,15.0,0.282059205414,1.0
553,1,MS,0.284277422612,15.0,0.284277422612,1.0
554,1,MS,0.28671491051,15.0,0.28671491051,1.0
555,1,MS,0.288982137661,15.0,0.288982137661,1.0
556,1,MS,0.29150873289,15.0,0.29150873289,1.0
557,1,MS,0.293904235578,15.0,0.293904235578,1.0
558,1,MS,0.296587821775,15.0,0.296587821775,1.0
559,1,MS,0.299164826128,15.0,0.299164826128,1.0
560,1,MS,0.302026694616,15.0,0.302026694616,1.0
561,1,MS,0.304761195195,15.0,0.304761195195,1.0
562,1,MS,0.30772501075,15.0,0.30772501075,1.0
563,1,MS,0.310488577518,15.0,0.310488577518,1.0
564,1,MS,0.313397210568,15.0,0.313397210568,1.0
565,1,MS,0.316014058402,15.0,0.316014058402,1.0
566,1,MS,0.318700900351,15.0,0.318700900351,1.0
567,1,MS,0.321019352925,15.0,0.321019352925,1.0
568,1,MS,0.32337156725,15.0,0.32337156725,1.0
569,1,MS,0.325317660187,15.0,0.325317660187,1.0
570,1,MS,0.327301495504,15.0,0.327301495504,1.0
571,1,MS,0.328876155808,15.0,0.328876155808,1.0
572,1,MS,0.330522942153,15.0,0.330522942153,1.0
573,1,MS,0.331787115974,15.0,0.331787115974,1.0
574,1,MS,0.333178709675,15.0,0.333178709675,1.0
575,1,MS,0.334234604683,15.0,0.334234604683,1.0
576,1,MS,0.335480725261,15.0,0.335480725261,1.0
577,1,MS,0.336445891096,15.0,0.336445891096,1.0
578,1,MS,0.33766148717,15.0,0.33766148717,1.0
579,1,MS,0.338651649215,15.0,0.338651649215,1.0
580,1,MS,0.339945014565,15.0,0.339945014565,1.0
581,1,MS,0.341064613204,15.0,0.341064613204,1.0
582,1,MS,0.342527708157,15.0,0.342527708157,1.0
583,1,MS,0.343854527136,15.0,0.343854527136,1.0
584,1,MS,0.34553402452,15.0,0.34553402452,1.0
585,1,MS,0.347070574902,15.0,0.347070574902,1.0
586,1,MS,0.34891067372,15.0,0.34891067372,1.0
587,1,MS,0.350537825752,15.0,0.350537825752,1.0
588,1,MS,0.352376557417,15.0,0.352376557417,1.0
589,1,MS,0.353905345816,15.0,0.353905345816,1.0
590,1,MS,0.355564326408,15.0,0.355564326408,1.0
591,1,MS,0.356833852848,15.0,0.356833852848,1.0
592,1,MS,0.358184894235,15.0,0.358184894235,1.0
593,1,MS,0.359098184493,15.0,0.359098184493,1.0
594,1,MS,0.360088955692,15.0,0.360088955692,1.0
595,1,MS,0.360638306478,15.0,0.360638306478,1.0
596,1,MS,0.361298799852,15.0,0.361298799852,1.0
597,1,MS,0.361546274638,15.0,0.361546274638,1.0
598,1,MS,0.361959158173,15.0,0.361959158173,1.0
599,1,MS,0.362005569278,15.0,0.362005569278,1.0
600,1,MS,0.362275723227,15.0,0.362275723227,1.0
601,1,MS,0.362228543439,15.0,0.362228543439,1.0
602,1,MS,0.362455214319,15.0,0.362455214319,1.0
603,1,MS,0.362406977885,15.0,0.362406977885,1.0
604,1,MS,0.362669170523,15.0,0.362669170523,1.0
605,1,MS,0.362688683565,15.0,0.362688683565,1.0
606,1,MS,0.363041965812,15.0,0.363041965812,1.0
607,1,MS,0.363171962649,15.0,0.363171962649,1.0
608,1,MS,0.363634213045,15.0,0.363634213045,1.0
609,1,MS,0.363855268791,15.0,0.363855268791,1.0
610,1,MS,0.364361562398,15.0,0.364361562398,1.0
611,1,MS,0.364561204346,15.0,0.364561204346,1.0
612,1,MS,0.364969596667,15.0,0.364969596667,1.0
613,1,MS,0.364987737094,15.0,0.364987737094,1.0
614,1,MS,0.365145834959,15.0,0.365145834959,1.0
615,1,MS,0.364844510544,15.0,0.364844510544,1.0
616,1,MS,0.364644179667,15.0,0.364644179667,1.0
617,1,MS,0.363946371238,15.0,0.363946371238,1.0
618,1,MS,0.36334672436,15.0,0.36334672436,1.0
619,1,MS,0.362247785438,15.0,0.362247785438,1.0
620,1,MS,0.361281150979,15.0,0.361281150979,1.0
621,1,MS,0.359852824148,15.0,0.359852824148,1.0
622,1,MS,0.358618184856,15.0,0.358618184856,1.0
623,1,MS,0.356981855214,15.0,0.356981855214,1.0
624,1,MS,0.355607643568,15.0,0.355607643568,1.0
625,1,MS,0.35389737919,15.0,0.35389737919,1.0
626,1,MS,0.352513130234,15.0,0.352513130234,1.0
627,1,MS,0.350856249713,15.0,0.350856249713,1.0
628,1,MS,0.349579987404,15.0,0.349579987404,1.0
629,1,MS,0.348087798573,15.0,0.348087798573,1.0
630,1,MS,0.3470181001,15.0,0.3470181001,1.0
631,1,MS,0.345775151076,15.0,0.345775151076,1.0
632,1,MS,0.344969783008,15.0,0.344969783008,1.0
633,1,MS,0.343997588766,15.0,0.343997588766,1.0
634,1,MS,0.343433089718,15.0,0.343433089718,1.0
635,1,MS,0.34266764671,15.0,0.34266764671,1.0
636,1,MS,0.342262033985,15.0,0.342262033985,1.0
637,1,MS,0.341615048689,15.0,0.341615048689,1.0
638,1,MS,0.341285864909,15.0,0.341285864909,1.0
639,1,MS,0.340690667033,15.0,0.340690667033,1.0
640,1,MS,0.340401470015,15.0,0.340401470015,1.0
641,1,MS,0.339849202116,15.0,0.339849202116,1.0
642,1,MS,0.339607944395,15.0,0.339607944395,1.0
643,1,MS,0.339113981073,15.0,0.339113981073,1.0
644,1,MS,0.338941346876,15.0,0.338941346876,1.0
645,1,MS,0.33853453762,15.0,0.33853453762,1.0
646,1,MS,0.338469274244,15.0,0.338469274244,1.0
647,1,MS,0.338200741824,15.0,0.338200741824,1.0
648,1,MS,0.338300208614,15.0,0.338300208614,1.0
649,1,MS,0.338230243979,15.0,0.338230243979,1.0
650,1,MS,0.338551289172,15.0,0.338551289172,1.0
651,1,MS,0.338733234515,15.0,0.338733234515,1.0
652,1,MS,0.339321753964,15.0,0.339321753964,1.0
653,1,MS,0.339794929608,15.0,0.339794929608,1.0
654,1,MS,0.340678857948,15.0,0.340678857948,1.0
655,1,MS,0.341452945864,15.0,0.341452945864,1.0
656,1,MS,0.342612453728,15.0,0.342612453728,1.0
657,1,MS,0.343630656868,15.0,0.343630656868,1.0
658,1,MS,0.344969714751,15.0,0.344969714751,1.0
659,1,MS,0.346100256611,15.0,0.346100256611,1.0
660,1,MS,0.347486127121,15.0,0.347486127121,1.0
661,1,MS,0.348615643331,15.0,0.348615643331,1.0
662,1,MS,0.349972866413,15.0,0.349972866413,1.0
663,1,MS,0.351058466763,15.0,0.351058466763,1.0
664,1,MS,0.352362848588,15.0,0.352362848588,1.0
665,1,MS,0.353385729049,15.0,0.353385729049,1.0
666,1,MS,0.354630769697,15.0,0.354630769697,1.0
667,1,MS,0.355603608128,15.0,0.355603608128,1.0
668,1,MS,0.356817729851,15.0,0.356817729851,1.0
669,1,MS,0.357780682434,15.0,0.357780682434,1.0
670,1,MS,0.359010561981,15.0,0.359010561981,1.0
671,1,MS,0.360014589339,15.0,0.360014589339,1.0
672,1,MS,0.36130840778,15.0,0.36130840778,1.0
673,1,MS,0.362400879022,15.0,0.362400879022,1.0
674,1,MS,0.363802242797,15.0,0.363802242797,1.0
675,1,MS,0.36502494398,15.0,0.36502494398,1.0
676,1,MS,0.366571488431,15.0,0.366571488431,1.0
677,1,MS,0.367959980353,15.0,0.367959980353,1.0
678,1,MS,0.369681683337,15.0,0.369681683337,1.0
679,1,MS,0.371258593438,15.0,0.371258593438,1.0
680,1,MS,0.373163577183,15.0,0.373163577183,1.0
681,1,MS,0.374917039171,15.0,0.374917039171,1.0
682,1,MS,0.376975869424,15.0,0.376975869424,1.0
683,1,MS,0.378866200765,15.0,0.378866200765,1.0
684,1,MS,0.381032209483,15.0,0.381032209483,1.0
685,1,MS,0.382995139365,15.0,0.382995139365,1.0
686,1,MS,0.385186495571,15.0,0.385186495571,1.0
687,1,MS,0.387126903164,15.0,0.387126903164,1.0
688,1,MS,0.389255841449,15.0,0.389255841449,1.0
689,1,MS,0.391099953939,15.0,0.391099953939,1.0
690,1,MS,0.393119325744,15.0,0.393119325744,1.0
691,1,MS,0.394844355358,15.0,0.394844355358,1.0
692,1,MS,0.396751752009,15.0,0.396751752009,1.0
693,1,MS,0.398373385304,15.0,0.398373385304,1.0
694,1,MS,0.400204820231,15.0,0.400204820231,1.0
695,1,MS,0.401779754696,15.0,0.401779754696,1.0
696,1,MS,0.403600735932,15.0,0.403600735932,1.0
697,1,MS,0.405200419804,15.0,0.405200419804,1.0
698,1,MS,0.407078383896,15.0,0.407078383896,1.0
699,1,MS,0.408764930217,15.0,0.408764930217,1.0
700,1,MS,0.41075162846,15.0,0.41075162846,1.0
701,1,MS,0.412572555368,15.0,0.412572555368,1.0
702,1,MS,0.414707040941,15.0,0.414707040941,1.0
703,1,MS,0.416686713608,15.0,0.416686713608,1.0
704,1,MS,0.418962759746,15.0,0.418962759746,1.0
705,1,MS,0.421051194921,15.0,0.421051194921,1.0
706,1,MS,0.423372925464,15.0,0.423372925464,1.0
707,1,MS,0.425427566741,15.0,0.425427566741,1.0
708,1,MS,0.427628753296,15.0,0.427628753296,1.0
709,1,MS,0.429464472941,15.0,0.429464472941,1.0
710,1,MS,0.43137320332,15.0,0.43137320332,1.0
711,1,MS,0.432842494964,15.0,0.432842494964,1.0
712,1,MS,0.434352384475,15.0,0.434352384475,1.0
713,1,MS,0.435380967337,15.0,0.435380967337,1.0
714,1,MS,0.43645486004,15.0,0.43645486004,1.0
715,1,MS,0.437048317102,15.0,0.437048317102,1.0
716,1,MS,0.437738341009,15.0,0.437738341009,1.0
717,1,MS,0.437998082487,15.0,0.437998082487,1.0
718,1,MS,0.438438263337,15.0,0.438438263337,1.0
719,1,MS,0.438525682501,15.0,0.438525682501,1.0
720,1,MS,0.438880751805,15.0,0.438880751805,1.0
721,1,MS,0.438960981866,15.0,0.438960981866,1.0
722,1,MS,0.439379858772,15.0,0.439379858772,1.0
723,1,MS,0.439587878799,15.0,0.439587878799,1.0
724,1,MS,0.440181361534,15.0,0.440181361534,1.0
725,1,MS,0.440610763241,15.0,0.440610763241,1.0
726,1,MS,0.441449961003,15.0,0.441449961003,1.0
727,1,MS,0.442148366863,15.0,0.442148366863,1.0
728,1,MS,0.443243431309,15.0,0.443243431309,1.0
729,1,MS,0.444174483277,15.0,0.444174483277,1.0
730,1,MS,0.445442586134,15.0,0.445442586134,1.0
731,1,MS,0.446480954124,15.0,0.446480954124,1.0
732,1,MS,0.447777258358,15.0,0.447777258358,1.0
733,1,MS,0.448766874078,15.0,0.448766874078,1.0
734,1,MS,0.449948432999,15.0,0.449948432999,1.0
735,1,MS,0.450763998986,15.0,0.450763998986,1.0
736,1,MS,0.45173928293,15.0,0.45173928293,1.0
737,1,MS,0.452323986687,15.0,0.452323986687,1.0
738,1,MS,0.453081834468,15.0,0.453081834468,1.0
739,1,MS,0.453470652444,15.0,0.453470652444,1.0
740,1,MS,0.454083558041,15.0,0.454083558041,1.0
741,1,MS,0.454383769546,15.0,0.454383769546,1.0
742,1,MS,0.454976965416,15.0,0.454976965416,1.0
743,1,MS,0.455327006391,15.0,0.455327006391,1.0
744,1,MS,0.456032855447,15.0,0.456032855447,1.0
745,1,MS,0.456556232769,15.0,0.456556232769,1.0
746,1,MS,0.457477744385,15.0,0.457477744385,1.0
747,1,MS,0.458263806712,15.0,0.458263806712,1.0
748,1,MS,0.459471497285,15.0,0.459471497285,1.0
749,1,MS,0.460573817201,15.0,0.460573817201,1.0
750,1,MS,0.46210036502,15.0,0.46210036502,1.0
751,1,MS,0.463532189,15.0,0.463532189,1.0
752,1,MS,0.46535947736,15.0,0.46535947736,1.0
753,1,MS,0.46705642003,15.0,0.46705642003,1.0
754,1,MS,0.469074638861,15.0,0.469074638861,1.0
755,1,MS,0.470886324461,15.0,0.470886324461,1.0
756,1,MS,0.472931216164,15.0,0.472931216164,1.0
757,1,MS,0.474685798328,15.0,0.474685798328,1.0
758,1,MS,0.476603014535,15.0,0.476603014535,1.0
759,1,MS,0.478163392305,15.0,0.478163392305,1.0
760,1,MS,0.479849643989,15.0,0.479849643989,1.0
761,1,MS,0.481147479562,15.0,0.481147479562,1.0
762,1,MS,0.482579713204,15.0,0.482579713204,1.0
763,1,MS,0.483637219136,15.0,0.483637219136,1.0
764,1,MS,0.484880634313,15.0,0.484880634313,1.0
765,1,MS,0.485806578991,15.0,0.485806578991,1.0
766,1,MS,0.486994557854,15.0,0.486994557854,1.0
767,1,MS,0.487938960965,15.0,0.487938960965,1.0
768,1,MS,0.489214971589,15.0,0.489214971589,1.0
769,1,MS,0.490315775212,15.0,0.490315775212,1.0
770,1,MS,0.491797165464,15.0,0.491797165464,1.0
771,1,MS,0.49315268753,15.0,0.49315268753,1.0
772,1,MS,0.49491100143,15.0,0.49491100143,1.0
773,1,MS,0.49657188352,15.0,0.49657188352,1.0
774,1,MS,0.498635224042,15.0,0.498635224042,1.0
775,1,MS,0.500609508662,15.0,0.500609508662,1.0
776,1,MS,0.50295607423,15.0,0.50295607423,1.0
777,1,MS,0.5051805217,15.0,0.5051805217,1.0
778,1,MS,0.507706565555,15.0,0.507706565555,1.0
779,1,MS,0.510037025771,15.0,0.510037025771,1.0
780,1,MS,0.512581843752,15.0,0.512581843752,1.0
781,1,MS,0.514847255148,15.0,0.514847255148,1.0
782,1,MS,0.517265576485,15.0,0.517265576485,1.0
783,1,MS,0.519354779665,15.0,0.519354779665,1.0
784,1,MS,0.521571714259,15.0,0.521571714259,1.0
785,1,MS,0.523428460229,15.0,0.523428460229,1.0
786,1,MS,0.525412785745,15.0,0.525412785745,1.0
787,1,MS,0.527040388633,15.0,0.527040388633,1.0
788,1,MS,0.528840502807,15.0,0.528840502807,1.0
789,1,MS,0.530337749578,15.0,0.530337749578,1.0
790,1,MS,0.532085475086,15.0,0.532085475086,1.0
791,1,MS,0.533608372389,15.0,0.533608372389,1.0
792,1,MS,0.535452595794,15.0,0.535452595794,1.0
793,1,MS,0.537136193202,15.0,0.537136193202,1.0
794,1,MS,0.539183043658,15.0,0.539183043658,1.0
795,1,MS,0.541115724011,15.0,0.541115724011,1.0
796,1,MS,0.54343182476,15.0,0.54343182476,1.0
797,1,MS,0.545662499641,15.0,0.545662499641,1.0
798,1,MS,0.548275012375,15.0,0.548275012375,1.0
799,1,MS,0.550811628137,15.0,0.550811628137,1.0
800,1,MS,0.553706476068,15.0,0.553706476068,1.0
801,1,MS,0.556509641344,15.0,0.556509641344,1.0
802,1,MS,0.559625940291,15.0,0.559625940291,1.0
803,1,MS,0.56261578686,15.0,0.56261578686,1.0
804,1,MS,0.565865699884,15.0,0.565865699884,1.0
805,1,MS,0.568941150476,15.0,0.568941150476,1.0
806,1,MS,0.572213215877,15.0,0.572213215877,1.0
807,1,MS,0.575248498329,15.0,0.575248498329,1.0
808,1,MS,0.578435655117,15.0,0.578435655117,1.0
809,1,MS,0.581350083495,15.0,0.581350083495,1.0
810,1,MS,0.584403555154,15.0,0.584403555154,1.0
811,1,MS,0.587179425647,15.0,0.587179425647,1.0
812,1,MS,0.590127919105,15.0,0.590127919105,1.0
813,1,MS,0.592845867727,15.0,0.592845867727,1.0
814,1,MS,0.595797484658,15.0,0.595797484658,1.0
815,1,MS,0.5985755201,15.0,0.5985755201,1.0
816,1,MS,0.601633535874,15.0,0.601633535874,1.0
817,1,MS,0.604565532325,15.0,0.604565532325,1.0
818,1,MS,0.607804305852,15.0,0.607804305852,1.0
819,1,MS,0.610947647682,15.0,0.610947647682,1.0
820,1,MS,0.614404162448,15.0,0.614404162448,1.0
821,1,MS,0.61778330379,15.0,0.61778330379,1.0
822,1,MS,0.621468752618,15.0,0.621468752618,1.0
823,1,MS,0.625077646297,15.0,0.625077646297,1.0
824,1,MS,0.628958242418,15.0,0.628958242418,1.0
825,1,MS,0.632725927383,15.0,0.632725927383,1.0
826,1,MS,0.636698325207,15.0,0.636698325207,1.0
827,1,MS,0.640485905896,15.0,0.640485905896,1.0
828,1,MS,0.644399854228,15.0,0.644399854228,1.0
829,1,MS,0.648047328529,15.0,0.648047328529,1.0
830,1,MS,0.651763099002,15.0,0.651763099002,1.0
831,1,MS,0.655153557177,15.0,0.655153557177,1.0
832,1,MS,0.658592603515,15.0,0.658592603515,1.0
833,1,MS,0.661681027352,15.0,0.661681027352,1.0
834,1,MS,0.664836945314,15.0,0.664836945314,1.0
835,1,MS,0.667659833367,15.0,0.667659833367,1.0
836,1,MS,0.670617160087,15.0,0.670617160087,1.0
837,1,MS,0.673312372927,15.0,0.673312372927,1.0
838,1,MS,0.676232271499,15.0,0.676232271499,1.0
839,1,MS,0.678971342768,15.0,0.678971342768,1.0
840,1,MS,0.682000528942,15.0,0.682000528942,1.0
841,1,MS,0.684909021178,15.0,0.684909021178,1.0
842,1,MS,0.688141630718,15.0,0.688141630718,1.0
843,1,MS,0.69129256301,15.0,0.69129256301,1.0
844,1,MS,0.69477572965,15.0,0.69477572965,1.0
845,1,MS,0.698195262453,15.0,0.698195262453,1.0
846,1,MS,0.701936178042,15.0,0.701936178042,1.0
847,1,MS,0.705618510697,15.0,0.705618510697,1.0
848,1,MS,0.709595165958,15.0,0.709595165958,1.0
849,1,MS,0.713494766318,15.0,0.713494766318,1.0
850,1,MS,0.717637197709,15.0,0.717637197709,1.0
851,1,MS,0.721651007488,15.0,0.721651007488,1.0
852,1,MS,0.725833720578,15.0,0.725833720578,1.0
853,1,MS,0.729813540941,15.0,0.729813540941,1.0
854,1,MS,0.733896058063,15.0,0.733896058063,1.0
855,1,MS,0.737709881048,15.0,0.737709881048,1.0
856,1,MS,0.741589391104,15.0,0.741589391104,1.0
857,1,MS,0.745162629146,15.0,0.745162629146,1.0
858,1,MS,0.748809913512,15.0,0.748809913512,1.0
859,1,MS,0.752167454533,15.0,0.752167454533,1.0
860,1,MS,0.755660131522,15.0,0.755660131522,1.0
861,1,MS,0.758927016291,15.0,0.758927016291,1.0
862,1,MS,0.762409894405,15.0,0.762409894405,1.0
863,1,MS,0.765743436906,15.0,0.765743436906,1.0
864,1,MS,0.76935104302,15.0,0.76935104302,1.0
865,1,MS,0.772862429176,15.0,0.772862429176,1.0
866,1,MS,0.776671754763,15.0,0.776671754763,1.0
867,1,MS,0.780414863233,15.0,0.780414863233,1.0
868,1,MS,0.784457014891,15.0,0.784457014891,1.0
869,1,MS,0.788447482936,15.0,0.788447482936,1.0
870,1,MS,0.792723546197,15.0,0.792723546197,1.0
871,1,MS,0.796946514064,15.0,0.796946514064,1.0
872,1,MS,0.801418078257,15.0,0.801418078257,1.0
873,1,MS,0.80580529485,15.0,0.80580529485,1.0
874,1,MS,0.810388890966,15.0,0.810388890966,1.0
875,1,MS,0.81484455626,15.0,0.81484455626,1.0
876,1,MS,0.819445513808,15.0,0.819445513808,1.0
877,1,MS,0.823868668906,15.0,0.823868668906,1.0
878,1,MS,0.828391112421,15.0,0.828391112421,1.0
879,1,MS,0.832686297991,15.0,0.832686297991,1.0
880,1,MS,0.837052715186,15.0,0.837052715186,1.0
881,1,MS,0.841168515037,15.0,0.841168515037,1.0
882,1,MS,0.845376925658,15.0,0.845376925658,1.0
883,1,MS,0.849366046466,15.0,0.849366046466,1.0
884,1,MS,0.85350876919,15.0,0.85350876919,1.0
885,1,MS,0.857493775029,15.0,0.857493775029,1.0
886,1,MS,0.861690743534,15.0,0.861690743534,1.0
887,1,MS,0.865782216227,15.0,0.865782216227,1.0
888,1,MS,0.870116409841,15.0,0.870116409841,1.0
889,1,MS,0.874377954982,15.0,0.874377954982,1.0
890,1,MS,0.878891367172,15.0,0.878891367172,1.0
891,1,MS,0.883352895969,15.0,0.883352895969,1.0
892,1,MS,0.88806385611,15.0,0.88806385611,1.0
893,1,MS,0.892734918812,15.0,0.892734918812,1.0
894,1,MS,0.89764214397,15.0,0.89764214397,1.0
895,1,MS,0.902504434825,15.0,0.902504434825,1.0
896,1,MS,0.907561180952,15.0,0.907561180952,1.0
897,1,MS,0.912528784866,15.0,0.912528784866,1.0
898,1,MS,0.917627678581,15.0,0.917627678581,1.0
899,1,MS,0.922578787446,15.0,0.922578787446,1.0
900,1,MS,0.927610928542,15.0,0.927610928542,1.0
901,1,MS,0.93242408093,15.0,0.93242408093,1.0
902,1,MS,0.93716250388,15.0,0.93716250388,1.0
903,1,MS,0.941415982235,15.0,0.941415982235,1.0
904,1,MS,0.945407021694,15.0,0.945407021694,1.0
905,1,MS,0.948709530599,15.0,0.948709530599,1.0
906,1,MS,0.951689911921,15.0,0.951689911921,1.0
907,1,MS,0.953871846856,15.0,0.953871846856,1.0
908,1,MS,0.955747648053,15.0,0.955747648053,1.0
909,1,MS,0.956768875897,15.0,0.956768875897,1.0
910,1,MS,0.957544560048,15.0,0.957544560048,1.0
911,1,MS,0.957453435184,15.0,0.957453435184,1.0
912,1,MS,0.957202844983,15.0,0.957202844983,1.0
913,1,MS,0.956101532911,15.0,0.956101532911,1.0
914,1,MS,0.954935319181,15.0,0.954935319181,1.0
915,1,MS,0.95295129511,15.0,0.95295129511,1.0
916,1,MS,0.950995682614,15.0,0.950995682614,1.0
917,1,MS,0.948261242644,15.0,0.948261242644,1.0
918,1,MS,0.945638140753,15.0,0.945638140753,1.0
919,1,MS,0.942269655675,15.0,0.942269655675,1.0
920,1,MS,0.939070249364,15.0,0.939070249364,1.0
921,1,MS,0.935133447041,15.0,0.935133447041,1.0
922,1,MS,0.931390011226,15.0,0.931390011226,1.0
923,1,MS,0.92688776442,15.0,0.92688776442,1.0
924,1,MS,0.922567544106,15.0,0.922567544106,1.0
925,1,MS,0.917436562497,15.0,0.917436562497,1.0
926,1,MS,0.912470804374,15.0,0.912470804374,1.0
927,1,MS,0.906653895531,15.0,0.906653895531,1.0
928,1,MS,0.90099622495,15.0,0.90099622495,1.0
929,1,MS,0.894457906133,15.0,0.894457906133,1.0
930,1,MS,0.888088426611,15.0,0.888088426611,1.0
931,1,MS,0.880831849309,15.0,0.880831849309,1.0
932,1,MS,0.873779248479,15.0,0.873779248479,1.0
933,1,MS,0.865866407797,15.0,0.865866407797,1.0
934,1,MS,0.858215158832,15.0,0.858215158832,1.0
935,1,MS,0.849752850135,15.0,0.849752850135,1.0
936,1,MS,0.841617176792,15.0,0.841617176792,1.0
937,1,MS,0.832727999727,15.0,0.832727999727,1.0
938,1,MS,0.824227548728,15.0,0.824227548728,1.0
939,1,MS,0.815032505569,15.0,0.815032505569,1.0
940,1,MS,0.806281685982,15.0,0.806281685982,1.0
941,1,MS,0.796893430634,15.0,0.796893430634,1.0
942,1,MS,0.787997017616,15.0,0.787997017616,1.0
943,1,MS,0.778514686902,15.0,0.778514686902,1.0
944,1,MS,0.769555122623,15.0,0.769555122623,1.0
945,1,MS,0.760041799005,15.0,0.760041799005,1.0
946,1,MS,0.751061575807,15.0,0.751061575807,1.0
947,1,MS,0.741546897385,15.0,0.741546897385,1.0
948,1,MS,0.732566185786,15.0,0.732566185786,1.0
949,1,MS,0.723064655392,15.0,0.723064655392,1.0
950,1,MS,0.714090814139,15.0,0.714090814139,1.0
951,1,MS,0.704602885848,15.0,0.704602885848,1.0
952,1,MS,0.695631472127,15.0,0.695631472127,1.0
953,1,MS,0.686152915184,15.0,0.686152915184,1.0
954,1,MS,0.677184981643,15.0,0.677184981643,1.0
955,1,MS,0.667726170891,15.0,0.667726170891,1.0
956,1,MS,0.658781041382,15.0,0.658781041382,1.0
957,1,MS,0.649370672845,15.0,0.649370672845,1.0
958,1,MS,0.640484857706,15.0,0.640484857706,1.0
959,1,MS,0.631167001082,15.0,0.631167001082,1.0
960,1,MS,0.622387848725,15.0,0.622387848725,1.0
961,1,MS,0.613211597915,15.0,0.613211597915,1.0
962,1,MS,0.604587035402,15.0,0.604587035402,1.0
963,1,MS,0.595599098911,15.0,0.595599098911,1.0
964,1,MS,0.587173086665,15.0,0.587173086665,1.0
965,1,MS,0.578414862042,15.0,0.578414862042,1.0
966,1,MS,0.570224370571,15.0,0.570224370571,1.0
967,1,MS,0.56172666529,15.0,0.56172666529,1.0
968,1,MS,0.553794900737,15.0,0.553794900737,1.0
969,1,MS,0.545572145478,15.0,0.545572145478,1.0
970,1,MS,0.537903093677,15.0,0.537903093677,1.0
971,1,MS,0.529948062514,15.0,0.529948062514,1.0
972,1,MS,0.522525661094,15.0,0.522525661094,1.0
973,1,MS,0.514815426847,15.0,0.514815426847,1.0
974,1,MS,0.50761366725,15.0,0.50761366725,1.0
975,1,MS,0.500121038526,15.0,0.500121038526,1.0
976,1,MS,0.49311455588,15.0,0.49311455588,1.0
977,1,MS,0.485816926972,15.0,0.485816926972,1.0
978,1,MS,0.478987699733,15.0,0.478987699733,1.0
979,1,MS,0.47187227356,15.0,0.47187227356,1.0
980,1,MS,0.465214456516,15.0,0.465214456516,1.0
981,1,MS,0.458282603912,15.0,0.458282603912,1.0
982,1,MS,0.451804577808,15.0,0.451804577808,1.0
983,1,MS,0.445070054365,15.0,0.445070054365,1.0
984,1,MS,0.438788800357,15.0,0.438788800357,1.0
985,1,MS,0.43226969512,15.0,0.43226969512,1.0
986,1,MS,0.426203415523,15.0,0.426203415523,1.0
987,1,MS,0.41991712377,15.0,0.41991712377,1.0
988,1,MS,0.414082274,15.0,0.414082274,1.0
989,1,MS,0.408043687062,15.0,0.408043687062,1.0
990,1,MS,0.402453732574,15.0,0.402453732574,1.0
991,1,MS,0.396673784613,15.0,0.396673784613,1.0
992,1,MS,0.39133582489,15.0,0.39133582489,1.0
993,1,MS,0.3858152745,15.0,0.3858152745,1.0
994,1,MS,0.380724481559,15.0,0.380724481559,1.0
995,1,MS,0.375453469983,15.0,0.375453469983,1.0
996,1,MS,0.370596309995,15.0,0.370596309995,1.0
997,1,MS,0.36555765831,15.0,0.36555765831,1.0
998,1,MS,0.360915414294,15.0,0.360915414294,1.0
999,1,MS,0.356089499214,15.0,0.356089499214,1.0
1000,1,MS,0.35164340598,15.0,0.35164340598,1.0
1001,1,MS,0.347012491407,15.0,0.347012491407,1.0
1002,1,MS,0.342747203105,15.0,0.342747203105,1.0
1003,1,MS,0.338298468589,15.0,0.338298468589,1.0
1004,1,MS,0.334204967092,15.0,0.334204967092,1.0
1005,1,MS,0.329933019543,15.0,0.329933019543,1.0
1006,1,MS,0.326009813726,15.0,0.326009813726,1.0
1007,1,MS,0.321915877429,15.0,0.321915877429,1.0
1008,1,MS,0.318166216532,15.0,0.318166216532,1.0
1009,1,MS,0.314254117644,15.0,0.314254117644,1.0
1010,1,MS,0.310682270029,15.0,0.310682270029,1.0
1011,1,MS,0.306955891779,15.0,0.306955891779,1.0
1012,1,MS,0.303565637268,15.0,0.303565637268,1.0
1013,1,MS,0.30002801832,15.0,0.30002801832,1.0
1014,1,MS,0.296822064389,15.0,0.296822064389,1.0
1015,1,MS,0.293474796768,15.0,0.293474796768,1.0
1016,1,MS,0.290453628701,15.0,0.290453628701,1.0
1017,1,MS,0.287294792828,15.0,0.287294792828,1.0
1018,1,MS,0.284453811164,15.0,0.284453811164,1.0
1019,1,MS,0.281475121873,15.0,0.281475121873,1.0
1020,1,MS,0.278803292488,15.0,0.278803292488,1.0
1021,1,MS,0.275991222649,15.0,0.275991222649,1.0
1022,1,MS,0.27347391361,15.0,0.27347391361,1.0
1023,1,MS,0.270813031335,15.0,0.270813031335,1.0
1024,1,MS,0.268435369692,15.0,0.268435369692,1.0
1025,1,MS,0.265911496788,15.0,0.265911496788,1.0
1026,1,MS,0.263660795483,15.0,0.263660795483,1.0
1027,1,MS,0.26126274419,15.0,0.26126274419,1.0
1028,1,MS,0.259130425815,15.0,0.259130425815,1.0
1029,1,MS,0.256852170393,15.0,0.256852170393,1.0
1030,1,MS,0.254834857952,15.0,0.254834857952,1.0
1031,1,MS,0.252674732136,15.0,0.252674732136,1.0
1032,1,MS,0.25077216666,15.0,0.25077216666,1.0
1033,1,MS,0.248730416257,15.0,0.248730416257,1.0
1034,1,MS,0.24694337215,15.0,0.24694337215,1.0
1035,1,MS,0.245020731518,15.0,0.245020731518,1.0
1036,1,MS,0.243350135047,15.0,0.243350135047,1.0
1037,1,MS,0.241547243728,15.0,0.241547243728,1.0
1038,1,MS,0.239993679598,15.0,0.239993679598,1.0
1039,1,MS,0.238310378572,15.0,0.238310378572,1.0
1040,1,MS,0.236872696685,15.0,0.236872696685,1.0
1041,1,MS,0.235305837749,15.0,0.235305837749,1.0
1042,1,MS,0.233978943493,15.0,0.233978943493,1.0
1043,1,MS,0.232521170728,15.0,0.232521170728,1.0
1044,1,MS,0.231296166498,15.0,0.231296166498,1.0
1045,1,MS,0.229937237028,15.0,0.229937237028,1.0
1046,1,MS,0.228803447732,15.0,0.228803447732,1.0
1047,1,MS,0.227532446947,15.0,0.227532446947,1.0
1048,1,MS,0.226479410114,15.0,0.226479410114,1.0
1049,1,MS,0.225286368412,15.0,0.225286368412,1.0
1050,1,MS,0.224305174303,15.0,0.224305174303,1.0
1051,1,MS,0.223182366257,15.0,0.223182366257,1.0
1052,1,MS,0.222267168726,15.0,0.222267168726,1.0
1053,1,MS,0.221210658251,15.0,0.221210658251,1.0
1054,1,MS,0.220359571879,15.0,0.220359571879,1.0
1055,1,MS,0.219368984001,15.0,0.219368984001,1.0
1056,1,MS,0.218582839662,15.0,0.218582839662,1.0
1057,1,MS,0.217659553939,15.0,0.217659553939,1.0
1058,1,MS,0.216940214836,15.0,0.216940214836,1.0
1059,1,MS,0.216086198803,15.0,0.216086198803,1.0
1060,1,MS,0.215435840732,15.0,0.215435840732,1.0
1061,1,MS,0.214653174384,15.0,0.214653174384,1.0
1062,1,MS,0.214073902234,15.0,0.214073902234,1.0
1063,1,MS,0.213364268345,15.0,0.213364268345,1.0
1064,1,MS,0.212857114368,15.0,0.212857114368,1.0
1065,1,MS,0.212220156008,15.0,0.212220156008,1.0
1066,1,MS,0.211783229058,15.0,0.211783229058,1.0
1067,1,MS,0.211215205835,15.0,0.211215205835,1.0
1068,1,MS,0.210843364686,15.0,0.210843364686,1.0
1069,1,MS,0.210337954098,15.0,0.210337954098,1.0
1070,1,MS,0.210024372885,15.0,0.210024372885,1.0
1071,1,MS,0.209574473342,15.0,0.209574473342,1.0
1072,1,MS,0.209312287001,15.0,0.209312287001,1.0
1073,1,MS,0.208911370622,15.0,0.208911370622,1.0
1074,1,MS,0.208694811906,15.0,0.208694811906,1.0
1075,1,MS,0.208338065704,15.0,0.208338065704,1.0
1076,1,MS,0.208163866107,15.0,0.208163866107,1.0
1077,1,MS,0.207849665891,15.0,0.207849665891,1.0
1078,1,MS,0.207717872816,15.0,0.207717872816,1.0
1079,1,MS,0.20744750539,15.0,0.20744750539,1.0
1080,1,MS,0.207360362316,15.0,0.207360362316,1.0
1081,1,MS,0.207136550373,15.0,0.207136550373,1.0
1082,1,MS,0.207097170974,15.0,0.207097170974,1.0
1083,1,MS,0.206923155458,15.0,0.206923155458,1.0
1084,1,MS,0.206934952601,15.0,0.206934952601,1.0
1085,1,MS,0.206814109751,15.0,0.206814109751,1.0
1086,1,MS,0.206880469398,15.0,0.206880469398,1.0
1087,1,MS,0.20681583391,15.0,0.20681583391,1.0
1088,1,MS,0.206939129766,15.0,0.206939129766,1.0
1089,1,MS,0.206931825078,15.0,0.206931825078,1.0
1090,1,MS,0.207111908554,15.0,0.207111908554,1.0
1091,1,MS,0.20716042873,15.0,0.20716042873,1.0
1092,1,MS,0.20739477189,15.0,0.20739477189,1.0
1093,1,MS,0.207495953979,15.0,0.207495953979,1.0
1094,1,MS,0.207781785101,15.0,0.207781785101,1.0
1095,1,MS,0.207933452614,15.0,0.207933452614,1.0
1096,1,MS,0.208268701633,15.0,0.208268701633,1.0
1097,1,MS,0.20846824053,15.0,0.20846824053,1.0
1098,1,MS,0.208850076412,15.0,0.208850076412,1.0
1099,1,MS,0.209094883304,15.0,0.209094883304,1.0
1100,1,MS,0.209521641878,15.0,0.209521641878,1.0
1101,1,MS,0.20981128195,15.0,0.20981128195,1.0
1102,1,MS,0.210283953654,15.0,0.210283953654,1.0
1103,1,MS,0.210620596018,15.0,0.210620596018,1.0
1104,1,MS,0.211142259105,15.0,0.211142259105,1.0
1105,1,MS,0.211529480429,15.0,0.211529480429,1.0
1106,1,MS,0.212104083761,15.0,0.212104083761,1.0
1107,1,MS,0.212546007137,15.0,0.212546007137,1.0
1108,1,MS,0.213177838235,15.0,0.213177838235,1.0
1109,1,MS,0.213678777639,15.0,0.213678777639,1.0
1110,1,MS,0.214372159107,15.0,0.214372159107,1.0
1111,1,MS,0.214936166249,15.0,0.214936166249,1.0
1112,1,MS,0.215694507579,15.0,0.215694507579,1.0
1113,1,MS,0.216323842328,15.0,0.216323842328,1.0
1114,1,MS,0.217148170149,15.0,0.217148170149,1.0
1115,1,MS,0.217842669513,15.0,0.217842669513,1.0
1116,1,MS,0.218732067438,15.0,0.218732067438,1.0
1117,1,MS,0.219490508734,15.0,0.219490508734,1.0
1118,1,MS,0.220443847515,15.0,0.220443847515,1.0
1119,1,MS,0.221265105808,15.0,0.221265105808,1.0
1120,1,MS,0.222281328569,15.0,0.222281328569,1.0
1121,1,MS,0.223164475358,15.0,0.223164475358,1.0
1122,1,MS,0.224243005299,15.0,0.224243005299,1.0
1123,1,MS,0.225188002402,15.0,0.225188002402,1.0
1124,1,MS,0.22632969402,15.0,0.22632969402,1.0
1125,1,MS,0.227338474124,15.0,0.227338474124,1.0
1126,1,MS,0.228546358458,15.0,0.228546358458,1.0
1127,1,MS,0.229622903525,15.0,0.229622903525,1.0
1128,1,MS,0.230901586529,15.0,0.230901586529,1.0
1129,1,MS,0.232050902506,15.0,0.232050902506,1.0
1130,1,MS,0.233405575657,15.0,0.233405575657,1.0
1131,1,MS,0.234633013518,15.0,0.234633013518,1.0
1132,1,MS,0.236069043999,15.0,0.236069043999,1.0
1133,1,MS,0.237380021628,15.0,0.237380021628,1.0
1134,1,MS,0.238902703704,15.0,0.238902703704,1.0
1135,1,MS,0.240302345827,15.0,0.240302345827,1.0
1136,1,MS,0.24191621651,15.0,0.24191621651,1.0
1137,1,MS,0.243408293708,15.0,0.243408293708,1.0
1138,1,MS,0.245116142604,15.0,0.245116142604,1.0
1139,1,MS,0.246702707629,15.0,0.246702707629,1.0
1140,1,MS,0.248506019296,15.0,0.248506019296,1.0
1141,1,MS,0.250188401,15.0,0.250188401,1.0
1142,1,MS,0.252088460899,15.0,0.252088460899,1.0
1143,1,MS,0.253868178352,15.0,0.253868178352,1.0
1144,1,MS,0.255866912262,15.0,0.255866912262,1.0
1145,1,MS,0.257747327568,15.0,0.257747327568,1.0
1146,1,MS,0.259849640924,15.0,0.259849640924,1.0
1147,1,MS,0.26183654835,15.0,0.26183654835,1.0
1148,1,MS,0.264048033978,15.0,0.264048033978,1.0
1149,1,MS,0.26614700618,15.0,0.26614700618,1.0
1150,1,MS,0.268472878689,15.0,0.268472878689,1.0
1151,1,MS,0.270689122716,15.0,0.270689122716,1.0
1152,1,MS,0.273134212977,15.0,0.273134212977,1.0
1153,1,MS,0.275472563071,15.0,0.275472563071,1.0
1154,1,MS,0.278041309578,15.0,0.278041309578,1.0
1155,1,MS,0.280506216742,15.0,0.280506216742,1.0
1156,1,MS,0.283202654463,15.0,0.283202654463,1.0
1157,1,MS,0.285798173431,15.0,0.285798173431,1.0
1158,1,MS,0.288625920872,15.0,0.288625920872,1.0
1159,1,MS,0.291355695226,15.0,0.291355695226,1.0
1160,1,MS,0.294317940473,15.0,0.294317940473,1.0
1161,1,MS,0.297185186719,15.0,0.297185186719,1.0
1162,1,MS,0.30028467331,15.0,0.30028467331,1.0
1163,1,MS,0.30329216478,15.0,0.30329216478,1.0
1164,1,MS,0.306531178269,15.0,0.306531178269,1.0
1165,1,MS,0.30968122977,15.0,0.30968122977,1.0
1166,1,MS,0.313061585849,15.0,0.313061585849,1.0
1167,1,MS,0.31635603994,15.0,0.31635603994,1.0
1168,1,MS,0.319879074966,15.0,0.319879074966,1.0
1169,1,MS,0.323319290787,15.0,0.323319290787,1.0
1170,1,MS,0.326985855473,15.0,0.326985855473,1.0
1171,1,MS,0.330572700895,15.0,0.330572700895,1.0
1172,1,MS,0.334383157857,15.0,0.334383157857,1.0
1173,1,MS,0.338117005679,15.0,0.338117005679,1.0
1174,1,MS,0.342071231345,15.0,0.342071231345,1.0
1175,1,MS,0.3459519601,15.0,0.3459519601,1.0
1176,1,MS,0.350049351417,15.0,0.350049351417,1.0
1177,1,MS,0.354076351205,15.0,0.354076351205,1.0
1178,1,MS,0.358315837306,15.0,0.358315837306,1.0
1179,1,MS,0.362488020858,15.0,0.362488020858,1.0
1180,1,MS,0.366868079735,15.0,0.366868079735,1.0
1181,1,MS,0.371183898751,15.0,0.371183898751,1.0
1182,1,MS,0.375702578763,15.0,0.375702578763,1.0
1183,1,MS,0.380160045349,15.0,0.380160045349,1.0
1184,1,MS,0.38481499124,15.0,0.38481499124,1.0
1185,1,MS,0.389411704084,15.0,0.389411704084,1.0
1186,1,MS,0.394200187005,15.0,0.394200187005,1.0
1187,1,MS,0.398933361799,15.0,0.398933361799,1.0
1188,1,MS,0.403852312718,15.0,0.403852312718,1.0
1189,1,MS,0.408718816158,15.0,0.408718816158,1.0
1190,1,MS,0.413764861952,15.0,0.413764861952,1.0
1191,1,MS,0.418761248587,15.0,0.418761248587,1.0
1192,1,MS,0.42393075004,15.0,0.42393075004,1.0
1193,1,MS,0.429053301107,15.0,0.429053301107,1.0
1194,1,MS,0.434342391989,15.0,0.434342391989,1.0
1195,1,MS,0.439587155507,15.0,0.439587155507,1.0
1196,1,MS,0.444991781999,15.0,0.444991781999,1.0
1197,1,MS,0.45035461321,15.0,0.45035461321,1.0
1198,1,MS,0.455870572935,15.0,0.455870572935,1.0
1199,1,MS,0.461347174353,15.0,0.461347174353,1.0
