t,plant,axis,Total_Transpiration,mstruct
0,1,MS,0.01008,6.84796
1,1,MS,0.01008,6.84813
2,1,MS,0.00334,6.84463
3,1,MS,0.00334,6.84482
4,1,MS,0.00331,6.83992
5,1,MS,0.00331,6.84011
6,1,MS,0.00376,6.83345
7,1,MS,0.00376,6.83364
8,1,MS,0.01091,6.82650
9,1,MS,0.01091,6.82670
10,1,MS,0.02577,6.81974
11,1,MS,0.02577,6.81993
12,1,MS,0.08847,6.81189
13,1,MS,0.08847,6.81209
14,1,MS,0.08002,6.80311
15,1,MS,0.08002,6.80331
16,1,MS,0.07668,6.79430
17,1,MS,0.07668,6.79450
18,1,MS,0.03663,6.78749
19,1,MS,0.03663,6.78770
20,1,MS,0.00866,6.78362
21,1,MS,0.00866,6.78382
22,1,MS,0.01193,6.77981
23,1,MS,0.01193,6.78002
24,1,MS,0.00602,6.77674
25,1,MS,0.00602,6.77695
26,1,MS,0.00928,6.77321
27,1,MS,0.00928,6.77341
28,1,MS,0.00449,6.77064
29,1,MS,0.00449,6.77085
30,1,MS,0.04268,6.76573
31,1,MS,0.04268,6.76594
32,1,MS,0.08057,6.75798
33,1,MS,0.08057,6.75820
34,1,MS,0.11170,6.74801
35,1,MS,0.11170,6.74823
36,1,MS,0.12659,6.74012
37,1,MS,0.12659,6.74034
38,1,MS,0.12410,6.74277
39,1,MS,0.12410,6.74299
40,1,MS,0.09186,6.74528
41,1,MS,0.09186,6.74550
42,1,MS,0.04302,6.74752
43,1,MS,0.04302,6.74775
44,1,MS,0.01769,6.74938
45,1,MS,0.01769,6.74961
46,1,MS,0.00944,6.75105
47,1,MS,0.00944,6.75127
48,1,MS,0.01000,6.75293
49,1,MS,0.01000,6.75316
50,1,MS,0.00923,6.75477
51,1,MS,0.00923,6.75500
52,1,MS,0.00844,6.75656
53,1,MS,0.00844,6.75679
54,1,MS,0.01997,6.75866
55,1,MS,0.01997,6.75889
56,1,MS,0.03575,6.76088
57,1,MS,0.03575,6.76111
58,1,MS,0.08374,6.76354
59,1,MS,0.08374,6.76377
60,1,MS,0.10609,6.76610
61,1,MS,0.10609,6.76634
62,1,MS,0.09068,6.76866
63,1,MS,0.09068,6.76890
64,1,MS,0.06897,6.77117
65,1,MS,0.06897,6.77142
66,1,MS,0.03030,6.77327
67,1,MS,0.03030,6.77351
68,1,MS,0.01644,6.77527
69,1,MS,0.01644,6.77552
70,1,MS,0.01366,6.77734
71,1,MS,0.01366,6.77759
72,1,MS,0.01545,6.77924
73,1,MS,0.01545,6.77948
74,1,MS,0.01515,6.78121
75,1,MS,0.01515,6.78146
76,1,MS,0.01061,6.78306
77,1,MS,0.01061,6.78331
78,1,MS,0.01398,6.78502
79,1,MS,0.01398,6.78527
80,1,MS,0.02407,6.78713
81,1,MS,0.02407,6.78739
82,1,MS,0.02766,6.78937
83,1,MS,0.02766,6.78962
84,1,MS,0.04398,6.79190
85,1,MS,0.04398,6.79215
86,1,MS,0.04119,6.79433
87,1,MS,0.04119,6.79459
88,1,MS,0.02996,6.79670
89,1,MS,0.02996,6.79696
90,1,MS,0.01443,6.79889
91,1,MS,0.01443,6.79915
92,1,MS,0.00973,6.80093
93,1,MS,0.00973,6.80120
94,1,MS,0.00607,6.80288
95,1,MS,0.00607,6.80314
96,1,MS,0.00486,6.80462
97,1,MS,0.00486,6.80489
98,1,MS,0.00731,6.80681
99,1,MS,0.00731,6.80708
100,1,MS,0.00664,6.80906
101,1,MS,0.00664,6.80933
102,1,MS,0.03400,6.81182
103,1,MS,0.03400,6.81209
104,1,MS,0.09880,6.81523
105,1,MS,0.09880,6.81550
106,1,MS,0.11402,6.81801
107,1,MS,0.11402,6.81829
108,1,MS,0.06773,6.82093
109,1,MS,0.06773,6.82121
110,1,MS,0.07178,6.82358
111,1,MS,0.07178,6.82386
112,1,MS,0.03771,6.82633
113,1,MS,0.03771,6.82661
114,1,MS,0.02905,6.82890
115,1,MS,0.02905,6.82918
116,1,MS,0.01458,6.83116
117,1,MS,0.01458,6.83145
118,1,MS,0.00829,6.83306
119,1,MS,0.00829,6.83335
120,1,MS,0.00312,6.83283
121,1,MS,0.00312,6.83311
122,1,MS,0.00557,6.83229
123,1,MS,0.00557,6.83258
124,1,MS,0.00374,6.83177
125,1,MS,0.00374,6.83206
126,1,MS,0.01070,6.83125
127,1,MS,0.01070,6.83154
128,1,MS,0.03889,6.83030
129,1,MS,0.03889,6.83060
130,1,MS,0.01626,6.82925
131,1,MS,0.01626,6.82955
132,1,MS,0.02604,6.82815
133,1,MS,0.02604,6.82845
134,1,MS,0.03790,6.82679
135,1,MS,0.03790,6.82709
136,1,MS,0.03257,6.82526
137,1,MS,0.03257,6.82556
138,1,MS,0.02173,6.82368
139,1,MS,0.02173,6.82399
140,1,MS,0.01136,6.82258
141,1,MS,0.01136,6.82289
142,1,MS,0.00640,6.82203
143,1,MS,0.00640,6.82234
144,1,MS,0.00200,6.82175
145,1,MS,0.00200,6.82207
146,1,MS,0.00152,6.82163
147,1,MS,0.00152,6.82195
148,1,MS,0.00152,6.82155
149,1,MS,0.00152,6.82186
150,1,MS,0.02249,6.82115
151,1,MS,0.02249,6.82147
152,1,MS,0.03065,6.82021
153,1,MS,0.03065,6.82052
154,1,MS,0.05719,6.81894
155,1,MS,0.05719,6.81926
156,1,MS,0.08960,6.81724
157,1,MS,0.08960,6.81756
158,1,MS,0.09107,6.81507
159,1,MS,0.09107,6.81540
160,1,MS,0.06977,6.81279
161,1,MS,0.06977,6.81312
162,1,MS,0.04441,6.81089
163,1,MS,0.04441,6.81122
164,1,MS,0.00843,6.80969
165,1,MS,0.00843,6.81003
166,1,MS,0.00406,6.80896
167,1,MS,0.00406,6.80929
168,1,MS,0.01205,6.80888
169,1,MS,0.01205,6.80921
170,1,MS,0.01154,6.80915
171,1,MS,0.01154,6.80949
172,1,MS,0.01314,6.80953
173,1,MS,0.01314,6.80987
174,1,MS,0.06418,6.80968
175,1,MS,0.06418,6.81002
176,1,MS,0.09374,6.80781
177,1,MS,0.09374,6.80816
178,1,MS,0.15619,6.80522
179,1,MS,0.15619,6.80557
180,1,MS,0.17336,6.80251
181,1,MS,0.17336,6.80286
182,1,MS,0.16272,6.80004
183,1,MS,0.16272,6.80039
184,1,MS,0.11749,6.79755
185,1,MS,0.11749,6.79791
186,1,MS,0.05644,6.79510
187,1,MS,0.05644,6.79545
188,1,MS,0.03522,6.79329
189,1,MS,0.03522,6.79365
190,1,MS,0.03192,6.78314
191,1,MS,0.03192,6.78350
192,1,MS,0.00354,6.77804
193,1,MS,0.00354,6.77840
194,1,MS,0.00250,6.77416
195,1,MS,0.00250,6.77453
196,1,MS,0.00158,6.77089
197,1,MS,0.00158,6.77125
198,1,MS,0.04319,6.76507
199,1,MS,0.04319,6.76544
200,1,MS,0.08242,6.75671
201,1,MS,0.08242,6.75708
202,1,MS,0.09180,6.74664
203,1,MS,0.09180,6.74702
204,1,MS,0.12121,6.73486
205,1,MS,0.12121,6.73524
206,1,MS,0.09723,6.72251
207,1,MS,0.09723,6.72289
208,1,MS,0.05362,6.71071
209,1,MS,0.05362,6.71110
210,1,MS,0.02227,6.70122
211,1,MS,0.02227,6.70160
212,1,MS,0.00394,6.69525
213,1,MS,0.00394,6.69564
214,1,MS,0.00461,6.69049
215,1,MS,0.00461,6.69088
216,1,MS,0.00666,6.68968
217,1,MS,0.00666,6.69008
218,1,MS,0.00560,6.68942
219,1,MS,0.00560,6.68982
220,1,MS,0.00757,6.68933
221,1,MS,0.00757,6.68973
222,1,MS,0.02969,6.68905
223,1,MS,0.02969,6.68945
224,1,MS,0.04756,6.68843
225,1,MS,0.04756,6.68883
226,1,MS,0.05350,6.68716
227,1,MS,0.05350,6.68757
228,1,MS,0.09399,6.68440
229,1,MS,0.09399,6.68481
230,1,MS,0.09091,6.68026
231,1,MS,0.09091,6.68067
232,1,MS,0.07172,6.67613
233,1,MS,0.07172,6.67655
234,1,MS,0.03832,6.67306
235,1,MS,0.03832,6.67347
236,1,MS,0.01192,6.66390
237,1,MS,0.01192,6.66432
238,1,MS,0.00907,6.65633
239,1,MS,0.00907,6.65676
240,1,MS,0.00345,6.64813
241,1,MS,0.00345,6.64855
242,1,MS,0.00386,6.64045
243,1,MS,0.00386,6.64088
244,1,MS,0.00469,6.63320
245,1,MS,0.00469,6.63363
246,1,MS,0.03245,6.62184
247,1,MS,0.03245,6.62228
248,1,MS,0.06352,6.60339
249,1,MS,0.06352,6.60382
250,1,MS,0.07687,6.58101
251,1,MS,0.07687,6.58145
252,1,MS,0.03497,6.56702
253,1,MS,0.03497,6.56746
254,1,MS,0.04481,6.54918
255,1,MS,0.04481,6.54963
256,1,MS,0.05978,6.53003
257,1,MS,0.05978,6.53048
258,1,MS,0.02473,6.51496
259,1,MS,0.02473,6.51541
260,1,MS,0.00867,6.50307
261,1,MS,0.00867,6.50352
262,1,MS,0.00500,6.49447
263,1,MS,0.00500,6.49493
264,1,MS,0.00388,6.48722
265,1,MS,0.00388,6.48768
266,1,MS,0.00410,6.48008
267,1,MS,0.00410,6.48054
268,1,MS,0.00620,6.47267
269,1,MS,0.00620,6.47314
270,1,MS,0.02072,6.46200
271,1,MS,0.02072,6.46247
272,1,MS,0.04644,6.44393
273,1,MS,0.04644,6.44440
274,1,MS,0.04605,6.42084
275,1,MS,0.04605,6.42131
276,1,MS,0.05586,6.39501
277,1,MS,0.05586,6.39549
278,1,MS,0.04805,6.36743
279,1,MS,0.04805,6.36791
280,1,MS,0.05957,6.33897
281,1,MS,0.05957,6.33946
282,1,MS,0.02417,6.31566
283,1,MS,0.02417,6.31615
284,1,MS,0.01067,6.29512
285,1,MS,0.01067,6.29560
286,1,MS,0.00511,6.27792
287,1,MS,0.00511,6.27841
288,1,MS,0.00670,6.26093
289,1,MS,0.00670,6.26143
290,1,MS,0.00286,6.24652
291,1,MS,0.00286,6.24702
292,1,MS,0.00382,6.23157
293,1,MS,0.00382,6.23207
294,1,MS,0.01963,6.21233
295,1,MS,0.01963,6.21284
296,1,MS,0.02857,6.18822
297,1,MS,0.02857,6.18873
298,1,MS,0.02304,6.16273
299,1,MS,0.02304,6.16324
300,1,MS,0.04054,6.14373
301,1,MS,0.04054,6.14424
302,1,MS,0.00951,6.13143
303,1,MS,0.00951,6.13195
304,1,MS,0.00275,6.12221
305,1,MS,0.00275,6.12273
306,1,MS,0.00491,6.11288
307,1,MS,0.00491,6.11340
308,1,MS,0.00153,6.10498
309,1,MS,0.00153,6.10551
310,1,MS,0.00072,6.09800
311,1,MS,0.00072,6.09852
312,1,MS,0.00301,6.09314
313,1,MS,0.00301,6.09367
314,1,MS,0.00368,6.08853
315,1,MS,0.00368,6.08907
316,1,MS,0.00359,6.08397
317,1,MS,0.00359,6.08450
318,1,MS,0.01010,6.07848
319,1,MS,0.01010,6.07902
320,1,MS,0.00713,6.07310
321,1,MS,0.00713,6.07365
322,1,MS,0.02118,6.06726
323,1,MS,0.02118,6.06781
324,1,MS,0.02032,6.07170
325,1,MS,0.02032,6.07225
326,1,MS,0.02359,6.07623
327,1,MS,0.02359,6.07679
328,1,MS,0.01975,6.08053
329,1,MS,0.01975,6.08109
330,1,MS,0.00815,6.08394
331,1,MS,0.00815,6.08450
332,1,MS,0.00424,6.08747
333,1,MS,0.00424,6.08803
334,1,MS,0.00457,6.09127
335,1,MS,0.00457,6.09184
336,1,MS,0.00105,6.09543
337,1,MS,0.00105,6.09600
338,1,MS,0.00071,6.09920
339,1,MS,0.00071,6.09978
340,1,MS,0.00107,6.10331
341,1,MS,0.00107,6.10389
342,1,MS,0.01075,6.10895
343,1,MS,0.01075,6.10953
344,1,MS,0.02928,6.11482
345,1,MS,0.02928,6.11540
346,1,MS,0.03614,6.12080
347,1,MS,0.03614,6.12139
348,1,MS,0.04405,6.12696
349,1,MS,0.04405,6.12755
350,1,MS,0.03529,6.13331
351,1,MS,0.03529,6.13391
352,1,MS,0.01598,6.13907
353,1,MS,0.01598,6.13967
354,1,MS,0.00529,6.14385
355,1,MS,0.00529,6.14446
356,1,MS,0.00276,6.14833
357,1,MS,0.00276,6.14893
358,1,MS,0.00216,6.15292
359,1,MS,0.00216,6.15353
360,1,MS,0.00078,6.15544
361,1,MS,0.00078,6.15544
362,1,MS,0.00103,6.15782
363,1,MS,0.00103,6.15782
364,1,MS,0.00117,6.16018
365,1,MS,0.00117,6.16018
366,1,MS,0.00978,6.16331
367,1,MS,0.00978,6.16331
368,1,MS,0.01932,6.16739
369,1,MS,0.01932,6.16739
370,1,MS,0.02550,6.17147
371,1,MS,0.02550,6.17147
372,1,MS,0.03791,6.17593
373,1,MS,0.03791,6.17593
374,1,MS,0.03447,6.18025
375,1,MS,0.03447,6.18025
376,1,MS,0.02197,6.18467
377,1,MS,0.02197,6.18467
378,1,MS,0.01236,6.18865
379,1,MS,0.01236,6.18865
380,1,MS,0.00266,6.19141
381,1,MS,0.00266,6.19141
382,1,MS,0.00225,6.19448
383,1,MS,0.00225,6.19448
384,1,MS,0.01078,6.19894
385,1,MS,0.01078,6.19894
386,1,MS,0.01099,6.20242
387,1,MS,0.01099,6.20242
388,1,MS,0.01168,6.20585
389,1,MS,0.01168,6.20585
390,1,MS,0.02298,6.21024
391,1,MS,0.02298,6.21024
392,1,MS,0.03912,6.21598
393,1,MS,0.03912,6.21598
394,1,MS,0.04907,6.22148
395,1,MS,0.04907,6.22148
396,1,MS,0.05272,6.22717
397,1,MS,0.05272,6.22717
398,1,MS,0.05025,6.23281
399,1,MS,0.05025,6.23281
400,1,MS,0.03697,6.23868
401,1,MS,0.03697,6.23868
402,1,MS,0.02189,6.17551
403,1,MS,0.02189,6.17551
404,1,MS,0.01497,6.11754
405,1,MS,0.01497,6.11754
406,1,MS,0.01067,6.07020
407,1,MS,0.01067,6.07020
408,1,MS,0.00565,6.03910
409,1,MS,0.00565,6.03910
410,1,MS,0.00592,6.00968
411,1,MS,0.00592,6.00968
412,1,MS,0.00744,5.97822
413,1,MS,0.00744,5.97822
414,1,MS,0.01665,5.93658
415,1,MS,0.01665,5.93658
416,1,MS,0.02580,5.88052
417,1,MS,0.02580,5.88052
418,1,MS,0.03163,5.81527
419,1,MS,0.03163,5.81527
420,1,MS,0.03224,5.74932
421,1,MS,0.03224,5.74932
422,1,MS,0.02487,5.68390
423,1,MS,0.02487,5.68390
424,1,MS,0.00902,5.63371
425,1,MS,0.00902,5.63371
426,1,MS,0.00409,5.59402
427,1,MS,0.00409,5.59402
428,1,MS,0.00387,5.56007
429,1,MS,0.00387,5.56007
430,1,MS,0.00371,5.52759
431,1,MS,0.00371,5.52759
432,1,MS,0.00199,5.49550
433,1,MS,0.00199,5.49550
434,1,MS,0.00100,5.47490
435,1,MS,0.00100,5.47490
436,1,MS,0.00066,5.47812
437,1,MS,0.00066,5.47812
438,1,MS,0.00516,5.48391
439,1,MS,0.00516,5.48391
440,1,MS,0.00828,5.48906
441,1,MS,0.00828,5.48906
442,1,MS,0.01036,5.49479
443,1,MS,0.01036,5.49479
444,1,MS,0.01182,5.50078
445,1,MS,0.01182,5.50078
446,1,MS,0.01117,5.50676
447,1,MS,0.01117,5.50676
448,1,MS,0.01037,5.51273
449,1,MS,0.01037,5.51273
450,1,MS,0.00760,5.51840
451,1,MS,0.00760,5.51840
452,1,MS,0.00413,5.52302
453,1,MS,0.00413,5.52302
454,1,MS,0.00200,5.52703
455,1,MS,0.00200,5.52703
456,1,MS,0.00414,5.53055
457,1,MS,0.00414,5.53055
458,1,MS,0.00386,5.53390
459,1,MS,0.00386,5.53390
460,1,MS,0.00289,5.53706
461,1,MS,0.00289,5.53706
462,1,MS,0.00401,5.54065
463,1,MS,0.00401,5.54065
464,1,MS,0.00553,5.54486
465,1,MS,0.00553,5.54486
466,1,MS,0.00506,5.54837
467,1,MS,0.00506,5.54837
468,1,MS,0.00885,5.55347
469,1,MS,0.00885,5.55347
470,1,MS,0.00724,5.55738
471,1,MS,0.00724,5.55738
472,1,MS,0.00637,5.56152
473,1,MS,0.00637,5.56152
474,1,MS,0.00470,5.56476
475,1,MS,0.00470,5.56476
476,1,MS,0.00441,5.56802
477,1,MS,0.00441,5.56802
478,1,MS,0.00402,5.57136
479,1,MS,0.00402,5.57136
480,1,MS,0.00145,5.57600
481,1,MS,0.00145,5.57600
482,1,MS,0.00057,5.57913
483,1,MS,0.00057,5.57913
484,1,MS,0.00061,5.58282
485,1,MS,0.00061,5.58282
486,1,MS,0.00294,5.58808
487,1,MS,0.00294,5.58808
488,1,MS,0.00662,5.59428
489,1,MS,0.00662,5.59428
490,1,MS,0.01080,5.60051
491,1,MS,0.01080,5.60051
492,1,MS,0.01131,5.60693
493,1,MS,0.01131,5.60693
494,1,MS,0.01355,5.61346
495,1,MS,0.01355,5.61346
496,1,MS,0.00843,5.61939
497,1,MS,0.00843,5.61939
498,1,MS,0.00443,5.62473
499,1,MS,0.00443,5.62473
500,1,MS,0.00170,5.62926
501,1,MS,0.00170,5.62926
502,1,MS,0.00153,5.63400
503,1,MS,0.00153,5.63400
504,1,MS,0.00145,5.63556
505,1,MS,0.00145,5.63556
506,1,MS,0.00122,5.63787
507,1,MS,0.00122,5.63787
508,1,MS,0.00115,5.64028
509,1,MS,0.00115,5.64028
510,1,MS,0.00149,5.64295
511,1,MS,0.00149,5.64295
512,1,MS,0.00294,5.64644
513,1,MS,0.00294,5.64644
514,1,MS,0.00339,5.65010
515,1,MS,0.00339,5.65010
516,1,MS,0.00309,5.65382
517,1,MS,0.00309,5.65382
518,1,MS,0.00268,5.65749
519,1,MS,0.00268,5.65749
520,1,MS,0.00359,5.66121
521,1,MS,0.00359,5.66121
522,1,MS,0.00230,5.66416
523,1,MS,0.00230,5.66416
524,1,MS,0.00227,5.66716
525,1,MS,0.00227,5.66716
526,1,MS,0.00188,5.67020
527,1,MS,0.00188,5.67020
528,1,MS,0.00446,5.67564
529,1,MS,0.00446,5.67564
530,1,MS,0.00202,5.67803
531,1,MS,0.00202,5.67803
532,1,MS,0.00144,5.68098
533,1,MS,0.00144,5.68098
534,1,MS,0.00603,5.68689
535,1,MS,0.00603,5.68689
536,1,MS,0.01071,5.69256
537,1,MS,0.01071,5.69256
538,1,MS,0.01418,5.69870
539,1,MS,0.01418,5.69870
540,1,MS,0.01727,5.70516
541,1,MS,0.01727,5.70516
542,1,MS,0.01409,5.71142
543,1,MS,0.01409,5.71142
544,1,MS,0.01479,5.71779
545,1,MS,0.01479,5.71779
546,1,MS,0.01227,5.72370
547,1,MS,0.01227,5.72370
548,1,MS,0.01164,5.72931
549,1,MS,0.01164,5.72931
550,1,MS,0.00591,5.73298
551,1,MS,0.00591,5.73298
552,1,MS,0.00296,5.73547
553,1,MS,0.00296,5.73547
554,1,MS,0.00189,5.73778
555,1,MS,0.00189,5.73778
556,1,MS,0.00236,5.74077
557,1,MS,0.00236,5.74077
558,1,MS,0.00677,5.74563
559,1,MS,0.00677,5.74563
560,1,MS,0.01014,5.75030
561,1,MS,0.01014,5.75030
562,1,MS,0.01226,5.75501
563,1,MS,0.01226,5.75501
564,1,MS,0.01525,5.76044
565,1,MS,0.01525,5.76044
566,1,MS,0.01277,5.76534
567,1,MS,0.01277,5.76534
568,1,MS,0.01170,5.77037
569,1,MS,0.01170,5.77037
570,1,MS,0.00872,5.77464
571,1,MS,0.00872,5.77464
572,1,MS,0.00452,5.77776
573,1,MS,0.00452,5.77776
574,1,MS,0.00475,5.78121
575,1,MS,0.00475,5.78121
576,1,MS,0.00274,5.78366
577,1,MS,0.00274,5.78366
578,1,MS,0.00145,5.78614
579,1,MS,0.00145,5.78614
580,1,MS,0.00117,5.78878
581,1,MS,0.00117,5.78878
582,1,MS,0.00544,5.79347
583,1,MS,0.00544,5.79347
584,1,MS,0.00882,5.79790
585,1,MS,0.00882,5.79790
586,1,MS,0.01187,5.80250
587,1,MS,0.01187,5.80250
588,1,MS,0.01256,5.80714
589,1,MS,0.01256,5.80714
590,1,MS,0.01447,5.81227
591,1,MS,0.01447,5.81227
592,1,MS,0.01182,5.81697
593,1,MS,0.01182,5.81697
594,1,MS,0.00905,5.82123
595,1,MS,0.00905,5.82123
596,1,MS,0.00565,5.82449
597,1,MS,0.00565,5.82449
598,1,MS,0.00458,5.82753
599,1,MS,0.00458,5.82753
600,1,MS,0.00077,5.82910
601,1,MS,0.00077,5.82910
602,1,MS,0.00040,5.83098
603,1,MS,0.00040,5.83098
604,1,MS,0.00062,5.83330
605,1,MS,0.00062,5.83330
606,1,MS,0.00346,5.83727
607,1,MS,0.00346,5.83727
608,1,MS,0.00817,5.84135
609,1,MS,0.00817,5.84135
610,1,MS,0.01091,5.84537
611,1,MS,0.01091,5.84537
612,1,MS,0.01235,5.84950
613,1,MS,0.01235,5.84950
614,1,MS,0.01225,5.85353
615,1,MS,0.01225,5.85353
616,1,MS,0.01075,5.85743
617,1,MS,0.01075,5.85743
618,1,MS,0.00693,5.86069
619,1,MS,0.00693,5.86069
620,1,MS,0.00327,5.86291
621,1,MS,0.00327,5.86291
622,1,MS,0.00177,5.86489
623,1,MS,0.00177,5.86489
624,1,MS,0.00112,5.86786
625,1,MS,0.00112,5.86786
626,1,MS,0.00065,5.86999
627,1,MS,0.00065,5.86999
628,1,MS,0.00067,5.87230
629,1,MS,0.00067,5.87230
630,1,MS,0.00303,5.87517
631,1,MS,0.00303,5.87517
632,1,MS,0.00631,5.87820
633,1,MS,0.00631,5.87820
634,1,MS,0.00805,5.88112
635,1,MS,0.00805,5.88112
636,1,MS,0.00942,5.88412
637,1,MS,0.00942,5.88412
638,1,MS,0.00584,5.88644
639,1,MS,0.00584,5.88644
640,1,MS,0.00652,5.88884
641,1,MS,0.00652,5.88884
642,1,MS,0.00593,5.89092
643,1,MS,0.00593,5.89092
644,1,MS,0.00420,5.89270
645,1,MS,0.00420,5.89270
646,1,MS,0.00335,5.89440
647,1,MS,0.00335,5.89440
648,1,MS,0.00475,5.89571
649,1,MS,0.00475,5.89571
650,1,MS,0.00187,5.89660
651,1,MS,0.00187,5.89660
652,1,MS,0.00207,5.89771
653,1,MS,0.00207,5.89771
654,1,MS,0.00686,5.89960
655,1,MS,0.00686,5.89960
656,1,MS,0.01116,5.90124
657,1,MS,0.01116,5.90124
658,1,MS,0.00937,5.90281
659,1,MS,0.00937,5.90281
660,1,MS,0.00754,5.90425
661,1,MS,0.00754,5.90425
662,1,MS,0.01078,5.90587
663,1,MS,0.01078,5.90587
664,1,MS,0.00840,5.90731
665,1,MS,0.00840,5.90731
666,1,MS,0.00784,5.90862
667,1,MS,0.00784,5.90862
668,1,MS,0.00435,5.90965
669,1,MS,0.00435,5.90965
670,1,MS,0.00279,5.91051
671,1,MS,0.00279,5.91051
672,1,MS,0.00201,5.91118
673,1,MS,0.00201,5.91118
674,1,MS,0.00247,5.91187
675,1,MS,0.00247,5.91187
676,1,MS,0.00265,5.91253
677,1,MS,0.00265,5.91253
678,1,MS,0.00317,5.91329
679,1,MS,0.00317,5.91329
680,1,MS,0.00433,5.91401
681,1,MS,0.00433,5.91401
682,1,MS,0.00383,5.91467
683,1,MS,0.00383,5.91467
684,1,MS,0.00639,5.91545
685,1,MS,0.00639,5.91545
686,1,MS,0.00670,5.91617
687,1,MS,0.00670,5.91617
688,1,MS,0.00637,5.91688
689,1,MS,0.00637,5.91688
690,1,MS,0.00582,5.91754
691,1,MS,0.00582,5.91754
692,1,MS,0.00231,5.91796
693,1,MS,0.00231,5.91796
694,1,MS,0.00126,5.91834
695,1,MS,0.00126,5.91834
696,1,MS,0.00087,5.91910
697,1,MS,0.00087,5.91910
698,1,MS,0.00079,5.91954
699,1,MS,0.00079,5.91954
700,1,MS,0.00078,5.92007
701,1,MS,0.00078,5.92007
702,1,MS,0.00376,5.92092
703,1,MS,0.00376,5.92092
704,1,MS,0.00907,5.92185
705,1,MS,0.00907,5.92185
706,1,MS,0.01142,5.92285
707,1,MS,0.01142,5.92285
708,1,MS,0.01254,5.92396
709,1,MS,0.01254,5.92396
710,1,MS,0.01355,5.92517
711,1,MS,0.01355,5.92517
712,1,MS,0.01057,5.92644
713,1,MS,0.01057,5.92644
714,1,MS,0.00684,5.92768
715,1,MS,0.00684,5.92768
716,1,MS,0.00491,5.92879
717,1,MS,0.00491,5.92879
718,1,MS,0.00214,5.92964
719,1,MS,0.00214,5.92964
720,1,MS,0.00159,5.93037
721,1,MS,0.00159,5.93037
722,1,MS,0.00096,5.93101
723,1,MS,0.00096,5.93101
724,1,MS,0.00115,5.93176
725,1,MS,0.00115,5.93176
726,1,MS,0.00506,5.93292
727,1,MS,0.00506,5.93292
728,1,MS,0.00715,5.93407
729,1,MS,0.00715,5.93407
730,1,MS,0.01116,5.93535
731,1,MS,0.01116,5.93535
732,1,MS,0.01249,5.93671
733,1,MS,0.01249,5.93671
734,1,MS,0.01117,5.93815
735,1,MS,0.01117,5.93815
736,1,MS,0.00816,5.93962
737,1,MS,0.00816,5.93962
738,1,MS,0.00694,5.94108
739,1,MS,0.00694,5.94108
740,1,MS,0.00435,5.94238
741,1,MS,0.00435,5.94238
742,1,MS,0.00396,5.94368
743,1,MS,0.00396,5.94368
744,1,MS,0.00149,5.94453
745,1,MS,0.00149,5.94453
746,1,MS,0.00131,5.94542
747,1,MS,0.00131,5.94542
748,1,MS,0.00126,5.94632
749,1,MS,0.00126,5.94632
750,1,MS,0.00575,5.94771
751,1,MS,0.00575,5.94771
752,1,MS,0.01197,5.94914
753,1,MS,0.01197,5.94914
754,1,MS,0.01518,5.95063
755,1,MS,0.01518,5.95063
756,1,MS,0.01632,5.95216
757,1,MS,0.01632,5.95216
758,1,MS,0.01556,5.95378
759,1,MS,0.01556,5.95378
760,1,MS,0.01320,5.95550
761,1,MS,0.01320,5.95550
762,1,MS,0.00835,5.95717
763,1,MS,0.00835,5.95717
764,1,MS,0.00630,5.95873
765,1,MS,0.00630,5.95873
766,1,MS,0.00314,5.95997
767,1,MS,0.00314,5.95997
768,1,MS,0.00139,5.96081
769,1,MS,0.00139,5.96081
770,1,MS,0.00111,5.96169
771,1,MS,0.00111,5.96169
772,1,MS,0.00135,5.96266
773,1,MS,0.00135,5.96266
774,1,MS,0.00447,5.96398
775,1,MS,0.00447,5.96398
776,1,MS,0.00920,5.96551
777,1,MS,0.00920,5.96551
778,1,MS,0.01634,5.96705
779,1,MS,0.01634,5.96705
780,1,MS,0.01772,5.96862
781,1,MS,0.01772,5.96862
782,1,MS,0.02006,5.97018
783,1,MS,0.02006,5.97018
784,1,MS,0.02203,5.97191
785,1,MS,0.02203,5.97191
786,1,MS,0.01672,5.97383
787,1,MS,0.01672,5.97383
788,1,MS,0.00613,5.96451
789,1,MS,0.00613,5.96451
790,1,MS,0.00766,5.95485
791,1,MS,0.00766,5.95485
792,1,MS,0.00161,5.95574
793,1,MS,0.00161,5.95574
794,1,MS,0.00230,5.95676
795,1,MS,0.00230,5.95676
796,1,MS,0.00197,5.95770
797,1,MS,0.00197,5.95770
798,1,MS,0.00400,5.95889
799,1,MS,0.00400,5.95889
800,1,MS,0.00510,5.95998
801,1,MS,0.00510,5.95998
802,1,MS,0.00725,5.96120
803,1,MS,0.00725,5.96120
804,1,MS,0.00928,5.95410
805,1,MS,0.00928,5.95410
806,1,MS,0.00939,5.95538
807,1,MS,0.00939,5.95538
808,1,MS,0.00905,5.95652
809,1,MS,0.00905,5.95652
810,1,MS,0.00646,5.93615
811,1,MS,0.00646,5.93615
812,1,MS,0.00385,5.90885
813,1,MS,0.00385,5.90885
814,1,MS,0.00231,5.88652
815,1,MS,0.00231,5.88652
816,1,MS,0.00084,5.87145
817,1,MS,0.00084,5.87145
818,1,MS,0.00090,5.85755
819,1,MS,0.00090,5.85755
820,1,MS,0.00095,5.84293
821,1,MS,0.00095,5.84293
822,1,MS,0.00374,5.81178
823,1,MS,0.00374,5.81178
824,1,MS,0.00797,5.79647
825,1,MS,0.00797,5.79647
826,1,MS,0.01239,5.77533
827,1,MS,0.01239,5.77533
828,1,MS,0.01485,5.74407
829,1,MS,0.01485,5.74407
830,1,MS,0.01597,5.72626
831,1,MS,0.01597,5.72626
832,1,MS,0.01373,5.70850
833,1,MS,0.01373,5.70850
834,1,MS,0.00859,5.68668
835,1,MS,0.00859,5.68668
836,1,MS,0.00334,5.66978
837,1,MS,0.00334,5.66978
838,1,MS,0.00233,5.64215
839,1,MS,0.00233,5.64215
840,1,MS,0.00062,5.62823
841,1,MS,0.00062,5.62823
842,1,MS,0.00117,5.61403
843,1,MS,0.00117,5.61403
844,1,MS,0.00064,5.58936
845,1,MS,0.00064,5.58936
846,1,MS,0.00156,5.56703
847,1,MS,0.00156,5.56703
848,1,MS,0.00325,5.55302
849,1,MS,0.00325,5.55302
850,1,MS,0.00731,5.51422
851,1,MS,0.00731,5.51422
852,1,MS,0.00826,5.51641
853,1,MS,0.00826,5.51641
854,1,MS,0.00853,5.49440
855,1,MS,0.00853,5.49440
856,1,MS,0.00770,5.44550
857,1,MS,0.00770,5.44550
858,1,MS,0.00493,5.44762
859,1,MS,0.00493,5.44762
860,1,MS,0.00253,5.44930
861,1,MS,0.00253,5.44930
862,1,MS,0.00101,5.45061
863,1,MS,0.00101,5.45061
864,1,MS,0.00269,5.45151
865,1,MS,0.00269,5.45151
866,1,MS,0.00271,5.43815
867,1,MS,0.00271,5.43815
868,1,MS,0.00200,5.42653
869,1,MS,0.00200,5.42653
870,1,MS,0.00409,5.41072
871,1,MS,0.00409,5.41072
872,1,MS,0.00531,5.39135
873,1,MS,0.00531,5.39135
874,1,MS,0.00684,5.34376
875,1,MS,0.00684,5.34376
876,1,MS,0.00872,5.30240
877,1,MS,0.00872,5.30240
878,1,MS,0.00925,5.29418
879,1,MS,0.00925,5.29418
880,1,MS,0.00733,5.29559
881,1,MS,0.00733,5.29559
882,1,MS,0.00389,5.29674
883,1,MS,0.00389,5.29674
884,1,MS,0.00314,5.29778
885,1,MS,0.00314,5.29778
886,1,MS,0.00293,5.28916
887,1,MS,0.00293,5.28916
888,1,MS,0.00031,5.28984
889,1,MS,0.00031,5.28984
890,1,MS,0.00036,5.28476
891,1,MS,0.00036,5.28476
892,1,MS,0.00063,5.27106
893,1,MS,0.00063,5.27106
894,1,MS,0.00299,5.24023
895,1,MS,0.00299,5.24023
896,1,MS,0.00592,5.19522
897,1,MS,0.00592,5.19522
898,1,MS,0.00636,5.19636
899,1,MS,0.00636,5.19636
900,1,MS,0.00705,5.18086
901,1,MS,0.00705,5.18086
902,1,MS,0.00810,5.16648
903,1,MS,0.00810,5.16648
904,1,MS,0.00539,5.16781
905,1,MS,0.00539,5.16781
906,1,MS,0.00546,5.16933
907,1,MS,0.00546,5.16933
908,1,MS,0.00175,5.16079
909,1,MS,0.00175,5.16079
910,1,MS,0.00133,5.13528
911,1,MS,0.00133,5.13528
912,1,MS,0.00078,5.11687
913,1,MS,0.00078,5.11687
914,1,MS,0.00066,5.11786
915,1,MS,0.00066,5.11786
916,1,MS,0.00071,5.11326
917,1,MS,0.00071,5.11326
918,1,MS,0.00284,5.09474
919,1,MS,0.00284,5.09474
920,1,MS,0.00471,5.08429
921,1,MS,0.00471,5.08429
922,1,MS,0.00860,5.03704
923,1,MS,0.00860,5.03704
924,1,MS,0.00564,5.02266
925,1,MS,0.00564,5.02266
926,1,MS,0.00850,5.02565
927,1,MS,0.00850,5.02565
928,1,MS,0.00568,5.02835
929,1,MS,0.00568,5.02835
930,1,MS,0.00238,5.01471
931,1,MS,0.00238,5.01471
932,1,MS,0.00144,5.01690
933,1,MS,0.00144,5.01690
934,1,MS,0.00066,5.01886
935,1,MS,0.00066,5.01886
936,1,MS,0.00189,5.02036
937,1,MS,0.00189,5.02036
938,1,MS,0.00239,5.02211
939,1,MS,0.00239,5.02211
940,1,MS,0.00220,5.00661
941,1,MS,0.00220,5.00661
942,1,MS,0.00407,4.98704
943,1,MS,0.00407,4.98704
944,1,MS,0.00411,4.95741
945,1,MS,0.00411,4.95741
946,1,MS,0.00313,4.95935
947,1,MS,0.00313,4.95935
948,1,MS,0.00521,4.95399
949,1,MS,0.00521,4.95399
950,1,MS,0.00601,4.95655
951,1,MS,0.00601,4.95655
952,1,MS,0.00313,4.93799
953,1,MS,0.00313,4.93799
954,1,MS,0.00391,4.92795
955,1,MS,0.00391,4.92795
956,1,MS,0.00313,4.92995
957,1,MS,0.00313,4.92995
958,1,MS,0.00162,4.93167
959,1,MS,0.00162,4.93167
960,1,MS,0.00029,4.93291
961,1,MS,0.00029,4.93291
962,1,MS,0.00054,4.93451
963,1,MS,0.00054,4.93451
964,1,MS,0.00041,4.93606
965,1,MS,0.00041,4.93606
966,1,MS,0.00207,4.93867
967,1,MS,0.00207,4.93867
968,1,MS,0.00379,4.90148
969,1,MS,0.00379,4.90148
970,1,MS,0.00609,4.85358
971,1,MS,0.00609,4.85358
972,1,MS,0.00783,4.85208
973,1,MS,0.00783,4.85208
974,1,MS,0.00781,4.83366
975,1,MS,0.00781,4.83366
976,1,MS,0.00773,4.83734
977,1,MS,0.00773,4.83734
978,1,MS,0.00493,4.84061
979,1,MS,0.00493,4.84061
980,1,MS,0.00211,4.84279
981,1,MS,0.00211,4.84279
982,1,MS,0.00115,4.84469
983,1,MS,0.00115,4.84469
984,1,MS,0.00075,4.84691
985,1,MS,0.00075,4.84691
986,1,MS,0.00040,4.84863
987,1,MS,0.00040,4.84863
988,1,MS,0.00036,4.85077
989,1,MS,0.00036,4.85077
990,1,MS,0.00267,4.85399
991,1,MS,0.00267,4.85399
992,1,MS,0.00442,4.84052
993,1,MS,0.00442,4.84052
994,1,MS,0.00628,4.80264
995,1,MS,0.00628,4.80264
996,1,MS,0.00877,4.78634
997,1,MS,0.00877,4.78634
998,1,MS,0.00865,4.79015
999,1,MS,0.00865,4.79015
1000,1,MS,0.00978,4.79397
1001,1,MS,0.00978,4.79397
1002,1,MS,0.00499,4.77502
1003,1,MS,0.00499,4.77502
1004,1,MS,0.00271,4.77840
1005,1,MS,0.00271,4.77840
1006,1,MS,0.00137,4.78120
1007,1,MS,0.00137,4.78120
1008,1,MS,0.00230,4.78325
1009,1,MS,0.00230,4.78325
1010,1,MS,0.00163,4.78515
1011,1,MS,0.00163,4.78515
1012,1,MS,0.00216,4.77700
1013,1,MS,0.00216,4.77700
1014,1,MS,0.00287,4.76867
1015,1,MS,0.00287,4.76867
1016,1,MS,0.00471,4.77143
1017,1,MS,0.00471,4.77143
1018,1,MS,0.00590,4.76085
1019,1,MS,0.00590,4.76085
1020,1,MS,0.00682,4.73295
1021,1,MS,0.00682,4.73295
1022,1,MS,0.00694,4.73634
1023,1,MS,0.00694,4.73634
1024,1,MS,0.00623,4.73950
1025,1,MS,0.00623,4.73950
1026,1,MS,0.00449,4.74216
1027,1,MS,0.00449,4.74216
1028,1,MS,0.00295,4.74430
1029,1,MS,0.00295,4.74430
1030,1,MS,0.00272,4.72604
1031,1,MS,0.00272,4.72604
1032,1,MS,0.00155,4.71987
1033,1,MS,0.00155,4.71987
1034,1,MS,0.00065,4.72122
1035,1,MS,0.00065,4.72122
1036,1,MS,0.00036,4.72288
1037,1,MS,0.00036,4.72288
1038,1,MS,0.00201,4.72607
1039,1,MS,0.00201,4.72607
1040,1,MS,0.00436,4.72920
1041,1,MS,0.00436,4.72920
1042,1,MS,0.00603,4.69279
1043,1,MS,0.00603,4.69279
1044,1,MS,0.00712,4.69647
1045,1,MS,0.00712,4.69647
1046,1,MS,0.00722,4.66754
1047,1,MS,0.00722,4.66754
1048,1,MS,0.00734,4.67127
1049,1,MS,0.00734,4.67127
1050,1,MS,0.00520,4.67458
1051,1,MS,0.00520,4.67458
1052,1,MS,0.00361,4.67740
1053,1,MS,0.00361,4.67740
1054,1,MS,0.00165,4.67922
1055,1,MS,0.00165,4.67922
1056,1,MS,0.00035,4.68166
1057,1,MS,0.00035,4.68166
1058,1,MS,0.00020,4.68373
1059,1,MS,0.00020,4.68373
1060,1,MS,0.00006,4.68566
1061,1,MS,0.00006,4.68566
1062,1,MS,0.00136,4.68856
1063,1,MS,0.00136,4.68856
1064,1,MS,0.00435,4.69206
1065,1,MS,0.00435,4.69206
1066,1,MS,0.00555,4.67170
1067,1,MS,0.00555,4.67170
1068,1,MS,0.00665,4.65526
1069,1,MS,0.00665,4.65526
1070,1,MS,0.00665,4.64538
1071,1,MS,0.00665,4.64538
1072,1,MS,0.00513,4.64898
1073,1,MS,0.00513,4.64898
1074,1,MS,0.00322,4.65232
1075,1,MS,0.00322,4.65232
1076,1,MS,0.00143,4.65504
1077,1,MS,0.00143,4.65504
1078,1,MS,0.00069,4.65753
1079,1,MS,0.00069,4.65753
1080,1,MS,0.00270,4.65994
1081,1,MS,0.00270,4.65994
1082,1,MS,0.00299,4.66224
1083,1,MS,0.00299,4.66224
1084,1,MS,0.00341,4.66462
1085,1,MS,0.00341,4.66462
1086,1,MS,0.00443,4.66751
1087,1,MS,0.00443,4.66751
1088,1,MS,0.00577,4.64834
1089,1,MS,0.00577,4.64834
1090,1,MS,0.00772,4.65184
1091,1,MS,0.00772,4.65184
1092,1,MS,0.00568,4.63583
1093,1,MS,0.00568,4.63583
1094,1,MS,0.00943,4.63915
1095,1,MS,0.00943,4.63915
1096,1,MS,0.00940,4.64250
1097,1,MS,0.00940,4.64250
1098,1,MS,0.00708,4.64603
1099,1,MS,0.00708,4.64603
1100,1,MS,0.00559,4.64885
1101,1,MS,0.00559,4.64885
1102,1,MS,0.00474,4.65120
1103,1,MS,0.00474,4.65120
1104,1,MS,0.00165,4.65316
1105,1,MS,0.00165,4.65316
1106,1,MS,0.00130,4.65498
1107,1,MS,0.00130,4.65498
1108,1,MS,0.00090,4.65669
1109,1,MS,0.00090,4.65669
1110,1,MS,0.00277,4.65945
1111,1,MS,0.00277,4.65945
1112,1,MS,0.00495,4.64293
1113,1,MS,0.00495,4.64293
1114,1,MS,0.00527,4.64589
1115,1,MS,0.00527,4.64589
1116,1,MS,0.00643,4.64915
1117,1,MS,0.00643,4.64915
1118,1,MS,0.00650,4.63299
1119,1,MS,0.00650,4.63299
1120,1,MS,0.00614,4.63620
1121,1,MS,0.00614,4.63620
1122,1,MS,0.00369,4.63887
1123,1,MS,0.00369,4.63887
1124,1,MS,0.00145,4.64066
1125,1,MS,0.00145,4.64066
1126,1,MS,0.00101,4.64230
1127,1,MS,0.00101,4.64230
1128,1,MS,0.00122,4.64483
1129,1,MS,0.00122,4.64483
1130,1,MS,0.00099,4.64693
1131,1,MS,0.00099,4.64693
1132,1,MS,0.00069,4.64900
1133,1,MS,0.00069,4.64900
1134,1,MS,0.00225,4.65170
1135,1,MS,0.00225,4.65170
1136,1,MS,0.00473,4.63056
1137,1,MS,0.00473,4.63056
1138,1,MS,0.00703,4.63340
1139,1,MS,0.00703,4.63340
1140,1,MS,0.00858,4.63047
1141,1,MS,0.00858,4.63047
1142,1,MS,0.00844,4.63300
1143,1,MS,0.00844,4.63300
1144,1,MS,0.00451,4.63560
1145,1,MS,0.00451,4.63560
1146,1,MS,0.00321,4.63801
1147,1,MS,0.00321,4.63801
1148,1,MS,0.00178,4.64003
1149,1,MS,0.00178,4.64003
1150,1,MS,0.00114,4.64177
1151,1,MS,0.00114,4.64177
1152,1,MS,0.00120,4.64321
1153,1,MS,0.00120,4.64321
1154,1,MS,0.00103,4.64456
1155,1,MS,0.00103,4.64456
1156,1,MS,0.00103,4.64588
1157,1,MS,0.00103,4.64588
1158,1,MS,0.00279,4.64773
1159,1,MS,0.00279,4.64773
1160,1,MS,0.00578,4.64965
1161,1,MS,0.00578,4.64965
1162,1,MS,0.00709,4.62713
1163,1,MS,0.00709,4.62713
1164,1,MS,0.00957,4.62869
1165,1,MS,0.00957,4.62869
1166,1,MS,0.01033,4.63009
1167,1,MS,0.01033,4.63009
1168,1,MS,0.00974,4.63143
1169,1,MS,0.00974,4.63143
1170,1,MS,0.00728,4.63285
1171,1,MS,0.00728,4.63285
1172,1,MS,0.00523,4.63419
1173,1,MS,0.00523,4.63419
1174,1,MS,0.00000,4.63278
1175,1,MS,0.00000,4.63278
1176,1,MS,0.00000,4.63317
1177,1,MS,0.00000,4.63317
1178,1,MS,0.00000,4.63368
1179,1,MS,0.00000,4.63368
1180,1,MS,0.00000,4.63412
1181,1,MS,0.00000,4.63412
1182,1,MS,0.00000,4.63471
1183,1,MS,0.00000,4.63471
1184,1,MS,0.00000,4.63531
1185,1,MS,0.00000,4.63531
1186,1,MS,0.00000,4.63596
1187,1,MS,0.00000,4.63596
1188,1,MS,0.00000,4.63654
1189,1,MS,0.00000,4.63654
1190,1,MS,0.00000,4.63717
1191,1,MS,0.00000,4.63717
1192,1,MS,0.00000,4.63768
1193,1,MS,0.00000,4.63768
1194,1,MS,0.00000,4.63813
1195,1,MS,0.00000,4.63813
1196,1,MS,0.00000,4.63852
1197,1,MS,0.00000,4.63852
1198,1,MS,0.00000,4.63883
1199,1,MS,0.00000,4.63883
