t,plant,axis,Total_transpiration
0,1,MS,0.002929698290816821
1,1,MS,0.002929698290816821
2,1,MS,0.0009626647009590276
3,1,MS,0.0009626647009590276
4,1,MS,0.0009438578828587127
5,1,MS,0.0009438578828587127
6,1,MS,0.0010267248115426633
7,1,MS,0.0010267248115426633
8,1,MS,0.0029703841012847228
9,1,MS,0.0029703841012847228
10,1,MS,0.006464284613636403
11,1,MS,0.006464284613636403
12,1,MS,0.01912451357821144
13,1,MS,0.01912451357821144
14,1,MS,0.02008708510990458
15,1,MS,0.02008708510990458
16,1,MS,0.02017594139411456
17,1,MS,0.02017594139411456
18,1,MS,0.010386167654153892
19,1,MS,0.010386167654153892
20,1,MS,0.002515924053900352
21,1,MS,0.002515924053900352
22,1,MS,0.00348161797905728
23,1,MS,0.00348161797905728
24,1,MS,0.0017262310057942574
25,1,MS,0.0017262310057942574
26,1,MS,0.002683632196942056
27,1,MS,0.002683632196942056
28,1,MS,0.0011671337535638115
29,1,MS,0.0011671337535638115
30,1,MS,0.010312203390470384
31,1,MS,0.010312203390470384
32,1,MS,0.01860475252098852
33,1,MS,0.01860475252098852
34,1,MS,0.025965212857619505
35,1,MS,0.025965212857619505
36,1,MS,0.03142852131800702
37,1,MS,0.03142852131800702
38,1,MS,0.033729267439481875
39,1,MS,0.033729267439481875
40,1,MS,0.026229114732402865
41,1,MS,0.026229114732402865
42,1,MS,0.012884898640377753
43,1,MS,0.012884898640377753
44,1,MS,0.0053484430668921355
45,1,MS,0.0053484430668921355
46,1,MS,0.002806779090799003
47,1,MS,0.002806779090799003
48,1,MS,0.0029581608181497515
49,1,MS,0.0029581608181497515
50,1,MS,0.0027180480024473572
51,1,MS,0.0027180480024473572
52,1,MS,0.002475017718128174
53,1,MS,0.002475017718128174
54,1,MS,0.005252152239296014
55,1,MS,0.005252152239296014
56,1,MS,0.009074971349340419
57,1,MS,0.009074971349340419
58,1,MS,0.019948721574716693
59,1,MS,0.019948721574716693
60,1,MS,0.02617281645470254
61,1,MS,0.02617281645470254
62,1,MS,0.024132164730246763
63,1,MS,0.024132164730246763
64,1,MS,0.019368908426371064
65,1,MS,0.019368908426371064
66,1,MS,0.008816344472434864
67,1,MS,0.008816344472434864
68,1,MS,0.0048610983062890144
69,1,MS,0.0048610983062890144
70,1,MS,0.004025466436239713
71,1,MS,0.004025466436239713
72,1,MS,0.004492144656736874
73,1,MS,0.004492144656736874
74,1,MS,0.004396479781383723
75,1,MS,0.004396479781383723
76,1,MS,0.0030607597140935444
77,1,MS,0.0030607597140935444
78,1,MS,0.003853741044580835
79,1,MS,0.003853741044580835
80,1,MS,0.005832143243160327
81,1,MS,0.005832143243160327
82,1,MS,0.006776804848556265
83,1,MS,0.006776804848556265
84,1,MS,0.010618125429700984
85,1,MS,0.010618125429700984
86,1,MS,0.010492025434829421
87,1,MS,0.010492025434829421
88,1,MS,0.008272741851629593
89,1,MS,0.008272741851629593
90,1,MS,0.004117186779511916
91,1,MS,0.004117186779511916
92,1,MS,0.0028212992888738747
93,1,MS,0.0028212992888738747
94,1,MS,0.0017482276866384666
95,1,MS,0.0017482276866384666
96,1,MS,0.0013938852832967906
97,1,MS,0.0013938852832967906
98,1,MS,0.0021142129940510263
99,1,MS,0.0021142129940510263
100,1,MS,0.0019068488063444318
101,1,MS,0.0019068488063444318
102,1,MS,0.008265044762339711
103,1,MS,0.008265044762339711
104,1,MS,0.023858767469379927
105,1,MS,0.023858767469379927
106,1,MS,0.028316857713359678
107,1,MS,0.028316857713359678
108,1,MS,0.01909050573636623
109,1,MS,0.01909050573636623
110,1,MS,0.018359787123620065
111,1,MS,0.018359787123620065
112,1,MS,0.011059498872575048
113,1,MS,0.011059498872575048
114,1,MS,0.008560776551767495
115,1,MS,0.008560776551767495
116,1,MS,0.004293744916078534
117,1,MS,0.004293744916078534
118,1,MS,0.0024020129190817576
119,1,MS,0.0024020129190817576
120,1,MS,0.0009457896947761187
121,1,MS,0.0009457896947761187
122,1,MS,0.0016989596514644899
123,1,MS,0.0016989596514644899
124,1,MS,0.001047196808271319
125,1,MS,0.001047196808271319
126,1,MS,0.002379786756356701
127,1,MS,0.002379786756356701
128,1,MS,0.009647449710700787
129,1,MS,0.009647449710700787
130,1,MS,0.001772585127801466
131,1,MS,0.001772585127801466
132,1,MS,0.005609702711930451
133,1,MS,0.005609702711930451
134,1,MS,0.008916681754157645
135,1,MS,0.008916681754157645
136,1,MS,0.009246254981560693
137,1,MS,0.009246254981560693
138,1,MS,0.006415516231067575
139,1,MS,0.006415516231067575
140,1,MS,0.0035958684564940976
141,1,MS,0.0035958684564940976
142,1,MS,0.0019983291148607525
143,1,MS,0.0019983291148607525
144,1,MS,0.0006299723625744911
145,1,MS,0.0006299723625744911
146,1,MS,0.00047725802013776693
147,1,MS,0.00047725802013776693
148,1,MS,0.00041802467466820555
149,1,MS,0.00041802467466820555
150,1,MS,0.0047576345619760665
151,1,MS,0.0047576345619760665
152,1,MS,0.007580710498929462
153,1,MS,0.007580710498929462
154,1,MS,0.009757465826465587
155,1,MS,0.009757465826465587
156,1,MS,0.016906449126206622
157,1,MS,0.016906449126206622
158,1,MS,0.0202872188764323
159,1,MS,0.0202872188764323
160,1,MS,0.019777951259247844
161,1,MS,0.019777951259247844
162,1,MS,0.013914397917920564
163,1,MS,0.013914397917920564
164,1,MS,0.0028518258972884416
165,1,MS,0.0028518258972884416
166,1,MS,0.0013592986923893745
167,1,MS,0.0013592986923893745
168,1,MS,0.0037282014126301614
169,1,MS,0.0037282014126301614
170,1,MS,0.0035828618295652456
171,1,MS,0.0035828618295652456
172,1,MS,0.003939607592536887
173,1,MS,0.003939607592536887
174,1,MS,0.01809356569008824
175,1,MS,0.01809356569008824
176,1,MS,0.02741031453434793
177,1,MS,0.02741031453434793
178,1,MS,0.04561864567070481
179,1,MS,0.04561864567070481
180,1,MS,0.05212500955271773
181,1,MS,0.05212500955271773
182,1,MS,0.05101205959129401
183,1,MS,0.05101205959129401
184,1,MS,0.038017766587513206
185,1,MS,0.038017766587513206
186,1,MS,0.01889122238913482
187,1,MS,0.01889122238913482
188,1,MS,0.012021686738635396
189,1,MS,0.012021686738635396
190,1,MS,0.010915042237825606
191,1,MS,0.010915042237825606
192,1,MS,0.0011622924665464225
193,1,MS,0.0011622924665464225
194,1,MS,0.0008212179406268776
195,1,MS,0.0008212179406268776
196,1,MS,0.00040942418111787355
197,1,MS,0.00040942418111787355
198,1,MS,0.011290833532221916
199,1,MS,0.011290833532221916
200,1,MS,0.021421955596477322
201,1,MS,0.021421955596477322
202,1,MS,0.025438029350249816
203,1,MS,0.025438029350249816
204,1,MS,0.03381265452802152
205,1,MS,0.03381265452802152
206,1,MS,0.029412522439149588
207,1,MS,0.029412522439149588
208,1,MS,0.017404012687491293
209,1,MS,0.017404012687491293
210,1,MS,0.0073337853757607565
211,1,MS,0.0073337853757607565
212,1,MS,0.001439497335968194
213,1,MS,0.001439497335968194
214,1,MS,0.001692620651946712
215,1,MS,0.001692620651946712
216,1,MS,0.0024206237374316936
217,1,MS,0.0024206237374316936
218,1,MS,0.0020283019179527413
219,1,MS,0.0020283019179527413
220,1,MS,0.0025866562600787885
221,1,MS,0.0025866562600787885
222,1,MS,0.008471126455866836
223,1,MS,0.008471126455866836
224,1,MS,0.013090512725073744
225,1,MS,0.013090512725073744
226,1,MS,0.015232088602581814
227,1,MS,0.015232088602581814
228,1,MS,0.026330260878348485
229,1,MS,0.026330260878348485
230,1,MS,0.0270017403295228
231,1,MS,0.0270017403295228
232,1,MS,0.022799222862628178
233,1,MS,0.022799222862628178
234,1,MS,0.013210223455901489
235,1,MS,0.013210223455901489
236,1,MS,0.004597399921436891
237,1,MS,0.004597399921436891
238,1,MS,0.003508305852448128
239,1,MS,0.003508305852448128
240,1,MS,0.001332392664096532
241,1,MS,0.001332392664096532
242,1,MS,0.0015012111323380714
243,1,MS,0.0015012111323380714
244,1,MS,0.0016477565021486458
245,1,MS,0.0016477565021486458
246,1,MS,0.009164853165988108
247,1,MS,0.009164853165988108
248,1,MS,0.01986684662584136
249,1,MS,0.01986684662584136
250,1,MS,0.026712600140629244
251,1,MS,0.026712600140629244
252,1,MS,0.011469680053092306
253,1,MS,0.011469680053092306
254,1,MS,0.016056974632408506
255,1,MS,0.016056974632408506
256,1,MS,0.02181574991729732
257,1,MS,0.02181574991729732
258,1,MS,0.009747485168364545
259,1,MS,0.009747485168364545
260,1,MS,0.0038740010782349777
261,1,MS,0.0038740010782349777
262,1,MS,0.0022355560692775976
263,1,MS,0.0022355560692775976
264,1,MS,0.0017522026678575752
265,1,MS,0.0017522026678575752
266,1,MS,0.0018682334433867925
267,1,MS,0.0018682334433867925
268,1,MS,0.00252626720652267
269,1,MS,0.00252626720652267
270,1,MS,0.007283686108675137
271,1,MS,0.007283686108675137
272,1,MS,0.018718230174633404
273,1,MS,0.018718230174633404
274,1,MS,0.020228345956127068
275,1,MS,0.020228345956127068
276,1,MS,0.025863083567888044
277,1,MS,0.025863083567888044
278,1,MS,0.023668834803507555
279,1,MS,0.023668834803507555
280,1,MS,0.02975536877539594
281,1,MS,0.02975536877539594
282,1,MS,0.012645854195259449
283,1,MS,0.012645854195259449
284,1,MS,0.006202298315805095
285,1,MS,0.006202298315805095
286,1,MS,0.0030080453383746052
287,1,MS,0.0030080453383746052
288,1,MS,0.004122429041462495
289,1,MS,0.004122429041462495
290,1,MS,0.0017803020665047625
291,1,MS,0.0017803020665047625
292,1,MS,0.0023943211731092613
293,1,MS,0.0023943211731092613
294,1,MS,0.010571060227165625
295,1,MS,0.010571060227165625
296,1,MS,0.016554452598217282
297,1,MS,0.016554452598217282
298,1,MS,0.01567452761745759
299,1,MS,0.01567452761745759
300,1,MS,0.02608436795960255
301,1,MS,0.02608436795960255
302,1,MS,0.006320669561245355
303,1,MS,0.006320669561245355
304,1,MS,0.0018244844967982218
305,1,MS,0.0018244844967982218
306,1,MS,0.0034156799791418306
307,1,MS,0.0034156799791418306
308,1,MS,0.0011634932056948087
309,1,MS,0.0011634932056948087
310,1,MS,0.0005513382073570317
311,1,MS,0.0005513382073570317
312,1,MS,0.002417708242808141
313,1,MS,0.002417708242808141
314,1,MS,0.0029865188698954873
315,1,MS,0.0029865188698954873
316,1,MS,0.0029120090952827003
317,1,MS,0.0029120090952827003
318,1,MS,0.006969870191310062
319,1,MS,0.006969870191310062
320,1,MS,0.0053606200308184545
321,1,MS,0.0053606200308184545
322,1,MS,0.013923636055441507
323,1,MS,0.013923636055441507
324,1,MS,0.015163834559894555
325,1,MS,0.015163834559894555
326,1,MS,0.017713242082745884
327,1,MS,0.017713242082745884
328,1,MS,0.016161642447198792
329,1,MS,0.016161642447198792
330,1,MS,0.00671175449747885
331,1,MS,0.00671175449747885
332,1,MS,0.0036209302909789324
333,1,MS,0.0036209302909789324
334,1,MS,0.003906834146108503
335,1,MS,0.003906834146108503
336,1,MS,0.0008966818358198706
337,1,MS,0.0008966818358198706
338,1,MS,0.0006066673550133429
339,1,MS,0.0006066673550133429
340,1,MS,0.0007640726931779171
341,1,MS,0.0007640726931779171
342,1,MS,0.006647576879159622
343,1,MS,0.006647576879159622
344,1,MS,0.021195389417271476
345,1,MS,0.021195389417271476
346,1,MS,0.03002640203242208
347,1,MS,0.03002640203242208
348,1,MS,0.03420353389976421
349,1,MS,0.03420353389976421
350,1,MS,0.034031103008
351,1,MS,0.034031103008
352,1,MS,0.015081146307431249
353,1,MS,0.015081146307431249
354,1,MS,0.00458040036907684
355,1,MS,0.00458040036907684
356,1,MS,0.0024262651523374325
357,1,MS,0.0024262651523374325
358,1,MS,0.00189098681463495
359,1,MS,0.00189098681463495
360,1,MS,0.0006545966760395201
361,1,MS,0.0006545966760395201
362,1,MS,0.0008547614592186322
363,1,MS,0.0008547614592186322
364,1,MS,0.0009084845037237646
365,1,MS,0.0009084845037237646
366,1,MS,0.005788972271264016
367,1,MS,0.005788972271264016
368,1,MS,0.011414587920801892
369,1,MS,0.011414587920801892
370,1,MS,0.01600136234882442
371,1,MS,0.01600136234882442
372,1,MS,0.022737678118046625
373,1,MS,0.022737678118046625
374,1,MS,0.023987692256934687
375,1,MS,0.023987692256934687
376,1,MS,0.018612511175184754
377,1,MS,0.018612511175184754
378,1,MS,0.010971964137697134
379,1,MS,0.010971964137697134
380,1,MS,0.0022894638377430245
381,1,MS,0.0022894638377430245
382,1,MS,0.0019245832452978963
383,1,MS,0.0019245832452978963
384,1,MS,0.009519997545203558
385,1,MS,0.009519997545203558
386,1,MS,0.00962543615572371
387,1,MS,0.00962543615572371
388,1,MS,0.010181094802429088
389,1,MS,0.010181094802429088
390,1,MS,0.019635733051035005
391,1,MS,0.019635733051035005
392,1,MS,0.03340521256462685
393,1,MS,0.03340521256462685
394,1,MS,0.04087396699448813
395,1,MS,0.04087396699448813
396,1,MS,0.045377020602690436
397,1,MS,0.045377020602690436
398,1,MS,0.04608291022820715
399,1,MS,0.04608291022820715
400,1,MS,0.03672013505584693
401,1,MS,0.03672013505584693
402,1,MS,0.021819131049847423
403,1,MS,0.021819131049847423
404,1,MS,0.014510565805223502
405,1,MS,0.014510565805223502
406,1,MS,0.010244901237788512
407,1,MS,0.010244901237788512
408,1,MS,0.0051834376700563844
409,1,MS,0.0051834376700563844
410,1,MS,0.005478175774456007
411,1,MS,0.005478175774456007
412,1,MS,0.007165302494580721
413,1,MS,0.007165302494580721
414,1,MS,0.01863629644299612
415,1,MS,0.01863629644299612
416,1,MS,0.0314357469919918
417,1,MS,0.0314357469919918
418,1,MS,0.04368347841720293
419,1,MS,0.04368347841720293
420,1,MS,0.048652917579698716
421,1,MS,0.048652917579698716
422,1,MS,0.0422631986398309
423,1,MS,0.0422631986398309
424,1,MS,0.015525368662385564
425,1,MS,0.015525368662385564
426,1,MS,0.005716398376751731
427,1,MS,0.005716398376751731
428,1,MS,0.004434046953817901
429,1,MS,0.004434046953817901
430,1,MS,0.004318056539896843
431,1,MS,0.004318056539896843
432,1,MS,0.002411998071476749
433,1,MS,0.002411998071476749
434,1,MS,0.0012117409334322594
435,1,MS,0.0012117409334322594
436,1,MS,0.0009248397470395056
437,1,MS,0.0009248397470395056
438,1,MS,0.011970542933247931
439,1,MS,0.011970542933247931
440,1,MS,0.021730990386592677
441,1,MS,0.021730990386592677
442,1,MS,0.028238722698686033
443,1,MS,0.028238722698686033
444,1,MS,0.032816669816276484
445,1,MS,0.032816669816276484
446,1,MS,0.031104831925620614
447,1,MS,0.031104831925620614
448,1,MS,0.02641795059309303
449,1,MS,0.02641795059309303
450,1,MS,0.014724601980622556
451,1,MS,0.014724601980622556
452,1,MS,0.005279596108815266
453,1,MS,0.005279596108815266
454,1,MS,0.002496977994225976
455,1,MS,0.002496977994225976
456,1,MS,0.005060352939348034
457,1,MS,0.005060352939348034
458,1,MS,0.004669893668000028
459,1,MS,0.004669893668000028
460,1,MS,0.0034704519940531925
461,1,MS,0.0034704519940531925
462,1,MS,0.006243578909275213
463,1,MS,0.006243578909275213
464,1,MS,0.010959625847468731
465,1,MS,0.010959625847468731
466,1,MS,0.011246265635070456
467,1,MS,0.011246265635070456
468,1,MS,0.02202148832932991
469,1,MS,0.02202148832932991
470,1,MS,0.017198690865066583
471,1,MS,0.017198690865066583
472,1,MS,0.010239657927709905
473,1,MS,0.010239657927709905
474,1,MS,0.007987530729824409
475,1,MS,0.007987530729824409
476,1,MS,0.005306398962818631
477,1,MS,0.005306398962818631
478,1,MS,0.004829487678497368
479,1,MS,0.004829487678497368
480,1,MS,0.0017143230619359293
481,1,MS,0.0017143230619359293
482,1,MS,0.0006680559753197034
483,1,MS,0.0006680559753197034
484,1,MS,0.0007855062843043932
485,1,MS,0.0007855062843043932
486,1,MS,0.006533068568258636
487,1,MS,0.006533068568258636
488,1,MS,0.016907691831487673
489,1,MS,0.016907691831487673
490,1,MS,0.029180202079374995
491,1,MS,0.029180202079374995
492,1,MS,0.023895357428357997
493,1,MS,0.023895357428357997
494,1,MS,0.03738157098845145
495,1,MS,0.03738157098845145
496,1,MS,0.020163615475648926
497,1,MS,0.020163615475648926
498,1,MS,0.008393327204054165
499,1,MS,0.008393327204054165
500,1,MS,0.0020477604989580667
501,1,MS,0.0020477604989580667
502,1,MS,0.001837646446017306
503,1,MS,0.001837646446017306
504,1,MS,0.0016140846300700274
505,1,MS,0.0016140846300700274
506,1,MS,0.0013547861007639807
507,1,MS,0.0013547861007639807
508,1,MS,0.0012798886366096201
509,1,MS,0.0012798886366096201
510,1,MS,0.0023487703958230913
511,1,MS,0.0023487703958230913
512,1,MS,0.006598815595420484
513,1,MS,0.006598815595420484
514,1,MS,0.007268237832139828
515,1,MS,0.007268237832139828
516,1,MS,0.007438049076353177
517,1,MS,0.007438049076353177
518,1,MS,0.006354527585988849
519,1,MS,0.006354527585988849
520,1,MS,0.008098820397130887
521,1,MS,0.008098820397130887
522,1,MS,0.0032782091589674037
523,1,MS,0.0032782091589674037
524,1,MS,0.002543968523453571
525,1,MS,0.002543968523453571
526,1,MS,0.00210561537110201
527,1,MS,0.00210561537110201
528,1,MS,0.005221253460219455
529,1,MS,0.005221253460219455
530,1,MS,0.002298623136656298
531,1,MS,0.002298623136656298
532,1,MS,0.0020406374304240645
533,1,MS,0.0020406374304240645
534,1,MS,0.013707676892334089
535,1,MS,0.013707676892334089
536,1,MS,0.026811995986956386
537,1,MS,0.026811995986956386
538,1,MS,0.036749925083892285
539,1,MS,0.036749925083892285
540,1,MS,0.04406389601032887
541,1,MS,0.04406389601032887
542,1,MS,0.029431036187809845
543,1,MS,0.029431036187809845
544,1,MS,0.028079095576578728
545,1,MS,0.028079095576578728
546,1,MS,0.01790247095792221
547,1,MS,0.01790247095792221
548,1,MS,0.014267939968383152
549,1,MS,0.014267939968383152
550,1,MS,0.006948497711243343
551,1,MS,0.006948497711243343
552,1,MS,0.0032731136816881584
553,1,MS,0.0032731136816881584
554,1,MS,0.0020621218557026182
555,1,MS,0.0020621218557026182
556,1,MS,0.0032043961416903326
557,1,MS,0.0032043961416903326
558,1,MS,0.014421295291964358
559,1,MS,0.014421295291964358
560,1,MS,0.02351569870043862
561,1,MS,0.02351569870043862
562,1,MS,0.028865863141041503
563,1,MS,0.028865863141041503
564,1,MS,0.03506431799334833
565,1,MS,0.03506431799334833
566,1,MS,0.02780869906822175
567,1,MS,0.02780869906822175
568,1,MS,0.022858245501486296
569,1,MS,0.022858245501486296
570,1,MS,0.013718860983550128
571,1,MS,0.013718860983550128
572,1,MS,0.00503463045253844
573,1,MS,0.00503463045253844
574,1,MS,0.0052811294967865675
575,1,MS,0.0052811294967865675
576,1,MS,0.0029896571823839844
577,1,MS,0.0029896571823839844
578,1,MS,0.0015755640604413123
579,1,MS,0.0015755640604413123
580,1,MS,0.0015277259193146517
581,1,MS,0.0015277259193146517
582,1,MS,0.011397001122975668
583,1,MS,0.011397001122975668
584,1,MS,0.02192072358100665
585,1,MS,0.02192072358100665
586,1,MS,0.029948667722837403
587,1,MS,0.029948667722837403
588,1,MS,0.030735212900146032
589,1,MS,0.030735212900146032
590,1,MS,0.0344516516772278
591,1,MS,0.0344516516772278
592,1,MS,0.02316269181641153
593,1,MS,0.02316269181641153
594,1,MS,0.014094394986388653
595,1,MS,0.014094394986388653
596,1,MS,0.006264826646647966
597,1,MS,0.006264826646647966
598,1,MS,0.00503713730963904
599,1,MS,0.00503713730963904
600,1,MS,0.0008449943339498192
601,1,MS,0.0008449943339498192
602,1,MS,0.00043986889936156514
603,1,MS,0.00043986889936156514
604,1,MS,0.0008357579351518543
605,1,MS,0.0008357579351518543
606,1,MS,0.00761719701101995
607,1,MS,0.00761719701101995
608,1,MS,0.019656419245801582
609,1,MS,0.019656419245801582
610,1,MS,0.0271753726577006
611,1,MS,0.0271753726577006
612,1,MS,0.03086776884775411
613,1,MS,0.03086776884775411
614,1,MS,0.029994324265796575
615,1,MS,0.029994324265796575
616,1,MS,0.024352048912460584
617,1,MS,0.024352048912460584
618,1,MS,0.01165115825280007
619,1,MS,0.01165115825280007
620,1,MS,0.0036745415761136315
621,1,MS,0.0036745415761136315
622,1,MS,0.0019610506700220654
623,1,MS,0.0019610506700220654
624,1,MS,0.0012480280063714572
625,1,MS,0.0012480280063714572
626,1,MS,0.0007142320283662387
627,1,MS,0.0007142320283662387
628,1,MS,0.0008083140242146383
629,1,MS,0.0008083140242146383
630,1,MS,0.00649793244128563
631,1,MS,0.00649793244128563
632,1,MS,0.01586308002501239
633,1,MS,0.01586308002501239
634,1,MS,0.017797260206602748
635,1,MS,0.017797260206602748
636,1,MS,0.020734036769711764
637,1,MS,0.020734036769711764
638,1,MS,0.009865067408448216
639,1,MS,0.009865067408448216
640,1,MS,0.011816087753826837
641,1,MS,0.011816087753826837
642,1,MS,0.009391800645028363
643,1,MS,0.009391800645028363
644,1,MS,0.004586414305266319
645,1,MS,0.004586414305266319
646,1,MS,0.003635235144213033
647,1,MS,0.003635235144213033
648,1,MS,0.004980741469471984
649,1,MS,0.004980741469471984
650,1,MS,0.0019141484958591546
651,1,MS,0.0019141484958591546
652,1,MS,0.0024742706178538664
653,1,MS,0.0024742706178538664
654,1,MS,0.013305378793827382
655,1,MS,0.013305378793827382
656,1,MS,0.02429790594820976
657,1,MS,0.02429790594820976
658,1,MS,0.017973775440192675
659,1,MS,0.017973775440192675
660,1,MS,0.011975935136554601
661,1,MS,0.011975935136554601
662,1,MS,0.019954468420982002
663,1,MS,0.019954468420982002
664,1,MS,0.012316497546804805
665,1,MS,0.012316497546804805
666,1,MS,0.0103013974131708
667,1,MS,0.0103013974131708
668,1,MS,0.004320221072576999
669,1,MS,0.004320221072576999
670,1,MS,0.002710770356642516
671,1,MS,0.002710770356642516
672,1,MS,0.001996558877185905
673,1,MS,0.001996558877185905
674,1,MS,0.0024261447693367686
675,1,MS,0.0024261447693367686
676,1,MS,0.0029710590316285677
677,1,MS,0.0029710590316285677
678,1,MS,0.0047393794522904336
679,1,MS,0.0047393794522904336
680,1,MS,0.0063939946052739855
681,1,MS,0.0063939946052739855
682,1,MS,0.006488892399913843
683,1,MS,0.006488892399913843
684,1,MS,0.011586802538639336
685,1,MS,0.011586802538639336
686,1,MS,0.011469662293108415
687,1,MS,0.011469662293108415
688,1,MS,0.009484546095054095
689,1,MS,0.009484546095054095
690,1,MS,0.008373915640471805
691,1,MS,0.008373915640471805
692,1,MS,0.0021170431363817014
693,1,MS,0.0021170431363817014
694,1,MS,0.001127149071122079
695,1,MS,0.001127149071122079
696,1,MS,0.0008039772333168116
697,1,MS,0.0008039772333168116
698,1,MS,0.0007197536833363739
699,1,MS,0.0007197536833363739
700,1,MS,0.0009050360779662266
701,1,MS,0.0009050360779662266
702,1,MS,0.006742784817776782
703,1,MS,0.006742784817776782
704,1,MS,0.017638814034942815
705,1,MS,0.017638814034942815
706,1,MS,0.022568861710014532
707,1,MS,0.022568861710014532
708,1,MS,0.025000411806021527
709,1,MS,0.025000411806021527
710,1,MS,0.026307628221355305
711,1,MS,0.026307628221355305
712,1,MS,0.01957147667262562
713,1,MS,0.01957147667262562
714,1,MS,0.009450149896240429
715,1,MS,0.009450149896240429
716,1,MS,0.004447985193544388
717,1,MS,0.004447985193544388
718,1,MS,0.0018554824710728984
719,1,MS,0.0018554824710728984
720,1,MS,0.001357694083930086
721,1,MS,0.001357694083930086
722,1,MS,0.0008003961076290391
723,1,MS,0.0008003961076290391
724,1,MS,0.001137086823292697
725,1,MS,0.001137086823292697
726,1,MS,0.008174454348837549
727,1,MS,0.008174454348837549
728,1,MS,0.012808028127091933
729,1,MS,0.012808028127091933
730,1,MS,0.01998252614589985
731,1,MS,0.01998252614589985
732,1,MS,0.02256208258095374
733,1,MS,0.02256208258095374
734,1,MS,0.020150779161726813
735,1,MS,0.020150779161726813
736,1,MS,0.011918116199948248
737,1,MS,0.011918116199948248
738,1,MS,0.007556283706201818
739,1,MS,0.007556283706201818
740,1,MS,0.003632752951325081
741,1,MS,0.003632752951325081
742,1,MS,0.0032500182860936153
743,1,MS,0.0032500182860936153
744,1,MS,0.0011114375674413967
745,1,MS,0.0011114375674413967
746,1,MS,0.0009649410941464063
747,1,MS,0.0009649410941464063
748,1,MS,0.0011379881039485134
749,1,MS,0.0011379881039485134
750,1,MS,0.008881826301690704
751,1,MS,0.008881826301690704
752,1,MS,0.02002074093521173
753,1,MS,0.02002074093521173
754,1,MS,0.025029814318811114
755,1,MS,0.025029814318811114
756,1,MS,0.02664064448948989
757,1,MS,0.02664064448948989
758,1,MS,0.025053662045160244
759,1,MS,0.025053662045160244
760,1,MS,0.01841288701128516
761,1,MS,0.01841288701128516
762,1,MS,0.008870144701929792
763,1,MS,0.008870144701929792
764,1,MS,0.0045533147896492585
765,1,MS,0.0045533147896492585
766,1,MS,0.0021763350767743405
767,1,MS,0.0021763350767743405
768,1,MS,0.0009090197015512621
769,1,MS,0.0009090197015512621
770,1,MS,0.0007152287469540167
771,1,MS,0.0007152287469540167
772,1,MS,0.0010519477279396093
773,1,MS,0.0010519477279396093
774,1,MS,0.006176433317679915
775,1,MS,0.006176433317679915
776,1,MS,0.014249408279970352
777,1,MS,0.014249408279970352
778,1,MS,0.024256381107129136
779,1,MS,0.024256381107129136
780,1,MS,0.024681702673455434
781,1,MS,0.024681702673455434
782,1,MS,0.028755997143256867
783,1,MS,0.028755997143256867
784,1,MS,0.025566740500771422
785,1,MS,0.025566740500771422
786,1,MS,0.01573104680232981
787,1,MS,0.01573104680232981
788,1,MS,0.0038419542140943623
789,1,MS,0.0038419542140943623
790,1,MS,0.004772602677074199
791,1,MS,0.004772602677074199
792,1,MS,0.0009407290878316219
793,1,MS,0.0009407290878316219
794,1,MS,0.001323310641859652
795,1,MS,0.001323310641859652
796,1,MS,0.001383159595669495
797,1,MS,0.001383159595669495
798,1,MS,0.0037981128357512423
799,1,MS,0.0037981128357512423
800,1,MS,0.005485666789735482
801,1,MS,0.005485666789735482
802,1,MS,0.008138469870026449
803,1,MS,0.008138469870026449
804,1,MS,0.010755989240656766
805,1,MS,0.010755989240656766
806,1,MS,0.010411103150040603
807,1,MS,0.010411103150040603
808,1,MS,0.009673066160990255
809,1,MS,0.009673066160990255
810,1,MS,0.004922085323292086
811,1,MS,0.004922085323292086
812,1,MS,0.002035147946679858
813,1,MS,0.002035147946679858
814,1,MS,0.0011987340919412846
815,1,MS,0.0011987340919412846
816,1,MS,0.0004350436522186377
817,1,MS,0.0004350436522186377
818,1,MS,0.00045827165876755467
819,1,MS,0.00045827165876755467
820,1,MS,0.0005924737917869285
821,1,MS,0.0005924737917869285
822,1,MS,0.0042620683271240335
823,1,MS,0.0042620683271240335
824,1,MS,0.009997463387316993
825,1,MS,0.009997463387316993
826,1,MS,0.015448748051492241
827,1,MS,0.015448748051492241
828,1,MS,0.01828699050485662
829,1,MS,0.01828699050485662
830,1,MS,0.019146412071047482
831,1,MS,0.019146412071047482
832,1,MS,0.01601428317199725
833,1,MS,0.01601428317199725
834,1,MS,0.00755551324733147
835,1,MS,0.00755551324733147
836,1,MS,0.0017358207825111007
837,1,MS,0.0017358207825111007
838,1,MS,0.0011932458890402315
839,1,MS,0.0011932458890402315
840,1,MS,0.00031788537537396933
841,1,MS,0.00031788537537396933
842,1,MS,0.0005983976666930879
843,1,MS,0.0005983976666930879
844,1,MS,0.0003571237621799917
845,1,MS,0.0003571237621799917
846,1,MS,0.001607583092879366
847,1,MS,0.001607583092879366
848,1,MS,0.003995469978113655
849,1,MS,0.003995469978113655
850,1,MS,0.009466802962885521
851,1,MS,0.009466802962885521
852,1,MS,0.01061467201735302
853,1,MS,0.01061467201735302
854,1,MS,0.011166547310815438
855,1,MS,0.011166547310815438
856,1,MS,0.009347402361381499
857,1,MS,0.009347402361381499
858,1,MS,0.0044715153835222
859,1,MS,0.0044715153835222
860,1,MS,0.0012373317372244687
861,1,MS,0.0012373317372244687
862,1,MS,0.0004756518437343772
863,1,MS,0.0004756518437343772
864,1,MS,0.0011868390850752327
865,1,MS,0.0011868390850752327
866,1,MS,0.001183251623242655
867,1,MS,0.001183251623242655
868,1,MS,0.0010182199209528738
869,1,MS,0.0010182199209528738
870,1,MS,0.003691972508289087
871,1,MS,0.003691972508289087
872,1,MS,0.004872904604634575
873,1,MS,0.004872904604634575
874,1,MS,0.006484864611943316
875,1,MS,0.006484864611943316
876,1,MS,0.008270558406597621
877,1,MS,0.008270558406597621
878,1,MS,0.008857441905099767
879,1,MS,0.008857441905099767
880,1,MS,0.005812357299036405
881,1,MS,0.005812357299036405
882,1,MS,0.002347656883735927
883,1,MS,0.002347656883735927
884,1,MS,0.0013380143451266115
885,1,MS,0.0013380143451266115
886,1,MS,0.0012486367905647831
887,1,MS,0.0012486367905647831
888,1,MS,0.00012579970153340773
889,1,MS,0.00012579970153340773
890,1,MS,0.00014222874515957933
891,1,MS,0.00014222874515957933
892,1,MS,0.00035255678618717533
893,1,MS,0.00035255678618717533
894,1,MS,0.003076259267920556
895,1,MS,0.003076259267920556
896,1,MS,0.00582622089100653
897,1,MS,0.00582622089100653
898,1,MS,0.0062567172124030936
899,1,MS,0.0062567172124030936
900,1,MS,0.007066445299706181
901,1,MS,0.007066445299706181
902,1,MS,0.0074906799022519625
903,1,MS,0.0074906799022519625
904,1,MS,0.0034885597906097496
905,1,MS,0.0034885597906097496
906,1,MS,0.004003226489525015
907,1,MS,0.004003226489525015
908,1,MS,0.0006586655493668089
909,1,MS,0.0006586655493668089
910,1,MS,0.00048294743705855445
911,1,MS,0.00048294743705855445
912,1,MS,0.0002708197129915092
913,1,MS,0.0002708197129915092
914,1,MS,0.00022454668009748614
915,1,MS,0.00022454668009748614
916,1,MS,0.0003562616185415557
917,1,MS,0.0003562616185415557
918,1,MS,0.0025348792998868856
919,1,MS,0.0025348792998868856
920,1,MS,0.004246479210782639
921,1,MS,0.004246479210782639
922,1,MS,0.008527859212015891
923,1,MS,0.008527859212015891
924,1,MS,0.0054653060084272655
925,1,MS,0.0054653060084272655
926,1,MS,0.00855240907322129
927,1,MS,0.00855240907322129
928,1,MS,0.00508106439643109
929,1,MS,0.00508106439643109
930,1,MS,0.001814816318180021
931,1,MS,0.001814816318180021
932,1,MS,0.00048111554715894907
933,1,MS,0.00048111554715894907
934,1,MS,0.0002144032987126157
935,1,MS,0.0002144032987126157
936,1,MS,0.0006069835873364659
937,1,MS,0.0006069835873364659
938,1,MS,0.0007601951105324183
939,1,MS,0.0007601951105324183
940,1,MS,0.000695664896389334
941,1,MS,0.000695664896389334
942,1,MS,0.0032034857807202253
943,1,MS,0.0032034857807202253
944,1,MS,0.0033656243380366666
945,1,MS,0.0033656243380366666
946,1,MS,0.0024710752081932466
947,1,MS,0.0024710752081932466
948,1,MS,0.004445553361620814
949,1,MS,0.004445553361620814
950,1,MS,0.004936185191147804
951,1,MS,0.004936185191147804
952,1,MS,0.0024143759392105902
953,1,MS,0.0024143759392105902
954,1,MS,0.0022645808622475394
955,1,MS,0.0022645808622475394
956,1,MS,0.0009629241417618592
957,1,MS,0.0009629241417618592
958,1,MS,0.0004888270618772294
959,1,MS,0.0004888270618772294
960,1,MS,8.438565006542289e-05
961,1,MS,8.438565006542289e-05
962,1,MS,0.00015393225210864238
963,1,MS,0.00015393225210864238
964,1,MS,0.00015746265565730954
965,1,MS,0.00015746265565730954
966,1,MS,0.0016138798677946807
967,1,MS,0.0016138798677946807
968,1,MS,0.003302849938390475
969,1,MS,0.003302849938390475
970,1,MS,0.0053811268952461515
971,1,MS,0.0053811268952461515
972,1,MS,0.006801042550504043
973,1,MS,0.006801042550504043
974,1,MS,0.006677442204031516
975,1,MS,0.006677442204031516
976,1,MS,0.006185882662270521
977,1,MS,0.006185882662270521
978,1,MS,0.003106933388253705
979,1,MS,0.003106933388253705
980,1,MS,0.0005981350137359484
981,1,MS,0.0005981350137359484
982,1,MS,0.00031777225322796336
983,1,MS,0.00031777225322796336
984,1,MS,0.00020625367109669118
985,1,MS,0.00020625367109669118
986,1,MS,0.0001062766746655719
987,1,MS,0.0001062766746655719
988,1,MS,0.00011361904697755035
989,1,MS,0.00011361904697755035
990,1,MS,0.0019418107787309313
991,1,MS,0.0019418107787309313
992,1,MS,0.0036676769157092445
993,1,MS,0.0036676769157092445
994,1,MS,0.005275425489120124
995,1,MS,0.005275425489120124
996,1,MS,0.007000142174986662
997,1,MS,0.007000142174986662
998,1,MS,0.006985283477972443
999,1,MS,0.006985283477972443
1000,1,MS,0.006687684548516749
1001,1,MS,0.006687684548516749
1002,1,MS,0.00285333266231377
1003,1,MS,0.00285333266231377
1004,1,MS,0.0006907097140655021
1005,1,MS,0.0006907097140655021
1006,1,MS,0.00033664902594906284
1007,1,MS,0.00033664902594906284
1008,1,MS,0.0005440411049035097
1009,1,MS,0.0005440411049035097
1010,1,MS,0.00037413304214457756
1011,1,MS,0.00037413304214457756
1012,1,MS,0.0005307040709289031
1013,1,MS,0.0005307040709289031
1014,1,MS,0.0013427212451510267
1015,1,MS,0.0013427212451510267
1016,1,MS,0.0028057167539851644
1017,1,MS,0.0028057167539851644
1018,1,MS,0.00346029254093914
1019,1,MS,0.00346029254093914
1020,1,MS,0.004029307245526763
1021,1,MS,0.004029307245526763
1022,1,MS,0.0038957872627986144
1023,1,MS,0.0038957872627986144
1024,1,MS,0.0033371656039256413
1025,1,MS,0.0033371656039256413
1026,1,MS,0.0015981940438073551
1027,1,MS,0.0015981940438073551
1028,1,MS,0.0006035521975901052
1029,1,MS,0.0006035521975901052
1030,1,MS,0.0005517150921615574
1031,1,MS,0.0005517150921615574
1032,1,MS,0.00030842742053769045
1033,1,MS,0.00030842742053769045
1034,1,MS,0.00012399431938015385
1035,1,MS,0.00012399431938015385
1036,1,MS,9.163733308340465e-05
1037,1,MS,9.163733308340465e-05
1038,1,MS,0.0011122012889916613
1039,1,MS,0.0011122012889916613
1040,1,MS,0.0024996171518501414
1041,1,MS,0.0024996171518501414
1042,1,MS,0.0034849772088712794
1043,1,MS,0.0034849772088712794
1044,1,MS,0.003957587305961082
1045,1,MS,0.003957587305961082
1046,1,MS,0.003901350499780365
1047,1,MS,0.003901350499780365
1048,1,MS,0.003428547475311924
1049,1,MS,0.003428547475311924
1050,1,MS,0.0017461503106932538
1051,1,MS,0.0017461503106932538
1052,1,MS,0.000621398956911728
1053,1,MS,0.000621398956911728
1054,1,MS,0.00026646007618605187
1055,1,MS,0.00026646007618605187
1056,1,MS,5.578097864112151e-05
1057,1,MS,5.578097864112151e-05
1058,1,MS,3.076012996680576e-05
1059,1,MS,3.076012996680576e-05
1060,1,MS,1.2142739769102862e-05
1061,1,MS,1.2142739769102862e-05
1062,1,MS,0.0006108228148216233
1063,1,MS,0.0006108228148216233
1064,1,MS,0.0020996600575115794
1065,1,MS,0.0020996600575115794
1066,1,MS,0.0027141474601126473
1067,1,MS,0.0027141474601126473
1068,1,MS,0.003072853848325206
1069,1,MS,0.003072853848325206
1070,1,MS,0.0029803336205091293
1071,1,MS,0.0029803336205091293
1072,1,MS,0.002200271553845966
1073,1,MS,0.002200271553845966
1074,1,MS,0.0008884746177612746
1075,1,MS,0.0008884746177612746
1076,1,MS,0.00017731473510884064
1077,1,MS,0.00017731473510884064
1078,1,MS,8.097531899810128e-05
1079,1,MS,8.097531899810128e-05
1080,1,MS,0.00030604369950742945
1081,1,MS,0.00030604369950742945
1082,1,MS,0.0003213829589911295
1083,1,MS,0.0003213829589911295
1084,1,MS,0.000421545357499298
1085,1,MS,0.000421545357499298
1086,1,MS,0.0011249289652940796
1087,1,MS,0.0011249289652940796
1088,1,MS,0.001578709528884722
1089,1,MS,0.001578709528884722
1090,1,MS,0.0020852507344973036
1091,1,MS,0.0020852507344973036
1092,1,MS,0.001078184557658478
1093,1,MS,0.001078184557658478
1094,1,MS,0.0022456770687559685
1095,1,MS,0.0022456770687559685
1096,1,MS,0.0019869029092619414
1097,1,MS,0.0019869029092619414
1098,1,MS,0.000989747144201771
1099,1,MS,0.000989747144201771
1100,1,MS,0.0003954527040699864
1101,1,MS,0.0003954527040699864
1102,1,MS,0.0003058783504150269
1103,1,MS,0.0003058783504150269
1104,1,MS,9.768717107805072e-05
1105,1,MS,9.768717107805072e-05
1106,1,MS,7.00512932767606e-05
1107,1,MS,7.00512932767606e-05
1108,1,MS,6.049355601265353e-05
1109,1,MS,6.049355601265353e-05
1110,1,MS,0.00041623674607427306
1111,1,MS,0.00041623674607427306
1112,1,MS,0.0005923203196978307
1113,1,MS,0.0005923203196978307
1114,1,MS,0.0006177870230746084
1115,1,MS,0.0006177870230746084
1116,1,MS,0.0006958467716721782
1117,1,MS,0.0006958467716721782
1118,1,MS,0.0006619961601470738
1119,1,MS,0.0006619961601470738
1120,1,MS,0.0005508406459704748
1121,1,MS,0.0005508406459704748
1122,1,MS,0.00022858298826979156
1123,1,MS,0.00022858298826979156
1124,1,MS,3.236884934280623e-05
1125,1,MS,3.236884934280623e-05
1126,1,MS,1.9911241223083693e-05
1127,1,MS,1.9911241223083693e-05
1128,1,MS,2.1776069792530827e-05
1129,1,MS,2.1776069792530827e-05
1130,1,MS,1.5119019041017151e-05
1131,1,MS,1.5119019041017151e-05
1132,1,MS,1.3817327360430139e-05
1133,1,MS,1.3817327360430139e-05
1134,1,MS,9.306969788451197e-05
1135,1,MS,9.306969788451197e-05
1136,1,MS,0.0001672777203320127
1137,1,MS,0.0001672777203320127
1138,1,MS,0.0
1139,1,MS,0.0
1140,1,MS,0.0
1141,1,MS,0.0
1142,1,MS,0.0
1143,1,MS,0.0
1144,1,MS,0.0
1145,1,MS,0.0
1146,1,MS,0.0
1147,1,MS,0.0
1148,1,MS,0.0
1149,1,MS,0.0
1150,1,MS,0.0
1151,1,MS,0.0
1152,1,MS,0.0
1153,1,MS,0.0
1154,1,MS,0.0
1155,1,MS,0.0
1156,1,MS,0.0
1157,1,MS,0.0
1158,1,MS,0.0
1159,1,MS,0.0
1160,1,MS,0.0
1161,1,MS,0.0
1162,1,MS,0.0
1163,1,MS,0.0
1164,1,MS,0.0
1165,1,MS,0.0
1166,1,MS,0.0
1167,1,MS,0.0
1168,1,MS,0.0
1169,1,MS,0.0
1170,1,MS,0.0
1171,1,MS,0.0
1172,1,MS,0.0
1173,1,MS,0.0
1174,1,MS,0.0
1175,1,MS,0.0
1176,1,MS,0.0
1177,1,MS,0.0
1178,1,MS,0.0
1179,1,MS,0.0
1180,1,MS,0.0
1181,1,MS,0.0
1182,1,MS,0.0
1183,1,MS,0.0
1184,1,MS,0.0
1185,1,MS,0.0
1186,1,MS,0.0
1187,1,MS,0.0
1188,1,MS,0.0
1189,1,MS,0.0
1190,1,MS,0.0
1191,1,MS,0.0
1192,1,MS,0.0
1193,1,MS,0.0
1194,1,MS,0.0
1195,1,MS,0.0
1196,1,MS,0.0
1197,1,MS,0.0
1198,1,MS,0.0
1199,1,MS,0.0
