t,plant,axis,Conc_Nitrates_Soil,Tsoil,mineralisation,nitrates,volume
0,1,MS,320445.72219,19.10000,0.00689,320445.72219,1
1,1,MS,319537.03323,17.90000,0.00628,319537.03323,1
2,1,MS,319174.42228,17.10000,0.00590,319174.42228,1
3,1,MS,318772.26077,16.70000,0.00572,318772.26077,1
4,1,MS,318698.21692,16.50000,0.00563,318698.21692,1
5,1,MS,318556.79804,16.40000,0.00559,318556.79804,1
6,1,MS,318551.58800,16.60000,0.00568,318551.58800,1
7,1,MS,318466.69903,16.90000,0.00581,318466.69903,1
8,1,MS,318457.91612,16.50000,0.00563,318457.91612,1
9,1,MS,318378.98654,15.50000,0.00521,318378.98654,1
10,1,MS,318368.09956,16.30000,0.00554,318368.09956,1
11,1,MS,318266.48574,18.20000,0.00643,318266.48574,1
12,1,MS,318274.72137,17.80000,0.00623,318274.72137,1
13,1,MS,318183.72217,18.70000,0.00668,318183.72217,1
14,1,MS,318202.64815,18.80000,0.00673,318202.64815,1
15,1,MS,318112.29842,19.20000,0.00694,318112.29842,1
16,1,MS,318128.57909,18.80000,0.00673,318128.57909,1
17,1,MS,318040.85825,18.10000,0.00638,318040.85825,1
18,1,MS,318026.49079,16.30000,0.00554,318026.49079,1
19,1,MS,317946.36723,13.80000,0.00455,317946.36723,1
20,1,MS,317899.20704,11.60000,0.00381,317899.20704,1
21,1,MS,317797.71218,12.10000,0.00396,317797.71218,1
22,1,MS,317740.15574,12.00000,0.00393,317740.15574,1
23,1,MS,317643.73488,10.50000,0.00348,317643.73488,1
24,1,MS,317576.75636,10.40000,0.00345,317576.75636,1
25,1,MS,317472.37433,9.70000,0.00326,317472.37433,1
26,1,MS,317403.16338,11.80000,0.00387,317403.16338,1
27,1,MS,317304.65085,9.50000,0.00320,317304.65085,1
28,1,MS,317231.11609,9.20000,0.00313,317231.11609,1
29,1,MS,317067.89029,13.70000,0.00451,317067.89029,1
30,1,MS,317024.56000,14.90000,0.00496,317024.56000,1
31,1,MS,316898.30779,16.10000,0.00546,316898.30779,1
32,1,MS,316919.94721,18.30000,0.00648,316919.94721,1
33,1,MS,316820.98538,19.50000,0.00710,316820.98538,1
34,1,MS,316866.88821,20.30000,0.00755,316866.88821,1
35,1,MS,316759.70152,21.30000,0.00814,316759.70152,1
36,1,MS,316852.71235,22.40000,0.00884,316852.71235,1
37,1,MS,316745.85340,23.00000,0.00924,316745.85340,1
38,1,MS,316848.92889,23.20000,0.00938,316848.92889,1
39,1,MS,316741.95236,22.80000,0.00910,316741.95236,1
40,1,MS,316816.10960,22.00000,0.00858,316816.10960,1
41,1,MS,316712.79777,20.90000,0.00790,316712.79777,1
42,1,MS,316739.90054,19.60000,0.00716,316739.90054,1
43,1,MS,316645.68511,17.40000,0.00604,316645.68511,1
44,1,MS,316625.24976,16.10000,0.00546,316625.24976,1
45,1,MS,316519.30341,15.40000,0.00516,316519.30341,1
46,1,MS,316472.07533,13.20000,0.00433,316472.07533,1
47,1,MS,316349.21203,14.00000,0.00462,316349.21203,1
48,1,MS,316295.43449,13.30000,0.00437,316295.43449,1
49,1,MS,316176.59563,13.00000,0.00426,316176.59563,1
50,1,MS,316116.01459,12.70000,0.00416,316116.01459,1
51,1,MS,315996.70377,12.20000,0.00400,315996.70377,1
52,1,MS,315928.35906,12.00000,0.00393,315928.35906,1
53,1,MS,315796.57008,12.40000,0.00406,315796.57008,1
54,1,MS,315735.73144,13.40000,0.00440,315735.73144,1
55,1,MS,315599.73544,14.00000,0.00462,315599.73544,1
56,1,MS,315556.63738,14.60000,0.00485,315556.63738,1
57,1,MS,315408.00011,16.90000,0.00581,315408.00011,1
58,1,MS,315415.29256,17.70000,0.00618,315415.29256,1
59,1,MS,315303.86309,18.10000,0.00638,315303.86309,1
60,1,MS,315338.61603,19.50000,0.00710,315338.61603,1
61,1,MS,315223.93907,19.80000,0.00727,315223.93907,1
62,1,MS,315266.56924,20.10000,0.00744,315266.56924,1
63,1,MS,315159.67704,19.10000,0.00689,315159.67704,1
64,1,MS,315197.67402,19.90000,0.00732,315197.67402,1
65,1,MS,315092.99788,18.30000,0.00648,315092.99788,1
66,1,MS,315082.54797,17.10000,0.00590,315082.54797,1
67,1,MS,314968.87695,16.30000,0.00554,314968.87695,1
68,1,MS,314936.30212,15.20000,0.00508,314936.30212,1
69,1,MS,314814.33333,15.10000,0.00504,314814.33333,1
70,1,MS,314774.50968,14.70000,0.00489,314774.50968,1
71,1,MS,314649.92993,14.60000,0.00485,314649.92993,1
72,1,MS,314593.94014,13.20000,0.00433,314593.94014,1
73,1,MS,314464.56508,13.20000,0.00433,314464.56508,1
74,1,MS,314400.25564,12.90000,0.00423,314400.25564,1
75,1,MS,314270.74664,12.40000,0.00406,314270.74664,1
76,1,MS,314194.83242,11.70000,0.00384,314194.83242,1
77,1,MS,314057.73683,11.60000,0.00381,314057.73683,1
78,1,MS,313975.16560,11.70000,0.00384,313975.16560,1
79,1,MS,313828.15663,11.90000,0.00390,313828.15663,1
80,1,MS,313746.24546,12.30000,0.00403,313746.24546,1
81,1,MS,313594.54689,12.60000,0.00413,313594.54689,1
82,1,MS,313519.58824,13.10000,0.00430,313519.58824,1
83,1,MS,313362.02534,13.90000,0.00458,313362.02534,1
84,1,MS,313317.52205,15.00000,0.00500,313317.52205,1
85,1,MS,313173.16211,15.70000,0.00529,313173.16211,1
86,1,MS,313146.46888,15.90000,0.00537,313146.46888,1
87,1,MS,313013.55417,16.20000,0.00550,313013.55417,1
88,1,MS,312991.53612,16.20000,0.00550,312991.53612,1
89,1,MS,312864.46905,16.20000,0.00550,312864.46905,1
90,1,MS,312832.05711,15.40000,0.00516,312832.05711,1
91,1,MS,312719.60136,13.60000,0.00447,312719.60136,1
92,1,MS,312671.81258,14.10000,0.00466,312671.81258,1
93,1,MS,312540.98452,14.00000,0.00462,312540.98452,1
94,1,MS,312475.91397,12.70000,0.00416,312475.91397,1
95,1,MS,312348.27900,11.80000,0.00387,312348.27900,1
96,1,MS,312264.51284,10.50000,0.00348,312264.51284,1
97,1,MS,312109.70522,11.60000,0.00381,312109.70522,1
98,1,MS,312019.76259,12.10000,0.00396,312019.76259,1
99,1,MS,311862.62678,12.10000,0.00396,311862.62678,1
100,1,MS,311778.16655,12.50000,0.00409,311778.16655,1
101,1,MS,311612.72090,13.30000,0.00437,311612.72090,1
102,1,MS,311567.13657,15.20000,0.00508,311567.13657,1
103,1,MS,311390.09880,18.00000,0.00633,311390.09880,1
104,1,MS,311453.02726,19.80000,0.00727,311453.02726,1
105,1,MS,311346.94284,19.00000,0.00684,311346.94284,1
106,1,MS,311401.08741,20.70000,0.00778,311401.08741,1
107,1,MS,311267.25425,20.70000,0.00778,311267.25425,1
108,1,MS,311328.00415,20.70000,0.00778,311328.00415,1
109,1,MS,311199.36811,20.30000,0.00755,311199.36811,1
110,1,MS,311225.06460,19.30000,0.00700,311225.06460,1
111,1,MS,311092.44538,18.90000,0.00678,311092.44538,1
112,1,MS,311116.42270,19.00000,0.00684,311116.42270,1
113,1,MS,310984.55601,18.70000,0.00668,310984.55601,1
114,1,MS,310988.27960,18.00000,0.00633,310988.27960,1
115,1,MS,310861.90735,16.90000,0.00581,310861.90735,1
116,1,MS,310831.94037,15.80000,0.00533,310831.94037,1
117,1,MS,310704.14574,14.80000,0.00492,310704.14574,1
118,1,MS,310638.32197,12.50000,0.00409,310638.32197,1
119,1,MS,310493.09470,12.70000,0.00416,310493.09470,1
120,1,MS,310448.74709,15.20000,0.00508,310448.74709,1
121,1,MS,310302.41451,15.20000,0.00508,310302.41451,1
122,1,MS,310272.46497,15.90000,0.00537,310272.46497,1
123,1,MS,310144.03260,14.80000,0.00492,310144.03260,1
124,1,MS,310101.53258,14.90000,0.00496,310101.53258,1
125,1,MS,309953.62113,15.40000,0.00516,309953.62113,1
126,1,MS,309923.75610,15.90000,0.00537,309923.75610,1
127,1,MS,309756.46820,17.90000,0.00628,309756.46820,1
128,1,MS,309778.64453,18.50000,0.00658,309778.64453,1
129,1,MS,309636.55356,19.10000,0.00689,309636.55356,1
130,1,MS,309623.87797,17.10000,0.00590,309623.87797,1
131,1,MS,309475.85234,17.50000,0.00609,309475.85234,1
132,1,MS,309498.69260,18.70000,0.00668,309498.69260,1
133,1,MS,309358.52520,19.00000,0.00684,309358.52520,1
134,1,MS,309385.73612,19.10000,0.00689,309385.73612,1
135,1,MS,309234.79164,19.70000,0.00721,309234.79164,1
136,1,MS,309287.34075,20.10000,0.00744,309287.34075,1
137,1,MS,309140.47336,20.50000,0.00767,309140.47336,1
138,1,MS,309181.40750,19.80000,0.00727,309181.40750,1
139,1,MS,309061.27229,17.30000,0.00599,309061.27229,1
140,1,MS,309051.99710,17.40000,0.00604,309051.99710,1
141,1,MS,308911.11665,16.80000,0.00577,308911.11665,1
142,1,MS,308868.63779,15.00000,0.00500,308868.63779,1
143,1,MS,308719.48085,15.00000,0.00500,308719.48085,1
144,1,MS,308665.05483,14.30000,0.00473,308665.05483,1
145,1,MS,308517.49768,13.80000,0.00455,308517.49768,1
146,1,MS,308450.65385,13.50000,0.00444,308450.65385,1
147,1,MS,308287.05810,13.90000,0.00458,308287.05810,1
148,1,MS,308229.90687,14.50000,0.00481,308229.90687,1
149,1,MS,308065.17191,15.00000,0.00500,308065.17191,1
150,1,MS,308053.99417,17.00000,0.00586,308053.99417,1
151,1,MS,307878.55430,19.10000,0.00689,307878.55430,1
152,1,MS,307896.37383,18.50000,0.00658,307896.37383,1
153,1,MS,307745.01449,19.00000,0.00684,307745.01449,1
154,1,MS,307781.42871,19.40000,0.00705,307781.42871,1
155,1,MS,307610.16853,21.10000,0.00802,307610.16853,1
156,1,MS,307712.50045,21.60000,0.00833,307712.50045,1
157,1,MS,307547.12667,22.80000,0.00910,307547.12667,1
158,1,MS,307684.77496,23.00000,0.00924,307684.77496,1
159,1,MS,307519.20294,23.30000,0.00945,307519.20294,1
160,1,MS,307672.75891,23.50000,0.00959,307672.75891,1
161,1,MS,307529.79492,21.60000,0.00833,307529.79492,1
162,1,MS,307604.43444,21.30000,0.00814,307604.43444,1
163,1,MS,307461.56909,19.30000,0.00700,307461.56909,1
164,1,MS,307473.75588,18.60000,0.00663,307473.75588,1
165,1,MS,307318.04059,18.10000,0.00638,307318.04059,1
166,1,MS,307301.88201,17.00000,0.00586,307301.88201,1
167,1,MS,307171.20649,14.50000,0.00481,307171.20649,1
168,1,MS,307093.65684,11.80000,0.00387,307093.65684,1
169,1,MS,306928.59183,12.10000,0.00396,306928.59183,1
170,1,MS,306830.94635,12.10000,0.00396,306830.94635,1
171,1,MS,306637.44815,12.80000,0.00420,306637.44815,1
172,1,MS,306537.13348,12.60000,0.00413,306537.13348,1
173,1,MS,306261.85331,17.10000,0.00590,306261.85331,1
174,1,MS,306326.80784,19.30000,0.00700,306326.80784,1
175,1,MS,306146.66009,22.30000,0.00877,306146.66009,1
176,1,MS,306283.87167,22.70000,0.00904,306283.87167,1
177,1,MS,306090.96670,24.50000,0.01031,306090.96670,1
178,1,MS,306389.07464,27.10000,0.01240,306389.07464,1
179,1,MS,306147.24536,28.60000,0.01374,306147.24536,1
180,1,MS,306485.50346,29.70000,0.01479,306485.50346,1
181,1,MS,306201.11058,29.40000,0.01450,306201.11058,1
182,1,MS,306570.22998,30.50000,0.01558,306570.22998,1
183,1,MS,306263.33587,30.00000,0.01508,306263.33587,1
184,1,MS,306615.99090,28.40000,0.01356,306615.99090,1
185,1,MS,306400.23291,26.80000,0.01214,306400.23291,1
186,1,MS,306624.41804,25.30000,0.01092,306624.41804,1
187,1,MS,306450.36153,23.00000,0.00924,306450.36153,1
188,1,MS,306550.32069,21.90000,0.00852,306550.32069,1
189,1,MS,306379.93559,20.60000,0.00772,306379.93559,1
190,1,MS,306441.35461,20.40000,0.00761,306441.35461,1
191,1,MS,306268.17002,19.80000,0.00727,306268.17002,1
192,1,MS,306207.15490,14.00000,0.00462,306207.15490,1
193,1,MS,306015.84133,14.90000,0.00496,306015.84133,1
194,1,MS,305923.80267,12.60000,0.00413,305923.80267,1
195,1,MS,305757.99572,10.90000,0.00360,305757.99572,1
196,1,MS,305646.91310,11.70000,0.00384,305646.91310,1
197,1,MS,305391.93481,14.50000,0.00481,305391.93481,1
198,1,MS,305366.72802,16.80000,0.00577,305366.72802,1
199,1,MS,305168.61108,17.70000,0.00618,305168.61108,1
200,1,MS,305204.98704,19.00000,0.00684,305204.98704,1
201,1,MS,305018.62787,19.70000,0.00721,305018.62787,1
202,1,MS,305096.02697,20.60000,0.00772,305096.02697,1
203,1,MS,304897.58435,21.60000,0.00833,304897.58435,1
204,1,MS,305039.10802,22.40000,0.00884,305039.10802,1
205,1,MS,304838.56536,23.00000,0.00924,304838.56536,1
206,1,MS,304990.99247,22.90000,0.00917,304990.99247,1
207,1,MS,304786.99713,23.20000,0.00938,304786.99713,1
208,1,MS,304915.23671,22.30000,0.00877,304915.23671,1
209,1,MS,304720.92951,22.00000,0.00858,304720.92951,1
210,1,MS,304763.47189,19.80000,0.00727,304763.47189,1
211,1,MS,304601.82040,17.30000,0.00599,304601.82040,1
212,1,MS,304556.12738,15.60000,0.00525,304556.12738,1
213,1,MS,304363.70330,15.60000,0.00525,304363.70330,1
214,1,MS,304309.85394,15.30000,0.00512,304309.85394,1
215,1,MS,304129.68661,14.30000,0.00473,304129.68661,1
216,1,MS,304019.62380,8.90000,0.00305,304019.62380,1
217,1,MS,303844.65783,8.40000,0.00292,303844.65783,1
218,1,MS,303699.15453,7.50000,0.00271,303699.15453,1
219,1,MS,303498.04866,7.20000,0.00264,303498.04866,1
220,1,MS,303321.51610,7.90000,0.00280,303321.51610,1
221,1,MS,303048.12605,9.50000,0.00320,303048.12605,1
222,1,MS,302849.71198,10.90000,0.00360,302849.71198,1
223,1,MS,302543.42415,11.80000,0.00387,302543.42415,1
224,1,MS,302374.81676,12.70000,0.00416,302374.81676,1
225,1,MS,302058.50271,14.40000,0.00477,302058.50271,1
226,1,MS,301952.35248,14.50000,0.00481,301952.35248,1
227,1,MS,301674.48881,16.50000,0.00563,301674.48881,1
228,1,MS,301683.33590,17.90000,0.00628,301683.33590,1
229,1,MS,301483.49848,18.60000,0.00663,301483.49848,1
230,1,MS,301516.91207,19.10000,0.00689,301516.91207,1
231,1,MS,301315.93054,19.50000,0.00710,301315.93054,1
232,1,MS,301339.96099,18.90000,0.00678,301339.96099,1
233,1,MS,301154.54421,18.00000,0.00633,301154.54421,1
234,1,MS,301121.99873,16.50000,0.00563,301121.99873,1
235,1,MS,300970.30675,13.00000,0.00426,300970.30675,1
236,1,MS,300874.20443,12.10000,0.00396,300874.20443,1
237,1,MS,300681.08056,11.60000,0.00381,300681.08056,1
238,1,MS,300551.66930,10.90000,0.00360,300551.66930,1
239,1,MS,300332.21754,10.80000,0.00357,300332.21754,1
240,1,MS,300189.02350,11.80000,0.00387,300189.02350,1
241,1,MS,299953.83507,11.40000,0.00375,299953.83507,1
242,1,MS,299804.11271,11.30000,0.00371,299804.11271,1
243,1,MS,299571.44765,10.70000,0.00354,299571.44765,1
244,1,MS,299414.14637,10.90000,0.00360,299414.14637,1
245,1,MS,299123.63758,12.80000,0.00420,299123.63758,1
246,1,MS,299020.87638,14.80000,0.00492,299020.87638,1
247,1,MS,298762.29444,15.60000,0.00525,298762.29444,1
248,1,MS,298812.25873,19.00000,0.00684,298812.25873,1
249,1,MS,298614.76709,19.60000,0.00716,298614.76709,1
250,1,MS,298689.25625,20.50000,0.00767,298689.25625,1
251,1,MS,298487.80170,20.10000,0.00744,298487.80170,1
252,1,MS,298439.94327,15.70000,0.00529,298439.94327,1
253,1,MS,298162.62028,19.30000,0.00700,298162.62028,1
254,1,MS,298182.54771,18.40000,0.00653,298182.54771,1
255,1,MS,297959.40134,19.70000,0.00721,297959.40134,1
256,1,MS,297985.43274,18.90000,0.00678,297985.43274,1
257,1,MS,297794.37907,17.80000,0.00623,297794.37907,1
258,1,MS,297759.71630,16.50000,0.00563,297759.71630,1
259,1,MS,297563.09597,15.50000,0.00521,297563.09597,1
260,1,MS,297491.66238,14.50000,0.00481,297491.66238,1
261,1,MS,297293.49045,13.60000,0.00447,297293.49045,1
262,1,MS,297178.97880,11.90000,0.00390,297178.97880,1
263,1,MS,296972.73938,11.00000,0.00362,296972.73938,1
264,1,MS,296829.63709,10.80000,0.00357,296829.63709,1
265,1,MS,296599.26218,10.40000,0.00345,296599.26218,1
266,1,MS,296437.95812,10.90000,0.00360,296437.95812,1
267,1,MS,296193.77287,10.30000,0.00342,296193.77287,1
268,1,MS,296026.30792,11.30000,0.00371,296026.30792,1
269,1,MS,295726.89257,12.70000,0.00416,295726.89257,1
270,1,MS,295607.66636,14.40000,0.00477,295607.66636,1
271,1,MS,295330.43708,15.20000,0.00508,295330.43708,1
272,1,MS,295383.86442,19.00000,0.00684,295383.86442,1
273,1,MS,295169.61202,20.00000,0.00738,295169.61202,1
274,1,MS,295266.08768,21.00000,0.00796,295266.08768,1
275,1,MS,295022.51114,22.50000,0.00890,295022.51114,1
276,1,MS,295176.23862,22.40000,0.00884,295176.23862,1
277,1,MS,294933.16976,23.30000,0.00945,294933.16976,1
278,1,MS,295119.48224,23.30000,0.00945,295119.48224,1
279,1,MS,294854.84275,24.60000,0.01038,294854.84275,1
280,1,MS,295065.08434,23.80000,0.00980,295065.08434,1
281,1,MS,294836.28126,22.90000,0.00917,294836.28126,1
282,1,MS,294919.05094,21.00000,0.00796,294919.05094,1
283,1,MS,294705.25451,19.60000,0.00716,294705.25451,1
284,1,MS,294752.70851,19.70000,0.00721,294752.70851,1
285,1,MS,294523.55271,19.80000,0.00727,294523.55271,1
286,1,MS,294518.58302,17.90000,0.00628,294518.58302,1
287,1,MS,294293.52678,17.80000,0.00623,294293.52678,1
288,1,MS,294292.47925,17.90000,0.00628,294292.47925,1
289,1,MS,294093.54507,16.40000,0.00559,294093.54507,1
290,1,MS,294051.88806,16.30000,0.00554,294051.88806,1
291,1,MS,293823.55214,16.30000,0.00554,293823.55214,1
292,1,MS,293794.15714,16.80000,0.00577,293794.15714,1
293,1,MS,293551.67904,17.60000,0.00614,293551.67904,1
294,1,MS,293601.88504,19.30000,0.00700,293601.88504,1
295,1,MS,293381.38164,19.20000,0.00694,293381.38164,1
296,1,MS,293518.74363,21.70000,0.00839,293518.74363,1
297,1,MS,293280.13642,21.90000,0.00852,293280.13642,1
298,1,MS,293430.15196,22.30000,0.00877,293430.15196,1
299,1,MS,293149.58550,23.90000,0.00987,293149.58550,1
300,1,MS,293356.50026,23.40000,0.00952,293356.50026,1
301,1,MS,293120.57308,22.40000,0.00884,293120.57308,1
302,1,MS,293160.16919,19.70000,0.00721,293160.16919,1
303,1,MS,292952.42161,17.40000,0.00604,292952.42161,1
304,1,MS,292928.58737,17.20000,0.00595,292928.58737,1
305,1,MS,292673.39524,18.10000,0.00638,292673.39524,1
306,1,MS,292663.71065,17.60000,0.00614,292663.71065,1
307,1,MS,292455.64169,16.10000,0.00546,292455.64169,1
308,1,MS,292405.27478,16.00000,0.00541,292405.27478,1
309,1,MS,292175.85356,15.50000,0.00521,292175.85356,1
310,1,MS,292106.84365,15.20000,0.00508,292106.84365,1
311,1,MS,291787.40209,18.60000,0.00663,291787.40209,1
312,1,MS,291665.93725,12.50000,0.00409,291665.93725,1
313,1,MS,291413.49776,12.50000,0.00409,291413.49776,1
314,1,MS,291273.26032,12.60000,0.00413,291273.26032,1
315,1,MS,291023.38867,11.60000,0.00381,291023.38867,1
316,1,MS,290879.10794,12.70000,0.00416,290879.10794,1
317,1,MS,290588.74346,13.30000,0.00437,290588.74346,1
318,1,MS,290472.94176,14.20000,0.00469,290472.94176,1
319,1,MS,290199.93614,14.30000,0.00473,290199.93614,1
320,1,MS,290085.20297,13.70000,0.00451,290085.20297,1
321,1,MS,289774.39646,15.60000,0.00525,289774.39646,1
322,1,MS,289725.41251,16.30000,0.00554,289725.41251,1
323,1,MS,289466.43940,16.80000,0.00577,289466.43940,1
324,1,MS,289451.88467,17.40000,0.00604,289451.88467,1
325,1,MS,289199.43321,17.80000,0.00623,289199.43321,1
326,1,MS,289209.79260,18.30000,0.00648,289209.79260,1
327,1,MS,288999.98119,16.50000,0.00563,288999.98119,1
328,1,MS,288998.80307,18.00000,0.00633,288998.80307,1
329,1,MS,288806.09985,15.00000,0.00500,288806.09985,1
330,1,MS,288726.44623,14.50000,0.00481,288726.44623,1
331,1,MS,288489.45740,14.10000,0.00466,288489.45740,1
332,1,MS,288377.65521,13.40000,0.00440,288377.65521,1
333,1,MS,288124.71085,13.10000,0.00430,288124.71085,1
334,1,MS,288005.61770,13.60000,0.00447,288005.61770,1
335,1,MS,287736.30036,13.60000,0.00447,287736.30036,1
336,1,MS,287639.33060,14.60000,0.00485,287639.33060,1
337,1,MS,287370.31616,14.80000,0.00492,287370.31616,1
338,1,MS,287261.16751,13.80000,0.00455,287261.16751,1
339,1,MS,286999.23781,13.70000,0.00451,286999.23781,1
340,1,MS,286904.98934,14.60000,0.00485,286904.98934,1
341,1,MS,286579.16335,17.30000,0.00599,286579.16335,1
342,1,MS,286635.56309,19.10000,0.00689,286635.56309,1
343,1,MS,286358.74943,21.10000,0.00802,286358.74943,1
344,1,MS,286572.73476,23.00000,0.00924,286572.73476,1
345,1,MS,286262.32016,25.10000,0.01077,286262.32016,1
346,1,MS,286557.43664,25.10000,0.01077,286557.43664,1
347,1,MS,286214.46691,26.70000,0.01206,286214.46691,1
348,1,MS,286560.81204,26.20000,0.01164,286560.81204,1
349,1,MS,286202.24657,27.30000,0.01257,286202.24657,1
350,1,MS,286617.23456,27.80000,0.01301,286617.23456,1
351,1,MS,286328.02654,24.30000,0.01016,286328.02654,1
352,1,MS,286568.00141,24.10000,0.01002,286568.00141,1
353,1,MS,286275.84280,23.60000,0.00966,286275.84280,1
354,1,MS,286336.36707,20.20000,0.00749,286336.36707,1
355,1,MS,286092.35091,18.60000,0.00663,286092.35091,1
356,1,MS,286090.64414,18.10000,0.00638,286090.64414,1
357,1,MS,285822.61996,18.20000,0.00643,285822.61996,1
358,1,MS,285812.54259,17.70000,0.00618,285812.54259,1
359,1,MS,285601.55507,15.00000,0.00500,285601.55507,1
360,1,MS,285481.48300,12.20000,0.00400,285481.48300,1
361,1,MS,285224.69270,12.00000,0.00393,285224.69270,1
362,1,MS,285065.70943,11.90000,0.00390,285065.70943,1
363,1,MS,284781.64069,11.50000,0.00378,284781.64069,1
364,1,MS,284597.96516,11.00000,0.00362,284597.96516,1
365,1,MS,284249.93165,12.60000,0.00413,284249.93165,1
366,1,MS,284072.01030,12.90000,0.00423,284072.01030,1
367,1,MS,283705.70301,14.30000,0.00473,283705.70301,1
368,1,MS,283630.08779,15.90000,0.00537,283630.08779,1
369,1,MS,283311.43769,17.40000,0.00604,283311.43769,1
370,1,MS,283324.95701,18.20000,0.00643,283324.95701,1
371,1,MS,283028.16622,19.90000,0.00732,283028.16622,1
372,1,MS,283147.20126,20.90000,0.00790,283147.20126,1
373,1,MS,282872.27953,21.10000,0.00802,282872.27953,1
374,1,MS,283004.74292,21.60000,0.00833,283004.74292,1
375,1,MS,282696.04466,22.70000,0.00904,282696.04466,1
376,1,MS,282844.79466,21.90000,0.00852,282844.79466,1
377,1,MS,282561.10913,21.70000,0.00839,282561.10913,1
378,1,MS,282646.27300,20.60000,0.00772,282646.27300,1
379,1,MS,282409.70161,18.20000,0.00643,282409.70161,1
380,1,MS,282357.01545,16.20000,0.00550,282357.01545,1
381,1,MS,282090.40089,15.90000,0.00537,282090.40089,1
382,1,MS,282022.25677,15.60000,0.00525,282022.25677,1
383,1,MS,281753.91436,15.30000,0.00512,281753.91436,1
384,1,MS,281809.68172,19.20000,0.00694,281809.68172,1
385,1,MS,281546.90812,19.00000,0.00684,281546.90812,1
386,1,MS,281551.23270,18.30000,0.00648,281551.23270,1
387,1,MS,281281.22579,17.90000,0.00628,281281.22579,1
388,1,MS,281264.19378,17.50000,0.00609,281264.19378,1
389,1,MS,280965.72969,18.50000,0.00658,280965.72969,1
390,1,MS,281040.50921,19.80000,0.00727,281040.50921,1
391,1,MS,280701.49530,22.50000,0.00890,280701.49530,1
392,1,MS,281071.66982,25.20000,0.01084,281071.66982,1
393,1,MS,280688.37425,27.40000,0.01266,280688.37425,1
394,1,MS,281136.92512,28.50000,0.01365,281136.92512,1
395,1,MS,280649.64008,29.50000,0.01459,280649.64008,1
396,1,MS,281152.62335,30.10000,0.01518,281152.62335,1
397,1,MS,280598.20922,30.80000,0.01588,280598.20922,1
398,1,MS,281096.41949,31.00000,0.01608,281096.41949,1
399,1,MS,280507.94260,31.10000,0.01619,280507.94260,1
400,1,MS,281032.87476,29.90000,0.01498,281032.87476,1
401,1,MS,280562.06415,28.50000,0.01365,280562.06415,1
402,1,MS,280954.89572,26.20000,0.01164,280954.89572,1
403,1,MS,280592.43914,25.50000,0.01108,280592.43914,1
404,1,MS,280859.18514,24.20000,0.01009,280859.18514,1
405,1,MS,280603.62661,20.00000,0.00738,280603.62661,1
406,1,MS,280714.78891,21.20000,0.00808,280714.78891,1
407,1,MS,280372.90133,22.00000,0.00858,280372.90133,1
408,1,MS,280325.17158,16.60000,0.00568,280325.17158,1
409,1,MS,280028.08858,16.50000,0.00563,280028.08858,1
410,1,MS,279971.16427,16.20000,0.00550,279971.16427,1
411,1,MS,279660.15245,16.70000,0.00572,279660.15245,1
412,1,MS,279624.53831,16.90000,0.00581,279624.53831,1
413,1,MS,279300.33402,18.00000,0.00633,279300.33402,1
414,1,MS,279387.65369,19.90000,0.00732,279387.65369,1
415,1,MS,279059.65665,21.20000,0.00808,279059.65665,1
416,1,MS,279349.97591,23.80000,0.00980,279349.97591,1
417,1,MS,278963.29635,25.60000,0.01116,278963.29635,1
418,1,MS,279424.87659,27.60000,0.01284,279424.87659,1
419,1,MS,278901.86755,29.80000,0.01489,278901.86755,1
420,1,MS,279401.98827,29.10000,0.01421,279401.98827,1
421,1,MS,278887.40193,28.90000,0.01402,278887.40193,1
422,1,MS,279375.39649,27.90000,0.01310,279375.39649,1
423,1,MS,278926.98167,27.30000,0.01257,278926.98167,1
424,1,MS,279075.73252,22.00000,0.00858,279075.73252,1
425,1,MS,278779.03038,19.80000,0.00727,278779.03038,1
426,1,MS,278812.12175,19.20000,0.00694,278812.12175,1
427,1,MS,278511.22478,18.20000,0.00643,278511.22478,1
428,1,MS,278492.06280,17.60000,0.00614,278492.06280,1
429,1,MS,278182.40641,17.30000,0.00599,278182.40641,1
430,1,MS,278152.41172,17.20000,0.00595,278152.41172,1
431,1,MS,277840.63509,17.00000,0.00586,277840.63509,1
432,1,MS,277808.10891,17.10000,0.00590,277808.10891,1
433,1,MS,277495.70136,16.90000,0.00581,277495.70136,1
434,1,MS,277413.53020,15.40000,0.00516,277413.53020,1
435,1,MS,277132.62203,13.90000,0.00458,277132.62203,1
436,1,MS,277031.82525,14.80000,0.00492,277031.82525,1
437,1,MS,276617.58003,17.90000,0.00628,276617.58003,1
438,1,MS,276758.10081,20.40000,0.00761,276758.10081,1
439,1,MS,276428.78237,21.40000,0.00820,276428.78237,1
440,1,MS,276622.86356,22.40000,0.00884,276622.86356,1
441,1,MS,276246.07070,23.30000,0.00945,276246.07070,1
442,1,MS,276553.61921,24.20000,0.01009,276553.61921,1
443,1,MS,276162.75577,24.70000,0.01046,276162.75577,1
444,1,MS,276559.36690,25.90000,0.01140,276559.36690,1
445,1,MS,276134.74689,26.00000,0.01148,276134.74689,1
446,1,MS,276542.58326,26.20000,0.01164,276542.58326,1
447,1,MS,276101.71423,26.30000,0.01172,276101.71423,1
448,1,MS,276496.76104,25.90000,0.01140,276496.76104,1
449,1,MS,276076.13397,25.50000,0.01108,276076.13397,1
450,1,MS,276389.22770,24.50000,0.01031,276389.22770,1
451,1,MS,276043.64370,22.40000,0.00884,276043.64370,1
452,1,MS,276158.90092,21.10000,0.00802,276158.90092,1
453,1,MS,275828.57701,19.90000,0.00732,275828.57701,1
454,1,MS,275841.72793,18.60000,0.00663,275841.72793,1
455,1,MS,275495.45053,18.80000,0.00673,275495.45053,1
456,1,MS,275441.50971,16.50000,0.00563,275441.50971,1
457,1,MS,275114.00377,16.30000,0.00554,275114.00377,1
458,1,MS,275025.64760,15.30000,0.00512,275025.64760,1
459,1,MS,274710.89887,14.60000,0.00485,274710.89887,1
460,1,MS,274590.02921,14.20000,0.00469,274590.02921,1
461,1,MS,274241.69806,14.50000,0.00481,274241.69806,1
462,1,MS,274131.96708,14.80000,0.00492,274131.96708,1
463,1,MS,273789.76491,14.90000,0.00496,273789.76491,1
464,1,MS,273740.75588,16.60000,0.00568,273740.75588,1
465,1,MS,273391.45141,17.30000,0.00599,273391.45141,1
466,1,MS,273314.95394,15.70000,0.00529,273314.95394,1
467,1,MS,272919.39509,17.80000,0.00623,272919.39509,1
468,1,MS,272978.01542,19.10000,0.00689,272978.01542,1
469,1,MS,272645.21586,19.30000,0.00700,272645.21586,1
470,1,MS,272635.39413,17.90000,0.00628,272635.39413,1
471,1,MS,272292.22798,18.10000,0.00638,272292.22798,1
472,1,MS,272283.72966,17.80000,0.00623,272283.72966,1
473,1,MS,271989.11470,16.30000,0.00554,271989.11470,1
474,1,MS,271905.95794,15.40000,0.00516,271905.95794,1
475,1,MS,271596.72706,14.60000,0.00485,271596.72706,1
476,1,MS,271485.22731,14.50000,0.00481,271485.22731,1
477,1,MS,271167.52727,13.80000,0.00455,271167.52727,1
478,1,MS,271043.10151,14.20000,0.00469,271043.10151,1
479,1,MS,270722.41736,13.40000,0.00440,270722.41736,1
480,1,MS,270697.96839,17.20000,0.00595,270697.96839,1
481,1,MS,270402.43830,15.90000,0.00537,270402.43830,1
482,1,MS,270306.93656,14.90000,0.00496,270306.93656,1
483,1,MS,269974.92552,14.90000,0.00496,269974.92552,1
484,1,MS,269888.53799,15.40000,0.00516,269888.53799,1
485,1,MS,269461.48192,18.40000,0.00653,269461.48192,1
486,1,MS,269523.39266,19.10000,0.00689,269523.39266,1
487,1,MS,269136.22333,21.30000,0.00814,269136.22333,1
488,1,MS,269435.39175,23.50000,0.00959,269435.39175,1
489,1,MS,268991.38498,25.90000,0.01140,268991.38498,1
490,1,MS,269395.70504,25.90000,0.01140,269395.70504,1
491,1,MS,268898.98915,27.30000,0.01257,268898.98915,1
492,1,MS,269353.61183,26.80000,0.01214,269353.61183,1
493,1,MS,268821.46443,28.40000,0.01356,268821.46443,1
494,1,MS,269349.25614,28.70000,0.01384,269349.25614,1
495,1,MS,268887.45874,25.80000,0.01132,268887.45874,1
496,1,MS,269198.67472,24.30000,0.01016,269198.67472,1
497,1,MS,268785.95385,24.20000,0.01009,268785.95385,1
498,1,MS,268983.94690,22.50000,0.00890,268983.94690,1
499,1,MS,268633.79430,21.10000,0.00802,268633.79430,1
500,1,MS,268699.92050,19.90000,0.00732,268699.92050,1
501,1,MS,268334.74389,20.00000,0.00738,268334.74389,1
502,1,MS,268402.80866,19.70000,0.00721,268402.80866,1
503,1,MS,268070.68478,18.90000,0.00678,268070.68478,1
504,1,MS,267906.07966,9.00000,0.00307,267906.07966,1
505,1,MS,267604.27305,9.20000,0.00313,267604.27305,1
506,1,MS,267364.53364,9.10000,0.00310,267364.53364,1
507,1,MS,267008.06149,8.70000,0.00300,267008.06149,1
508,1,MS,266728.02002,8.30000,0.00290,266728.02002,1
509,1,MS,266335.21231,8.20000,0.00288,266335.21231,1
510,1,MS,266023.72118,8.40000,0.00292,266023.72118,1
511,1,MS,265563.40011,9.30000,0.00315,265563.40011,1
512,1,MS,265231.08336,10.30000,0.00342,265231.08336,1
513,1,MS,264731.24858,11.00000,0.00362,264731.24858,1
514,1,MS,264414.22880,11.00000,0.00362,264414.22880,1
515,1,MS,263943.19153,11.30000,0.00371,263943.19153,1
516,1,MS,263665.93072,11.60000,0.00381,263665.93072,1
517,1,MS,263189.33956,12.40000,0.00406,263189.33956,1
518,1,MS,262937.92461,12.00000,0.00393,262937.92461,1
519,1,MS,262512.38729,12.30000,0.00403,262512.38729,1
520,1,MS,262294.56558,12.60000,0.00413,262294.56558,1
521,1,MS,261941.89752,11.10000,0.00365,261941.89752,1
522,1,MS,261719.66366,11.10000,0.00365,261719.66366,1
523,1,MS,261349.54694,10.80000,0.00357,261349.54694,1
524,1,MS,261110.72715,10.80000,0.00357,261110.72715,1
525,1,MS,260724.16949,10.80000,0.00357,260724.16949,1
526,1,MS,260472.63682,10.60000,0.00351,260472.63682,1
527,1,MS,260088.08528,10.30000,0.00342,260088.08528,1
528,1,MS,259997.35326,15.80000,0.00533,259997.35326,1
529,1,MS,259703.94076,14.00000,0.00462,259703.94076,1
530,1,MS,259537.03723,11.40000,0.00375,259537.03723,1
531,1,MS,259242.31669,10.20000,0.00339,259242.31669,1
532,1,MS,259045.15426,11.60000,0.00381,259045.15426,1
533,1,MS,258524.81879,16.20000,0.00550,258524.81879,1
534,1,MS,258530.94029,17.60000,0.00614,258530.94029,1
535,1,MS,258161.13610,19.90000,0.00732,258161.13610,1
536,1,MS,258334.60793,21.50000,0.00827,258334.60793,1
537,1,MS,257933.57792,24.00000,0.00994,257933.57792,1
538,1,MS,258259.37986,24.60000,0.01038,258259.37986,1
539,1,MS,257828.33571,26.00000,0.01148,257828.33571,1
540,1,MS,258282.42312,27.30000,0.01257,258282.42312,1
541,1,MS,257841.77584,26.30000,0.01172,257841.77584,1
542,1,MS,258239.76277,26.20000,0.01164,258239.76277,1
543,1,MS,257782.68971,26.70000,0.01206,257782.68971,1
544,1,MS,258209.77827,26.70000,0.01206,258209.77827,1
545,1,MS,257787.18897,25.60000,0.01116,257787.18897,1
546,1,MS,258100.74083,24.70000,0.01046,258100.74083,1
547,1,MS,257721.95532,23.70000,0.00973,257721.95532,1
548,1,MS,257969.48089,23.50000,0.00959,257969.48089,1
549,1,MS,257617.44228,22.40000,0.00884,257617.44228,1
550,1,MS,257610.19494,18.00000,0.00633,257610.19494,1
551,1,MS,257308.18646,17.00000,0.00586,257308.18646,1
552,1,MS,257182.14306,12.90000,0.00423,257182.14306,1
553,1,MS,256905.38429,11.50000,0.00378,256905.38429,1
554,1,MS,256719.93648,10.40000,0.00345,256719.93648,1
555,1,MS,256420.76559,9.40000,0.00318,256420.76559,1
556,1,MS,256213.96446,11.30000,0.00371,256213.96446,1
557,1,MS,255808.40892,12.80000,0.00420,255808.40892,1
558,1,MS,255732.79583,15.60000,0.00525,255732.79583,1
559,1,MS,255383.31138,17.00000,0.00586,255383.31138,1
560,1,MS,255409.26155,18.20000,0.00643,255409.26155,1
561,1,MS,255088.72456,19.10000,0.00689,255088.72456,1
562,1,MS,255170.09907,19.90000,0.00732,255170.09907,1
563,1,MS,254824.69925,21.00000,0.00796,254824.69925,1
564,1,MS,255022.01407,22.30000,0.00877,255022.01407,1
565,1,MS,254697.87047,21.90000,0.00852,254697.87047,1
566,1,MS,254848.23783,21.80000,0.00845,254848.23783,1
567,1,MS,254510.10156,21.80000,0.00845,254510.10156,1
568,1,MS,254669.30872,21.80000,0.00845,254669.30872,1
569,1,MS,254360.41496,20.80000,0.00784,254360.41496,1
570,1,MS,254427.44216,19.90000,0.00732,254427.44216,1
571,1,MS,254142.17299,18.60000,0.00663,254142.17299,1
572,1,MS,254093.50099,16.10000,0.00546,254093.50099,1
573,1,MS,253818.54405,15.40000,0.00516,253818.54405,1
574,1,MS,253771.46829,16.00000,0.00541,253771.46829,1
575,1,MS,253503.54492,15.20000,0.00508,253503.54492,1
576,1,MS,253385.22587,12.80000,0.00420,253385.22587,1
577,1,MS,253124.96608,11.60000,0.00381,253124.96608,1
578,1,MS,252968.71990,11.50000,0.00378,252968.71990,1
579,1,MS,252671.82078,11.30000,0.00371,252671.82078,1
580,1,MS,252497.12856,11.20000,0.00368,252497.12856,1
581,1,MS,252112.22054,13.70000,0.00451,252112.22054,1
582,1,MS,252074.91519,16.10000,0.00546,252074.91519,1
583,1,MS,251774.97712,17.50000,0.00609,251774.97712,1
584,1,MS,251835.40368,19.10000,0.00689,251835.40368,1
585,1,MS,251549.61451,19.70000,0.00721,251549.61451,1
586,1,MS,251676.13537,21.10000,0.00802,251676.13537,1
587,1,MS,251367.19783,22.00000,0.00858,251367.19783,1
588,1,MS,251520.57223,21.90000,0.00852,251520.57223,1
589,1,MS,251192.11743,23.30000,0.00945,251192.11743,1
590,1,MS,251438.65527,23.80000,0.00980,251438.65527,1
591,1,MS,251127.22692,23.60000,0.00966,251127.22692,1
592,1,MS,251322.66176,23.10000,0.00931,251322.66176,1
593,1,MS,251023.14307,22.60000,0.00897,251023.14307,1
594,1,MS,251149.34394,21.50000,0.00827,251149.34394,1
595,1,MS,250917.33495,18.70000,0.00668,250917.33495,1
596,1,MS,250930.68392,18.30000,0.00648,250930.68392,1
597,1,MS,250687.84293,17.40000,0.00604,250687.84293,1
598,1,MS,250667.38980,16.70000,0.00572,250667.38980,1
599,1,MS,250483.38824,13.30000,0.00437,250483.38824,1
600,1,MS,250365.32330,10.40000,0.00345,250365.32330,1
601,1,MS,250148.74569,9.60000,0.00323,250148.74569,1
602,1,MS,249993.84852,9.50000,0.00320,249993.84852,1
603,1,MS,249751.85165,8.90000,0.00305,249751.85165,1
604,1,MS,249586.73077,10.30000,0.00342,249586.73077,1
605,1,MS,249251.19977,12.90000,0.00423,249251.19977,1
606,1,MS,249205.03651,15.20000,0.00508,249205.03651,1
607,1,MS,248921.46294,18.40000,0.00653,248921.46294,1
608,1,MS,249006.64960,19.60000,0.00716,249006.64960,1
609,1,MS,248763.63636,21.20000,0.00808,248763.63636,1
610,1,MS,248916.41061,22.30000,0.00877,248916.41061,1
611,1,MS,248666.05351,22.90000,0.00917,248666.05351,1
612,1,MS,248861.37656,23.60000,0.00966,248861.37656,1
613,1,MS,248602.58401,24.10000,0.01002,248602.58401,1
614,1,MS,248801.24103,23.90000,0.00987,248801.24103,1
615,1,MS,248546.15455,24.10000,0.01002,248546.15455,1
616,1,MS,248730.02532,23.60000,0.00966,248730.02532,1
617,1,MS,248499.31771,22.90000,0.00917,248499.31771,1
618,1,MS,248592.41973,21.20000,0.00808,248592.41973,1
619,1,MS,248412.38148,18.80000,0.00673,248412.38148,1
620,1,MS,248397.85476,16.70000,0.00572,248397.85476,1
621,1,MS,248235.10410,14.90000,0.00496,248235.10410,1
622,1,MS,248193.38676,14.60000,0.00485,248193.38676,1
623,1,MS,248029.61876,13.70000,0.00451,248029.61876,1
624,1,MS,248061.10854,18.10000,0.00638,248061.10854,1
625,1,MS,247901.92341,17.40000,0.00604,247901.92341,1
626,1,MS,247894.49586,16.80000,0.00577,247894.49586,1
627,1,MS,247722.39035,17.10000,0.00590,247722.39035,1
628,1,MS,247725.64104,17.10000,0.00590,247725.64104,1
629,1,MS,247550.81659,18.40000,0.00653,247550.81659,1
630,1,MS,247623.17426,20.10000,0.00744,247623.17426,1
631,1,MS,247458.38683,20.70000,0.00778,247458.38683,1
632,1,MS,247592.03407,22.80000,0.00910,247592.03407,1
633,1,MS,247417.74869,23.10000,0.00931,247417.74869,1
634,1,MS,247561.81907,23.60000,0.00966,247561.81907,1
635,1,MS,247380.78298,24.10000,0.01002,247380.78298,1
636,1,MS,247553.35818,24.70000,0.01046,247553.35818,1
637,1,MS,247394.67337,23.30000,0.00945,247394.67337,1
638,1,MS,247469.47788,21.50000,0.00827,247469.47788,1
639,1,MS,247308.72995,22.20000,0.00871,247308.72995,1
640,1,MS,247391.89309,21.50000,0.00827,247391.89309,1
641,1,MS,247250.17762,21.60000,0.00833,247250.17762,1
642,1,MS,247302.93169,20.40000,0.00761,247302.93169,1
643,1,MS,247180.38254,19.40000,0.00705,247180.38254,1
644,1,MS,247203.50081,18.70000,0.00668,247203.50081,1
645,1,MS,247077.71516,19.20000,0.00694,247077.71516,1
646,1,MS,247094.33183,18.10000,0.00638,247094.33183,1
647,1,MS,246986.07662,17.70000,0.00618,246986.07662,1
648,1,MS,246976.19188,15.90000,0.00537,246976.19188,1
649,1,MS,246900.05184,12.30000,0.00403,246900.05184,1
650,1,MS,246861.99036,12.10000,0.00396,246861.99036,1
651,1,MS,246759.16698,12.70000,0.00416,246759.16698,1
652,1,MS,246723.79966,12.50000,0.00409,246723.79966,1
653,1,MS,246607.67640,15.10000,0.00504,246607.67640,1
654,1,MS,246643.02559,18.30000,0.00648,246643.02559,1
655,1,MS,246553.21919,19.90000,0.00732,246553.21919,1
656,1,MS,246611.80300,21.50000,0.00827,246611.80300,1
657,1,MS,246513.47896,22.00000,0.00858,246513.47896,1
658,1,MS,246569.86176,21.60000,0.00833,246569.86176,1
659,1,MS,246474.90908,21.80000,0.00845,246474.90908,1
660,1,MS,246517.51974,20.80000,0.00784,246517.51974,1
661,1,MS,246415.30137,22.70000,0.00904,246415.30137,1
662,1,MS,246486.66408,22.50000,0.00890,246486.66408,1
663,1,MS,246395.26630,22.70000,0.00904,246395.26630,1
664,1,MS,246447.84158,21.80000,0.00845,246447.84158,1
665,1,MS,246358.60363,21.90000,0.00852,246358.60363,1
666,1,MS,246394.78483,20.50000,0.00767,246394.78483,1
667,1,MS,246317.15604,19.70000,0.00721,246317.15604,1
668,1,MS,246324.40967,17.80000,0.00623,246324.40967,1
669,1,MS,246253.89704,17.10000,0.00590,246253.89704,1
670,1,MS,246245.57723,15.40000,0.00516,246245.57723,1
671,1,MS,246178.14846,15.30000,0.00512,246178.14846,1
672,1,MS,246157.01077,12.80000,0.00420,246157.01077,1
673,1,MS,246096.06063,12.10000,0.00396,246096.06063,1
674,1,MS,246071.63853,12.10000,0.00396,246071.63853,1
675,1,MS,246015.64253,10.70000,0.00354,246015.64253,1
676,1,MS,245989.75038,11.70000,0.00384,245989.75038,1
677,1,MS,245921.50817,13.10000,0.00430,245921.50817,1
678,1,MS,245904.45436,13.00000,0.00426,245904.45436,1
679,1,MS,245846.36208,13.60000,0.00447,245846.36208,1
680,1,MS,245834.65825,13.90000,0.00458,245834.65825,1
681,1,MS,245785.22812,13.30000,0.00437,245785.22812,1
682,1,MS,245774.54092,14.10000,0.00466,245774.54092,1
683,1,MS,245720.71776,14.90000,0.00496,245720.71776,1
684,1,MS,245720.88648,16.10000,0.00546,245720.88648,1
685,1,MS,245670.97228,16.30000,0.00554,245670.97228,1
686,1,MS,245671.87076,16.60000,0.00568,245671.87076,1
687,1,MS,245623.46720,16.20000,0.00550,245623.46720,1
688,1,MS,245623.63072,16.50000,0.00563,245623.63072,1
689,1,MS,245571.02487,17.20000,0.00595,245571.02487,1
690,1,MS,245567.68902,15.80000,0.00533,245567.68902,1
691,1,MS,245523.45188,14.70000,0.00489,245523.45188,1
692,1,MS,245504.10595,11.60000,0.00381,245504.10595,1
693,1,MS,245463.79330,9.60000,0.00323,245463.79330,1
694,1,MS,245436.49218,8.80000,0.00302,245436.49218,1
695,1,MS,245366.85684,13.20000,0.00433,245366.85684,1
696,1,MS,245355.43279,13.30000,0.00437,245355.43279,1
697,1,MS,245314.37455,12.60000,0.00413,245314.37455,1
698,1,MS,245296.80376,11.80000,0.00387,245296.80376,1
699,1,MS,245252.27553,11.80000,0.00387,245252.27553,1
700,1,MS,245237.61350,12.50000,0.00409,245237.61350,1
701,1,MS,245184.33380,15.20000,0.00508,245184.33380,1
702,1,MS,245197.23071,17.70000,0.00618,245197.23071,1
703,1,MS,245148.36516,20.30000,0.00755,245148.36516,1
704,1,MS,245189.82955,22.50000,0.00890,245189.82955,1
705,1,MS,245134.39867,23.60000,0.00966,245134.39867,1
706,1,MS,245192.07024,24.60000,0.01038,245192.07024,1
707,1,MS,245125.96781,25.40000,0.01100,245125.96781,1
708,1,MS,245201.92851,26.20000,0.01164,245201.92851,1
709,1,MS,245124.74837,26.70000,0.01206,245124.74837,1
710,1,MS,245213.55050,27.10000,0.01240,245213.55050,1
711,1,MS,245129.51227,26.70000,0.01206,245129.51227,1
712,1,MS,245214.42429,26.00000,0.01148,245214.42429,1
713,1,MS,245131.67717,25.40000,0.01100,245131.67717,1
714,1,MS,245194.72677,23.80000,0.00980,245194.72677,1
715,1,MS,245124.21566,22.30000,0.00877,245124.21566,1
716,1,MS,245161.40813,21.40000,0.00820,245161.40813,1
717,1,MS,245101.78949,19.00000,0.00684,245101.78949,1
718,1,MS,245107.25571,17.80000,0.00623,245107.25571,1
719,1,MS,245047.97105,16.80000,0.00577,245047.97105,1
720,1,MS,245040.41035,15.30000,0.00512,245040.41035,1
721,1,MS,244982.31025,15.10000,0.00504,244982.31025,1
722,1,MS,244967.59708,13.60000,0.00447,244967.59708,1
723,1,MS,244912.50062,13.30000,0.00437,244912.50062,1
724,1,MS,244903.28262,14.50000,0.00481,244903.28262,1
725,1,MS,244833.75914,17.60000,0.00614,244833.75914,1
726,1,MS,244866.74911,19.80000,0.00727,244866.74911,1
727,1,MS,244803.83158,21.70000,0.00839,244803.83158,1
728,1,MS,244856.45221,22.90000,0.00917,244856.45221,1
729,1,MS,244782.53812,24.20000,0.01009,244782.53812,1
730,1,MS,244863.97614,25.30000,0.01092,244863.97614,1
731,1,MS,244779.69790,26.30000,0.01172,244779.69790,1
732,1,MS,244877.68856,26.90000,0.01223,244877.68856,1
733,1,MS,244780.65145,27.30000,0.01257,244780.65145,1
734,1,MS,244890.47014,27.50000,0.01275,244890.47014,1
735,1,MS,244791.69677,26.80000,0.01214,244791.69677,1
736,1,MS,244888.34293,25.90000,0.01140,244888.34293,1
737,1,MS,244794.15557,25.50000,0.01108,244794.15557,1
738,1,MS,244881.09347,24.90000,0.01061,244881.09347,1
739,1,MS,244796.94153,23.50000,0.00959,244796.94153,1
740,1,MS,244848.79001,22.30000,0.00877,244848.79001,1
741,1,MS,244774.37435,20.90000,0.00790,244774.37435,1
742,1,MS,244824.57350,21.90000,0.00852,244824.57350,1
743,1,MS,244753.72939,20.50000,0.00767,244753.72939,1
744,1,MS,244753.28130,17.00000,0.00586,244753.28130,1
745,1,MS,244686.55874,16.60000,0.00568,244686.55874,1
746,1,MS,244685.31613,16.30000,0.00554,244685.31613,1
747,1,MS,244625.98248,15.50000,0.00521,244625.98248,1
748,1,MS,244627.60897,16.70000,0.00572,244627.60897,1
749,1,MS,244550.89475,19.40000,0.00705,244550.89475,1
750,1,MS,244611.28315,22.00000,0.00858,244611.28315,1
751,1,MS,244528.60082,25.10000,0.01077,244528.60082,1
752,1,MS,244632.66935,26.80000,0.01214,244632.66935,1
753,1,MS,244535.33048,27.10000,0.01240,244535.33048,1
754,1,MS,244654.62136,28.30000,0.01347,244654.62136,1
755,1,MS,244539.15691,28.90000,0.01402,244539.15691,1
756,1,MS,244666.83446,29.10000,0.01421,244666.83446,1
757,1,MS,244537.65176,29.50000,0.01459,244537.65176,1
758,1,MS,244673.99983,29.40000,0.01450,244673.99983,1
759,1,MS,244542.50994,28.90000,0.01402,244542.50994,1
760,1,MS,244680.33348,28.30000,0.01347,244680.33348,1
761,1,MS,244559.25784,27.40000,0.01266,244559.25784,1
762,1,MS,244667.69654,25.70000,0.01124,244667.69654,1
763,1,MS,244568.84124,24.30000,0.01016,244568.84124,1
764,1,MS,244647.77455,23.70000,0.00973,244647.77455,1
765,1,MS,244570.85885,20.50000,0.00767,244570.85885,1
766,1,MS,244601.51773,20.30000,0.00755,244601.51773,1
767,1,MS,244525.19340,19.00000,0.00684,244525.19340,1
768,1,MS,244516.31837,15.60000,0.00525,244516.31837,1
769,1,MS,244446.28229,15.10000,0.00504,244446.28229,1
770,1,MS,244435.87711,14.90000,0.00496,244435.87711,1
771,1,MS,244368.99997,14.70000,0.00489,244368.99997,1
772,1,MS,244367.51610,16.10000,0.00546,244367.51610,1
773,1,MS,244291.66688,17.90000,0.00628,244291.66688,1
774,1,MS,244331.62426,20.30000,0.00755,244331.62426,1
775,1,MS,244247.86457,23.10000,0.00931,244247.86457,1
776,1,MS,244346.56643,25.30000,0.01092,244346.56643,1
777,1,MS,244245.35718,27.20000,0.01249,244245.35718,1
778,1,MS,244373.57705,29.10000,0.01421,244373.57705,1
779,1,MS,244238.38379,30.20000,0.01528,244238.38379,1
780,1,MS,244374.60878,30.60000,0.01568,244374.60878,1
781,1,MS,244213.14979,31.70000,0.01681,244213.14979,1
782,1,MS,244344.82107,32.40000,0.01754,244344.82107,1
783,1,MS,244153.37717,32.50000,0.01765,244153.37717,1
784,1,MS,244304.40355,31.90000,0.01702,244304.40355,1
785,1,MS,244126.48908,30.80000,0.01588,244126.48908,1
786,1,MS,244294.83188,29.80000,0.01489,244294.83188,1
787,1,MS,244163.03365,26.80000,0.01214,244163.03365,1
788,1,MS,244242.69708,23.40000,0.00952,244242.69708,1
789,1,MS,244132.20709,24.10000,0.01002,244132.20709,1
790,1,MS,244227.47726,24.10000,0.01002,244227.47726,1
791,1,MS,244145.16653,20.30000,0.00755,244145.16653,1
792,1,MS,244135.00272,15.90000,0.00537,244135.00272,1
793,1,MS,244049.22340,16.00000,0.00541,244049.22340,1
794,1,MS,244038.42471,15.10000,0.00504,244038.42471,1
795,1,MS,243964.33287,14.50000,0.00481,243964.33287,1
796,1,MS,243951.32050,14.70000,0.00489,243951.32050,1
797,1,MS,243865.71714,16.40000,0.00559,243865.71714,1
798,1,MS,243873.67635,17.10000,0.00590,243873.67635,1
799,1,MS,243798.97027,17.50000,0.00609,243798.97027,1
800,1,MS,243808.78737,17.80000,0.00623,243808.78737,1
801,1,MS,243731.15755,18.60000,0.00663,243731.15755,1
802,1,MS,243757.58697,19.40000,0.00705,243757.58697,1
803,1,MS,243685.37090,19.20000,0.00694,243685.37090,1
804,1,MS,243709.69609,19.60000,0.00716,243709.69609,1
805,1,MS,243633.55432,19.90000,0.00732,243633.55432,1
806,1,MS,243674.15534,20.90000,0.00790,243674.15534,1
807,1,MS,243598.13625,20.70000,0.00778,243598.13625,1
808,1,MS,243624.80351,20.00000,0.00738,243624.80351,1
809,1,MS,243549.42907,19.80000,0.00727,243549.42907,1
810,1,MS,243565.12688,18.80000,0.00673,243565.12688,1
811,1,MS,243497.17365,17.70000,0.00618,243497.17365,1
812,1,MS,243490.72009,15.90000,0.00537,243490.72009,1
813,1,MS,243421.45482,15.60000,0.00525,243421.45482,1
814,1,MS,243405.26409,14.00000,0.00462,243405.26409,1
815,1,MS,243325.15144,15.70000,0.00529,243325.15144,1
816,1,MS,243315.12252,14.90000,0.00496,243315.12252,1
817,1,MS,243247.23430,14.60000,0.00485,243247.23430,1
818,1,MS,243231.51398,14.10000,0.00466,243231.51398,1
819,1,MS,243161.73176,14.00000,0.00462,243161.73176,1
820,1,MS,243149.58153,14.60000,0.00485,243149.58153,1
821,1,MS,243063.61715,17.10000,0.00590,243063.61715,1
822,1,MS,243095.70584,19.30000,0.00700,243095.70584,1
823,1,MS,243005.25163,21.70000,0.00839,243005.25163,1
824,1,MS,243092.33231,23.80000,0.00980,243092.33231,1
825,1,MS,242980.66275,25.40000,0.01100,242980.66275,1
826,1,MS,243113.86195,27.00000,0.01231,243113.86195,1
827,1,MS,242972.57838,28.10000,0.01328,242972.57838,1
828,1,MS,243130.58404,29.00000,0.01412,243130.58404,1
829,1,MS,242954.96323,29.80000,0.01489,242954.96323,1
830,1,MS,243131.03457,30.20000,0.01528,243131.03457,1
831,1,MS,242938.16211,29.90000,0.01498,242938.16211,1
832,1,MS,243129.09973,29.80000,0.01489,243129.09973,1
833,1,MS,242949.76294,28.20000,0.01338,242949.76294,1
834,1,MS,243117.84680,26.90000,0.01223,243117.84680,1
835,1,MS,242986.33911,24.20000,0.01009,242986.33911,1
836,1,MS,243050.89191,21.90000,0.00852,243050.89191,1
837,1,MS,242936.60633,20.90000,0.00790,242936.60633,1
838,1,MS,242973.81449,20.00000,0.00738,242973.81449,1
839,1,MS,242869.21639,19.10000,0.00689,242869.21639,1
840,1,MS,242902.48325,19.60000,0.00716,242902.48325,1
841,1,MS,242788.36754,20.30000,0.00755,242788.36754,1
842,1,MS,242836.98916,20.50000,0.00767,242836.98916,1
843,1,MS,242732.94306,20.00000,0.00738,242732.94306,1
844,1,MS,242771.15552,20.10000,0.00744,242771.15552,1
845,1,MS,242661.70620,20.40000,0.00761,242661.70620,1
846,1,MS,242726.17029,21.50000,0.00827,242726.17029,1
847,1,MS,242610.08125,22.10000,0.00864,242610.08125,1
848,1,MS,242688.86620,22.50000,0.00890,242688.86620,1
849,1,MS,242559.69294,24.00000,0.00994,242559.69294,1
850,1,MS,242702.73005,25.70000,0.01124,242702.73005,1
851,1,MS,242555.45426,26.40000,0.01181,242555.45426,1
852,1,MS,242704.07497,26.30000,0.01172,242704.07497,1
853,1,MS,242548.17560,26.80000,0.01214,242548.17560,1
854,1,MS,242716.11481,27.20000,0.01249,242716.11481,1
855,1,MS,242564.45115,26.20000,0.01164,242564.45115,1
856,1,MS,242719.04539,26.40000,0.01181,242719.04539,1
857,1,MS,242570.16036,25.20000,0.01084,242570.16036,1
858,1,MS,242675.13886,23.70000,0.00973,242675.13886,1
859,1,MS,242551.85202,22.20000,0.00871,242551.85202,1
860,1,MS,242592.54627,20.30000,0.00755,242592.54627,1
861,1,MS,242493.54673,18.20000,0.00643,242493.54673,1
862,1,MS,242495.66235,17.20000,0.00595,242495.66235,1
863,1,MS,242397.18610,16.80000,0.00577,242397.18610,1
864,1,MS,242368.62482,13.10000,0.00430,242368.62482,1
865,1,MS,242279.50704,12.80000,0.00420,242279.50704,1
866,1,MS,242250.24835,12.80000,0.00420,242250.24835,1
867,1,MS,242169.07122,12.00000,0.00393,242169.07122,1
868,1,MS,242131.68926,11.50000,0.00378,242131.68926,1
869,1,MS,242032.42839,13.40000,0.00440,242032.42839,1
870,1,MS,242019.81065,14.40000,0.00477,242019.81065,1
871,1,MS,241939.41475,15.40000,0.00516,241939.41475,1
872,1,MS,241938.30378,16.20000,0.00550,241938.30378,1
873,1,MS,241847.63656,18.40000,0.00653,241847.63656,1
874,1,MS,241863.07132,18.20000,0.00643,241863.07132,1
875,1,MS,241774.81246,19.60000,0.00716,241774.81246,1
876,1,MS,241813.31872,20.40000,0.00761,241813.31872,1
877,1,MS,241722.67104,20.40000,0.00761,241722.67104,1
878,1,MS,241778.75691,21.70000,0.00839,241778.75691,1
879,1,MS,241684.68933,20.90000,0.00790,241684.68933,1
880,1,MS,241719.74044,20.30000,0.00755,241719.74044,1
881,1,MS,241629.38467,19.50000,0.00710,241629.38467,1
882,1,MS,241635.20068,17.60000,0.00614,241635.20068,1
883,1,MS,241552.59392,17.10000,0.00590,241552.59392,1
884,1,MS,241548.88173,16.20000,0.00550,241548.88173,1
885,1,MS,241464.40655,17.00000,0.00586,241464.40655,1
886,1,MS,241466.32492,16.70000,0.00572,241466.32492,1
887,1,MS,241409.98434,13.30000,0.00437,241409.98434,1
888,1,MS,241388.52739,13.10000,0.00430,241388.52739,1
889,1,MS,241321.69700,12.50000,0.00409,241321.69700,1
890,1,MS,241293.62630,11.80000,0.00387,241293.62630,1
891,1,MS,241226.83244,11.50000,0.00378,241226.83244,1
892,1,MS,241206.96475,12.90000,0.00423,241206.96475,1
893,1,MS,241136.31691,14.40000,0.00477,241136.31691,1
894,1,MS,241145.17893,17.00000,0.00586,241145.17893,1
895,1,MS,241079.55910,18.20000,0.00643,241079.55910,1
896,1,MS,241096.07855,18.90000,0.00678,241096.07855,1
897,1,MS,241025.13472,19.20000,0.00694,241025.13472,1
898,1,MS,241052.99518,20.00000,0.00738,241052.99518,1
899,1,MS,240978.11683,20.10000,0.00744,240978.11683,1
900,1,MS,241017.90188,21.10000,0.00802,241017.90188,1
901,1,MS,240931.24096,22.20000,0.00871,240931.24096,1
902,1,MS,240986.17531,22.40000,0.00884,240986.17531,1
903,1,MS,240895.59071,20.90000,0.00790,240895.59071,1
904,1,MS,240923.36726,20.00000,0.00738,240923.36726,1
905,1,MS,240807.63584,21.60000,0.00833,240807.63584,1
906,1,MS,240841.34976,19.90000,0.00732,240841.34976,1
907,1,MS,240756.54615,17.20000,0.00595,240756.54615,1
908,1,MS,240735.17224,14.50000,0.00481,240735.17224,1
909,1,MS,240640.55449,14.00000,0.00462,240640.55449,1
910,1,MS,240611.69799,13.40000,0.00440,240611.69799,1
911,1,MS,240523.44927,11.80000,0.00387,240523.44927,1
912,1,MS,240482.69815,12.20000,0.00400,240482.69815,1
913,1,MS,240384.66422,11.10000,0.00365,240384.66422,1
914,1,MS,240330.82094,11.00000,0.00362,240330.82094,1
915,1,MS,240216.17891,11.00000,0.00362,240216.17891,1
916,1,MS,240165.74851,11.90000,0.00390,240165.74851,1
917,1,MS,240016.06038,14.70000,0.00489,240016.06038,1
918,1,MS,240023.04516,16.50000,0.00563,240023.04516,1
919,1,MS,239887.76995,19.10000,0.00689,239887.76995,1
920,1,MS,239925.67274,19.40000,0.00705,239925.67274,1
921,1,MS,239767.71012,22.00000,0.00858,239767.71012,1
922,1,MS,239910.41287,24.00000,0.00994,239910.41287,1
923,1,MS,239734.63957,24.90000,0.01061,239734.63957,1
924,1,MS,239844.75504,23.30000,0.00945,239844.75504,1
925,1,MS,239647.46411,24.90000,0.01061,239647.46411,1
926,1,MS,239826.13034,25.20000,0.01084,239826.13034,1
927,1,MS,239644.29751,24.20000,0.01009,239644.29751,1
928,1,MS,239766.90129,23.40000,0.00952,239766.90129,1
929,1,MS,239607.59000,21.40000,0.00820,239607.59000,1
930,1,MS,239662.38107,20.50000,0.00767,239662.38107,1
931,1,MS,239515.60869,18.80000,0.00673,239515.60869,1
932,1,MS,239546.94170,19.10000,0.00689,239546.94170,1
933,1,MS,239393.59840,18.50000,0.00658,239393.59840,1
934,1,MS,239398.64118,17.50000,0.00609,239398.64118,1
935,1,MS,239239.29472,17.90000,0.00628,239239.29472,1
936,1,MS,239204.52250,14.30000,0.00473,239204.52250,1
937,1,MS,239054.42429,14.60000,0.00485,239054.42429,1
938,1,MS,239024.67997,14.60000,0.00485,239024.67997,1
939,1,MS,238882.09188,14.40000,0.00477,238882.09188,1
940,1,MS,238850.66086,14.50000,0.00481,238850.66086,1
941,1,MS,238698.71611,15.00000,0.00500,238698.71611,1
942,1,MS,238700.55118,16.80000,0.00577,238700.55118,1
943,1,MS,238547.37585,17.20000,0.00595,238547.37585,1
944,1,MS,238545.12580,16.90000,0.00581,238545.12580,1
945,1,MS,238404.87154,15.80000,0.00533,238404.87154,1
946,1,MS,238396.77995,16.50000,0.00563,238396.77995,1
947,1,MS,238218.80114,18.30000,0.00648,238218.80114,1
948,1,MS,238264.60351,19.20000,0.00694,238264.60351,1
949,1,MS,238093.68722,19.80000,0.00727,238093.68722,1
950,1,MS,238150.17245,20.10000,0.00744,238150.17245,1
951,1,MS,237976.31225,20.00000,0.00738,237976.31225,1
952,1,MS,237977.31125,17.40000,0.00604,237977.31125,1
953,1,MS,237787.14461,19.20000,0.00694,237787.14461,1
954,1,MS,237797.40748,17.60000,0.00614,237797.40748,1
955,1,MS,237639.15333,17.00000,0.00586,237639.15333,1
956,1,MS,237630.54452,16.60000,0.00568,237630.54452,1
957,1,MS,237492.90501,14.60000,0.00485,237492.90501,1
958,1,MS,237460.91670,14.80000,0.00492,237460.91670,1
959,1,MS,237309.35473,14.30000,0.00473,237309.35473,1
960,1,MS,237234.48515,11.00000,0.00362,237234.48515,1
961,1,MS,237078.29906,10.70000,0.00354,237078.29906,1
962,1,MS,236996.87076,11.40000,0.00375,236996.87076,1
963,1,MS,236834.38190,10.90000,0.00360,236834.38190,1
964,1,MS,236747.69401,11.00000,0.00362,236747.69401,1
965,1,MS,236547.70764,13.00000,0.00426,236547.70764,1
966,1,MS,236535.71377,15.50000,0.00521,236535.71377,1
967,1,MS,236367.12513,17.20000,0.00595,236367.12513,1
968,1,MS,236416.36748,19.30000,0.00700,236416.36748,1
969,1,MS,236224.65492,21.20000,0.00808,236224.65492,1
970,1,MS,236350.03600,22.50000,0.00890,236350.03600,1
971,1,MS,236134.78599,23.80000,0.00980,236134.78599,1
972,1,MS,236338.80906,25.20000,0.01084,236338.80906,1
973,1,MS,236098.78547,25.80000,0.01132,236098.78547,1
974,1,MS,236303.85863,25.50000,0.01108,236303.85863,1
975,1,MS,236046.47605,26.10000,0.01156,236046.47605,1
976,1,MS,236273.72427,25.90000,0.01140,236273.72427,1
977,1,MS,236033.54120,25.10000,0.01077,236033.54120,1
978,1,MS,236177.84203,23.40000,0.00952,236177.84203,1
979,1,MS,236013.73123,19.40000,0.00705,236013.73123,1
980,1,MS,236020.80955,18.00000,0.00633,236020.80955,1
981,1,MS,235862.02666,16.20000,0.00550,235862.02666,1
982,1,MS,235834.91189,15.40000,0.00516,235834.91189,1
983,1,MS,235673.49068,14.80000,0.00492,235673.49068,1
984,1,MS,235661.31687,16.20000,0.00550,235661.31687,1
985,1,MS,235506.34542,15.20000,0.00508,235506.34542,1
986,1,MS,235465.15488,14.20000,0.00469,235465.15488,1
987,1,MS,235301.07274,14.10000,0.00466,235301.07274,1
988,1,MS,235278.43007,15.40000,0.00516,235278.43007,1
989,1,MS,235081.29616,17.70000,0.00618,235081.29616,1
990,1,MS,235169.38211,20.40000,0.00761,235169.38211,1
991,1,MS,234974.08960,21.70000,0.00839,234974.08960,1
992,1,MS,235118.15000,23.20000,0.00938,235118.15000,1
993,1,MS,234888.75338,24.40000,0.01024,234888.75338,1
994,1,MS,235103.71799,25.50000,0.01108,235103.71799,1
995,1,MS,234837.69680,26.90000,0.01223,234837.69680,1
996,1,MS,235124.50228,28.60000,0.01374,235124.50228,1
997,1,MS,234800.74059,29.40000,0.01450,234800.74059,1
998,1,MS,235098.63473,29.50000,0.01459,235098.63473,1
999,1,MS,234745.80727,30.30000,0.01538,234745.80727,1
1000,1,MS,235049.78887,30.20000,0.01528,235049.78887,1
1001,1,MS,234704.18994,29.40000,0.01450,234704.18994,1
1002,1,MS,234958.53987,26.70000,0.01206,234958.53987,1
1003,1,MS,234695.99662,25.60000,0.01116,234695.99662,1
1004,1,MS,234841.10705,23.30000,0.00945,234841.10705,1
1005,1,MS,234623.07214,22.40000,0.00884,234623.07214,1
1006,1,MS,234682.32903,20.30000,0.00755,234682.32903,1
1007,1,MS,234476.02849,20.40000,0.00761,234476.02849,1
1008,1,MS,234460.19341,16.40000,0.00559,234460.19341,1
1009,1,MS,234295.09014,15.30000,0.00512,234295.09014,1
1010,1,MS,234258.54264,14.70000,0.00489,234258.54264,1
1011,1,MS,234075.17663,15.40000,0.00516,234075.17663,1
1012,1,MS,234049.02066,15.30000,0.00512,234049.02066,1
1013,1,MS,233885.29035,14.80000,0.00492,233885.29035,1
1014,1,MS,233859.76283,15.40000,0.00516,233859.76283,1
1015,1,MS,233658.90991,17.30000,0.00599,233658.90991,1
1016,1,MS,233686.94544,18.20000,0.00643,233686.94544,1
1017,1,MS,233495.54499,19.30000,0.00700,233495.54499,1
1018,1,MS,233567.17561,20.40000,0.00761,233567.17561,1
1019,1,MS,233352.39692,21.80000,0.00845,233352.39692,1
1020,1,MS,233473.85160,22.30000,0.00877,233473.85160,1
1021,1,MS,233275.21838,21.40000,0.00820,233275.21838,1
1022,1,MS,233418.47155,23.10000,0.00931,233418.47155,1
1023,1,MS,233202.28746,22.60000,0.00897,233202.28746,1
1024,1,MS,233311.66596,22.10000,0.00864,233311.66596,1
1025,1,MS,233120.93977,20.50000,0.00767,233120.93977,1
1026,1,MS,233165.91979,19.70000,0.00721,233165.91979,1
1027,1,MS,232991.39076,18.10000,0.00638,232991.39076,1
1028,1,MS,232984.11675,16.90000,0.00581,232984.11675,1
1029,1,MS,232819.05231,15.90000,0.00537,232819.05231,1
1030,1,MS,232810.62752,16.60000,0.00568,232810.62752,1
1031,1,MS,232646.97323,15.80000,0.00533,232646.97323,1
1032,1,MS,232613.83970,14.90000,0.00496,232613.83970,1
1033,1,MS,232475.46149,12.50000,0.00409,232475.46149,1
1034,1,MS,232399.69146,11.40000,0.00375,232399.69146,1
1035,1,MS,232241.83591,10.50000,0.00348,232241.83591,1
1036,1,MS,232158.47086,11.50000,0.00378,232158.47086,1
1037,1,MS,231927.19408,14.70000,0.00489,231927.19408,1
1038,1,MS,231953.47012,17.30000,0.00599,231953.47012,1
1039,1,MS,231765.15258,19.60000,0.00716,231765.15258,1
1040,1,MS,231866.62788,21.50000,0.00827,231866.62788,1
1041,1,MS,231653.25515,22.90000,0.00917,231653.25515,1
1042,1,MS,231838.15559,24.50000,0.01031,231838.15559,1
1043,1,MS,231598.23737,25.30000,0.01092,231598.23737,1
1044,1,MS,231832.49465,26.40000,0.01181,231832.49465,1
1045,1,MS,231558.64216,27.40000,0.01266,231558.64216,1
1046,1,MS,231796.73580,26.80000,0.01214,231796.73580,1
1047,1,MS,231522.39408,26.90000,0.01223,231522.39408,1
1048,1,MS,231761.83335,26.50000,0.01189,231761.83335,1
1049,1,MS,231508.23439,25.80000,0.01132,231508.23439,1
1050,1,MS,231660.55481,23.80000,0.00980,231660.55481,1
1051,1,MS,231458.49314,22.20000,0.00871,231458.49314,1
1052,1,MS,231534.10297,21.10000,0.00802,231534.10297,1
1053,1,MS,231353.36909,19.80000,0.00727,231353.36909,1
1054,1,MS,231331.39696,15.90000,0.00537,231331.39696,1
1055,1,MS,231184.48002,14.20000,0.00469,231184.48002,1
1056,1,MS,231196.79455,17.60000,0.00614,231196.79455,1
1057,1,MS,231034.61666,17.10000,0.00590,231034.61666,1
1058,1,MS,231027.10047,16.70000,0.00572,231027.10047,1
1059,1,MS,230874.41180,15.60000,0.00525,230874.41180,1
1060,1,MS,230854.06774,15.70000,0.00529,230854.06774,1
1061,1,MS,230666.40051,17.40000,0.00604,230666.40051,1
1062,1,MS,230726.22545,19.60000,0.00716,230726.22545,1
1063,1,MS,230520.93910,22.00000,0.00858,230520.93910,1
1064,1,MS,230702.14040,24.30000,0.01016,230702.14040,1
1065,1,MS,230475.91045,25.20000,0.01084,230475.91045,1
1066,1,MS,230699.60622,26.50000,0.01189,230699.60622,1
1067,1,MS,230438.47601,27.20000,0.01249,230438.47601,1
1068,1,MS,230694.88571,28.00000,0.01319,230694.88571,1
1069,1,MS,230415.85897,28.00000,0.01319,230415.85897,1
1070,1,MS,230683.13693,28.50000,0.01365,230683.13693,1
1071,1,MS,230399.86733,27.90000,0.01310,230399.86733,1
1072,1,MS,230645.21635,27.20000,0.01249,230645.21635,1
1073,1,MS,230388.39535,26.70000,0.01206,230388.39535,1
1074,1,MS,230566.51859,24.90000,0.01061,230566.51859,1
1075,1,MS,230361.94864,23.30000,0.00945,230361.94864,1
1076,1,MS,230440.21170,21.40000,0.00820,230440.21170,1
1077,1,MS,230262.74371,20.20000,0.00749,230262.74371,1
1078,1,MS,230306.26648,19.70000,0.00721,230306.26648,1
1079,1,MS,230136.87322,19.00000,0.00684,230136.87322,1
1080,1,MS,230170.03346,19.10000,0.00689,230170.03346,1
1081,1,MS,230000.63006,18.80000,0.00673,230000.63006,1
1082,1,MS,230022.79730,18.50000,0.00658,230022.79730,1
1083,1,MS,229858.37956,18.20000,0.00643,229858.37956,1
1084,1,MS,229887.59836,18.80000,0.00673,229887.59836,1
1085,1,MS,229709.72313,19.60000,0.00716,229709.72313,1
1086,1,MS,229799.03771,21.30000,0.00814,229799.03771,1
1087,1,MS,229592.69233,23.10000,0.00931,229592.69233,1
1088,1,MS,229781.32129,25.00000,0.01069,229781.32129,1
1089,1,MS,229545.97422,26.20000,0.01164,229545.97422,1
1090,1,MS,229802.14081,28.40000,0.01356,229802.14081,1
1091,1,MS,229555.94902,26.50000,0.01189,229555.94902,1
1092,1,MS,229774.00279,26.50000,0.01189,229774.00279,1
1093,1,MS,229500.68365,28.50000,0.01365,229500.68365,1
1094,1,MS,229760.54934,31.20000,0.01629,229760.54934,1
1095,1,MS,229397.30532,31.70000,0.01681,229397.30532,1
1096,1,MS,229661.20284,31.40000,0.01650,229661.20284,1
1097,1,MS,229324.43522,30.10000,0.01518,229324.43522,1
1098,1,MS,229563.63853,27.10000,0.01240,229563.63853,1
1099,1,MS,229353.84902,24.30000,0.01016,229353.84902,1
1100,1,MS,229458.73591,22.60000,0.00897,229458.73591,1
1101,1,MS,229279.33893,21.30000,0.00814,229279.33893,1
1102,1,MS,229318.92687,19.70000,0.00721,229318.92687,1
1103,1,MS,229141.62413,19.90000,0.00732,229141.62413,1
1104,1,MS,229140.95037,17.20000,0.00595,229140.95037,1
1105,1,MS,228983.36034,17.10000,0.00590,228983.36034,1
1106,1,MS,228967.34545,15.90000,0.00537,228967.34545,1
1107,1,MS,228832.58085,14.50000,0.00481,228832.58085,1
1108,1,MS,228807.70840,15.10000,0.00504,228807.70840,1
1109,1,MS,228619.27547,18.00000,0.00633,228619.27547,1
1110,1,MS,228677.70436,19.60000,0.00716,228677.70436,1
1111,1,MS,228496.67607,21.30000,0.00814,228496.67607,1
1112,1,MS,228604.38174,22.40000,0.00884,228604.38174,1
1113,1,MS,228419.88376,22.40000,0.00884,228419.88376,1
1114,1,MS,228549.81543,23.40000,0.00952,228549.81543,1
1115,1,MS,228351.32831,23.80000,0.00980,228351.32831,1
1116,1,MS,228547.86844,25.80000,0.01132,228547.86844,1
1117,1,MS,228319.38866,26.40000,0.01181,228319.38866,1
1118,1,MS,228519.76343,26.40000,0.01181,228519.76343,1
1119,1,MS,228285.53307,26.60000,0.01197,228285.53307,1
1120,1,MS,228483.43155,26.20000,0.01164,228483.43155,1
1121,1,MS,228273.22241,25.00000,0.01069,228273.22241,1
1122,1,MS,228373.20797,22.60000,0.00897,228373.20797,1
1123,1,MS,228219.29079,20.10000,0.00744,228219.29079,1
1124,1,MS,228220.21134,17.50000,0.00609,228220.21134,1
1125,1,MS,228083.33073,16.30000,0.00554,228083.33073,1
1126,1,MS,228065.41727,15.60000,0.00525,228065.41727,1
1127,1,MS,227927.22397,15.50000,0.00521,227927.22397,1
1128,1,MS,227983.33599,19.80000,0.00727,227983.33599,1
1129,1,MS,227836.80189,19.60000,0.00716,227836.80189,1
1130,1,MS,227869.30805,19.40000,0.00705,227869.30805,1
1131,1,MS,227722.99059,18.90000,0.00678,227722.99059,1
1132,1,MS,227751.47736,19.00000,0.00684,227751.47736,1
1133,1,MS,227586.84217,20.60000,0.00772,227586.84217,1
1134,1,MS,227692.39744,22.40000,0.00884,227692.39744,1
1135,1,MS,227513.09930,24.10000,0.01002,227513.09930,1
1136,1,MS,227712.90577,26.90000,0.01223,227712.90577,1
1137,1,MS,227486.71933,28.50000,0.01365,227486.71933,1
1138,1,MS,227706.32062,29.90000,0.01498,227706.32062,1
1139,1,MS,227440.03493,30.70000,0.01578,227440.03493,1
1140,1,MS,227645.56084,32.00000,0.01712,227645.56084,1
1141,1,MS,227348.98112,32.20000,0.01733,227348.98112,1
1142,1,MS,227547.47793,32.40000,0.01754,227547.47793,1
1143,1,MS,227248.97652,33.00000,0.01818,227248.97652,1
1144,1,MS,227438.03161,28.20000,0.01338,227438.03161,1
1145,1,MS,227278.67733,24.90000,0.01061,227278.67733,1
1146,1,MS,227420.19177,25.50000,0.01108,227420.19177,1
1147,1,MS,227280.41667,23.90000,0.00987,227280.41667,1
1148,1,MS,227363.15905,23.00000,0.00924,227363.15905,1
1149,1,MS,227235.05408,22.50000,0.00890,227235.05408,1
1150,1,MS,227284.60769,21.10000,0.00802,227284.60769,1
1151,1,MS,227167.79053,21.10000,0.00802,227167.79053,1
1152,1,MS,227186.75059,18.90000,0.00678,227186.75059,1
1153,1,MS,227089.30955,18.20000,0.00643,227089.30955,1
1154,1,MS,227101.97466,18.20000,0.00643,227101.97466,1
1155,1,MS,227011.46831,17.50000,0.00609,227011.46831,1
1156,1,MS,227024.31524,18.20000,0.00643,227024.31524,1
1157,1,MS,226916.25616,20.30000,0.00755,226916.25616,1
1158,1,MS,226995.67066,22.70000,0.00904,226995.67066,1
1159,1,MS,226874.93242,25.30000,0.01092,226874.93242,1
1160,1,MS,227012.53658,27.70000,0.01293,227012.53658,1
1161,1,MS,226865.04039,29.30000,0.01440,226865.04039,1
1162,1,MS,227002.30877,30.60000,0.01568,227002.30877,1
1163,1,MS,226828.40684,31.60000,0.01670,226828.40684,1
1164,1,MS,226949.29439,32.80000,0.01797,226949.29439,1
1165,1,MS,226757.58323,33.50000,0.01872,226757.58323,1
1166,1,MS,226859.08701,33.80000,0.01904,226859.08701,1
1167,1,MS,226668.97410,33.90000,0.01915,226668.97410,1
1168,1,MS,226767.74904,33.80000,0.01904,226767.74904,1
1169,1,MS,226596.83337,33.20000,0.01840,226596.83337,1
1170,1,MS,226715.84412,30.80000,0.01588,226715.84412,1
1171,1,MS,226599.44405,29.50000,0.01459,226599.44405,1
1172,1,MS,226695.59627,27.60000,0.01284,226695.59627,1
1173,1,MS,226622.86875,24.10000,0.01002,226622.86875,1
1174,1,MS,226686.34500,24.80000,0.01054,226686.34500,1
1175,1,MS,226619.05810,23.70000,0.00973,226619.05810,1
1176,1,MS,226604.27052,12.80000,0.00420,226604.27052,1
1177,1,MS,226555.03107,13.40000,0.00440,226555.03107,1
1178,1,MS,226541.17596,12.80000,0.00420,226541.17596,1
1179,1,MS,226501.68474,11.40000,0.00375,226501.68474,1
1180,1,MS,226484.78212,11.90000,0.00390,226484.78212,1
1181,1,MS,226434.15247,13.60000,0.00447,226434.15247,1
1182,1,MS,226426.75391,14.10000,0.00466,226426.75391,1
1183,1,MS,226379.69402,16.10000,0.00546,226379.69402,1
1184,1,MS,226379.99458,16.30000,0.00554,226379.99458,1
1185,1,MS,226337.92599,17.00000,0.00586,226337.92599,1
1186,1,MS,226346.64722,18.40000,0.00653,226346.64722,1
1187,1,MS,226307.63736,17.90000,0.00628,226307.63736,1
1188,1,MS,226315.05123,18.50000,0.00658,226315.05123,1
1189,1,MS,226272.47260,19.40000,0.00705,226272.47260,1
1190,1,MS,226286.26294,19.70000,0.00721,226286.26294,1
1191,1,MS,226248.99143,19.20000,0.00694,226248.99143,1
1192,1,MS,226254.76318,18.40000,0.00653,226254.76318,1
1193,1,MS,226221.72709,17.30000,0.00599,226221.72709,1
1194,1,MS,226222.73736,17.00000,0.00586,226222.73736,1
1195,1,MS,226191.24786,16.50000,0.00563,226191.24786,1
1196,1,MS,226189.33120,15.90000,0.00537,226189.33120,1
1197,1,MS,226160.47120,15.30000,0.00512,226160.47120,1
1198,1,MS,226153.27019,13.50000,0.00444,226153.27019,1
1199,1,MS,226123.71587,14.10000,0.00466,226123.71587,1
