plant,axis,metamer,organ,element,nitrates,starch,max_proteins,amino_acids,proteins,Nstruct,mstruct,fructan,sucrose,green_area,cytokinins
1,MS,1,blade,LeafElement1,0,0,816.6666667,1,10,0.00034,0.04,0,0,0.0016,2.5
1,MS,1,internode,HiddenElement,0,0,432.4324324,3,32,0.000308,0.074,0,406,0.0001,0.1
1,MS,1,sheath,StemElement,0,0,431.0344828,3,25,0.000425,0.058,0,319,0.0002,0.15
1,MS,2,blade,LeafElement1,0,0,2450,8,80,0.000471,0.05,0,120,0.00228,3.5
1,MS,2,internode,HiddenElement,0,0,431.1926606,5,47,0.000259,0.109,0,594,0.00025,0.1
1,MS,2,sheath,StemElement,0,0,438.3561644,3,32,0.000278,0.073,0,398,0.0004,0.15
1,MS,3,blade,LeafElement1,0,0,2450,19,193,0.000771,0.09,0,481,0.0034,8
1,MS,3,internode,HiddenElement,0,0,434.2105263,7,66,0.000316,0.152,0,828,0.0004,0.15
1,MS,3,sheath,StemElement,0,0,431.5789474,4,41,0.000275,0.095,0,517,0.0005,0.2
1,MS,4,blade,LeafElement1,0,0,2450,34,343,0.000969,0.14,0,750,0.00346,15
1,MS,4,internode,HiddenElement,0,0,431.25,7,69,0.000425,0.16,0,875,0.0004,0.5
1,MS,4,internode,StemElement,0,0,437.5,1,14,0.000086,0.032,0,177,0.00008,0.5
1,MS,4,sheath,StemElement,0,0,430.8943089,5,53,0.000597,0.123,0,672,0.0006,0.5
1,MS,5,internode,HiddenElement,0,0,433.9622642,5,46,0.000509,0.106,0,582,0.0005,0.7
1,MS,5,internode,StemElement,0,0,431.0344828,2,25,0.000275,0.058,0,315,0.00027,0.85
1,MS,6,internode,StemElement,0,0,1157.142857,24,243,0.001013,0.21,0,726,0.0015,15
2,MS,1,blade,LeafElement1,0,0,816.6666667,1,10,0.00034,0.04,0,0,0.0016,2.5
2,MS,1,internode,HiddenElement,0,0,432.4324324,3,32,0.000308,0.074,0,406,0.0001,0.1
2,MS,1,sheath,StemElement,0,0,431.0344828,3,25,0.000425,0.058,0,319,0.0002,0.15
2,MS,2,blade,LeafElement1,0,0,2450,8,80,0.000471,0.05,0,120,0.00228,3.5
2,MS,2,internode,HiddenElement,0,0,431.1926606,5,47,0.000259,0.109,0,594,0.00025,0.1
2,MS,2,sheath,StemElement,0,0,438.3561644,3,32,0.000278,0.073,0,398,0.0004,0.15
2,MS,3,blade,LeafElement1,0,0,2450,19,193,0.000771,0.09,0,481,0.0034,8
2,MS,3,internode,HiddenElement,0,0,434.2105263,7,66,0.000316,0.152,0,828,0.0004,0.15
2,MS,3,sheath,StemElement,0,0,431.5789474,4,41,0.000275,0.095,0,517,0.0005,0.2
2,MS,4,blade,LeafElement1,0,0,2450,34,343,0.000969,0.14,0,750,0.00346,15
2,MS,4,internode,HiddenElement,0,0,431.25,7,69,0.000425,0.16,0,875,0.0004,0.5
2,MS,4,internode,StemElement,0,0,437.5,1,14,0.000086,0.032,0,177,0.00008,0.5
2,MS,4,sheath,StemElement,0,0,430.8943089,5,53,0.000597,0.123,0,672,0.0006,0.5
2,MS,5,internode,HiddenElement,0,0,433.9622642,5,46,0.000509,0.106,0,582,0.0005,0.7
2,MS,5,internode,StemElement,0,0,431.0344828,2,25,0.000275,0.058,0,315,0.00027,0.85
2,MS,6,internode,StemElement,0,0,1157.142857,24,243,0.001013,0.21,0,726,0.0015,15
3,MS,1,blade,LeafElement1,0,0,816.6666667,1,10,0.00034,0.04,0,0,0.0016,2.5
3,MS,1,internode,HiddenElement,0,0,432.4324324,3,32,0.000308,0.074,0,406,0.0001,0.1
3,MS,1,sheath,StemElement,0,0,431.0344828,3,25,0.000425,0.058,0,319,0.0002,0.15
3,MS,2,blade,LeafElement1,0,0,2450,8,80,0.000471,0.05,0,120,0.00228,3.5
3,MS,2,internode,HiddenElement,0,0,431.1926606,5,47,0.000259,0.109,0,594,0.00025,0.1
3,MS,2,sheath,StemElement,0,0,438.3561644,3,32,0.000278,0.073,0,398,0.0004,0.15
3,MS,3,blade,LeafElement1,0,0,2450,19,193,0.000771,0.09,0,481,0.0034,8
3,MS,3,internode,HiddenElement,0,0,434.2105263,7,66,0.000316,0.152,0,828,0.0004,0.15
3,MS,3,sheath,StemElement,0,0,431.5789474,4,41,0.000275,0.095,0,517,0.0005,0.2
3,MS,4,blade,LeafElement1,0,0,2450,34,343,0.000969,0.14,0,750,0.00346,15
3,MS,4,internode,HiddenElement,0,0,431.25,7,69,0.000425,0.16,0,875,0.0004,0.5
3,MS,4,internode,StemElement,0,0,437.5,1,14,0.000086,0.032,0,177,0.00008,0.5
3,MS,4,sheath,StemElement,0,0,430.8943089,5,53,0.000597,0.123,0,672,0.0006,0.5
3,MS,5,internode,HiddenElement,0,0,433.9622642,5,46,0.000509,0.106,0,582,0.0005,0.7
3,MS,5,internode,StemElement,0,0,431.0344828,2,25,0.000275,0.058,0,315,0.00027,0.85
3,MS,6,internode,StemElement,0,0,1157.142857,24,243,0.001013,0.21,0,726,0.0015,15
4,MS,1,blade,LeafElement1,0,0,816.6666667,1,10,0.00034,0.04,0,0,0.0016,2.5
4,MS,1,internode,HiddenElement,0,0,432.4324324,3,32,0.000308,0.074,0,406,0.0001,0.1
4,MS,1,sheath,StemElement,0,0,431.0344828,3,25,0.000425,0.058,0,319,0.0002,0.15
4,MS,2,blade,LeafElement1,0,0,2450,8,80,0.000471,0.05,0,120,0.00228,3.5
4,MS,2,internode,HiddenElement,0,0,431.1926606,5,47,0.000259,0.109,0,594,0.00025,0.1
4,MS,2,sheath,StemElement,0,0,438.3561644,3,32,0.000278,0.073,0,398,0.0004,0.15
4,MS,3,blade,LeafElement1,0,0,2450,19,193,0.000771,0.09,0,481,0.0034,8
4,MS,3,internode,HiddenElement,0,0,434.2105263,7,66,0.000316,0.152,0,828,0.0004,0.15
4,MS,3,sheath,StemElement,0,0,431.5789474,4,41,0.000275,0.095,0,517,0.0005,0.2
4,MS,4,blade,LeafElement1,0,0,2450,34,343,0.000969,0.14,0,750,0.00346,15
4,MS,4,internode,HiddenElement,0,0,431.25,7,69,0.000425,0.16,0,875,0.0004,0.5
4,MS,4,internode,StemElement,0,0,437.5,1,14,0.000086,0.032,0,177,0.00008,0.5
4,MS,4,sheath,StemElement,0,0,430.8943089,5,53,0.000597,0.123,0,672,0.0006,0.5
4,MS,5,internode,HiddenElement,0,0,433.9622642,5,46,0.000509,0.106,0,582,0.0005,0.7
4,MS,5,internode,StemElement,0,0,431.0344828,2,25,0.000275,0.058,0,315,0.00027,0.85
4,MS,6,internode,StemElement,0,0,1157.142857,24,243,0.001013,0.21,0,726,0.0015,15
5,MS,1,blade,LeafElement1,0,0,816.6666667,1,10,0.00034,0.04,0,0,0.0016,2.5
5,MS,1,internode,HiddenElement,0,0,432.4324324,3,32,0.000308,0.074,0,406,0.0001,0.1
5,MS,1,sheath,StemElement,0,0,431.0344828,3,25,0.000425,0.058,0,319,0.0002,0.15
5,MS,2,blade,LeafElement1,0,0,2450,8,80,0.000471,0.05,0,120,0.00228,3.5
5,MS,2,internode,HiddenElement,0,0,431.1926606,5,47,0.000259,0.109,0,594,0.00025,0.1
5,MS,2,sheath,StemElement,0,0,438.3561644,3,32,0.000278,0.073,0,398,0.0004,0.15
5,MS,3,blade,LeafElement1,0,0,2450,19,193,0.000771,0.09,0,481,0.0034,8
5,MS,3,internode,HiddenElement,0,0,434.2105263,7,66,0.000316,0.152,0,828,0.0004,0.15
5,MS,3,sheath,StemElement,0,0,431.5789474,4,41,0.000275,0.095,0,517,0.0005,0.2
5,MS,4,blade,LeafElement1,0,0,2450,34,343,0.000969,0.14,0,750,0.00346,15
5,MS,4,internode,HiddenElement,0,0,431.25,7,69,0.000425,0.16,0,875,0.0004,0.5
5,MS,4,internode,StemElement,0,0,437.5,1,14,0.000086,0.032,0,177,0.00008,0.5
5,MS,4,sheath,StemElement,0,0,430.8943089,5,53,0.000597,0.123,0,672,0.0006,0.5
5,MS,5,internode,HiddenElement,0,0,433.9622642,5,46,0.000509,0.106,0,582,0.0005,0.7
5,MS,5,internode,StemElement,0,0,431.0344828,2,25,0.000275,0.058,0,315,0.00027,0.85
5,MS,6,internode,StemElement,0,0,1157.142857,24,243,0.001013,0.21,0,726,0.0015,15
6,MS,1,blade,LeafElement1,0,0,816.6666667,1,10,0.00034,0.04,0,0,0.0016,2.5
6,MS,1,internode,HiddenElement,0,0,432.4324324,3,32,0.000308,0.074,0,406,0.0001,0.1
6,MS,1,sheath,StemElement,0,0,431.0344828,3,25,0.000425,0.058,0,319,0.0002,0.15
6,MS,2,blade,LeafElement1,0,0,2450,8,80,0.000471,0.05,0,120,0.00228,3.5
6,MS,2,internode,HiddenElement,0,0,431.1926606,5,47,0.000259,0.109,0,594,0.00025,0.1
6,MS,2,sheath,StemElement,0,0,438.3561644,3,32,0.000278,0.073,0,398,0.0004,0.15
6,MS,3,blade,LeafElement1,0,0,2450,19,193,0.000771,0.09,0,481,0.0034,8
6,MS,3,internode,HiddenElement,0,0,434.2105263,7,66,0.000316,0.152,0,828,0.0004,0.15
6,MS,3,sheath,StemElement,0,0,431.5789474,4,41,0.000275,0.095,0,517,0.0005,0.2
6,MS,4,blade,LeafElement1,0,0,2450,34,343,0.000969,0.14,0,750,0.00346,15
6,MS,4,internode,HiddenElement,0,0,431.25,7,69,0.000425,0.16,0,875,0.0004,0.5
6,MS,4,internode,StemElement,0,0,437.5,1,14,0.000086,0.032,0,177,0.00008,0.5
6,MS,4,sheath,StemElement,0,0,430.8943089,5,53,0.000597,0.123,0,672,0.0006,0.5
6,MS,5,internode,HiddenElement,0,0,433.9622642,5,46,0.000509,0.106,0,582,0.0005,0.7
6,MS,5,internode,StemElement,0,0,431.0344828,2,25,0.000275,0.058,0,315,0.00027,0.85
6,MS,6,internode,StemElement,0,0,1157.142857,24,243,0.001013,0.21,0,726,0.0015,15
7,MS,1,blade,LeafElement1,0,0,816.6666667,1,10,0.00034,0.04,0,0,0.0016,2.5
7,MS,1,internode,HiddenElement,0,0,432.4324324,3,32,0.000308,0.074,0,406,0.0001,0.1
7,MS,1,sheath,StemElement,0,0,431.0344828,3,25,0.000425,0.058,0,319,0.0002,0.15
7,MS,2,blade,LeafElement1,0,0,2450,8,80,0.000471,0.05,0,120,0.00228,3.5
7,MS,2,internode,HiddenElement,0,0,431.1926606,5,47,0.000259,0.109,0,594,0.00025,0.1
7,MS,2,sheath,StemElement,0,0,438.3561644,3,32,0.000278,0.073,0,398,0.0004,0.15
7,MS,3,blade,LeafElement1,0,0,2450,19,193,0.000771,0.09,0,481,0.0034,8
7,MS,3,internode,HiddenElement,0,0,434.2105263,7,66,0.000316,0.152,0,828,0.0004,0.15
7,MS,3,sheath,StemElement,0,0,431.5789474,4,41,0.000275,0.095,0,517,0.0005,0.2
7,MS,4,blade,LeafElement1,0,0,2450,34,343,0.000969,0.14,0,750,0.00346,15
7,MS,4,internode,HiddenElement,0,0,431.25,7,69,0.000425,0.16,0,875,0.0004,0.5
7,MS,4,internode,StemElement,0,0,437.5,1,14,0.000086,0.032,0,177,0.00008,0.5
7,MS,4,sheath,StemElement,0,0,430.8943089,5,53,0.000597,0.123,0,672,0.0006,0.5
7,MS,5,internode,HiddenElement,0,0,433.9622642,5,46,0.000509,0.106,0,582,0.0005,0.7
7,MS,5,internode,StemElement,0,0,431.0344828,2,25,0.000275,0.058,0,315,0.00027,0.85
7,MS,6,internode,StemElement,0,0,1157.142857,24,243,0.001013,0.21,0,726,0.0015,15
8,MS,1,blade,LeafElement1,0,0,816.6666667,1,10,0.00034,0.04,0,0,0.0016,2.5
8,MS,1,internode,HiddenElement,0,0,432.4324324,3,32,0.000308,0.074,0,406,0.0001,0.1
8,MS,1,sheath,StemElement,0,0,431.0344828,3,25,0.000425,0.058,0,319,0.0002,0.15
8,MS,2,blade,LeafElement1,0,0,2450,8,80,0.000471,0.05,0,120,0.00228,3.5
8,MS,2,internode,HiddenElement,0,0,431.1926606,5,47,0.000259,0.109,0,594,0.00025,0.1
8,MS,2,sheath,StemElement,0,0,438.3561644,3,32,0.000278,0.073,0,398,0.0004,0.15
8,MS,3,blade,LeafElement1,0,0,2450,19,193,0.000771,0.09,0,481,0.0034,8
8,MS,3,internode,HiddenElement,0,0,434.2105263,7,66,0.000316,0.152,0,828,0.0004,0.15
8,MS,3,sheath,StemElement,0,0,431.5789474,4,41,0.000275,0.095,0,517,0.0005,0.2
8,MS,4,blade,LeafElement1,0,0,2450,34,343,0.000969,0.14,0,750,0.00346,15
8,MS,4,internode,HiddenElement,0,0,431.25,7,69,0.000425,0.16,0,875,0.0004,0.5
8,MS,4,internode,StemElement,0,0,437.5,1,14,0.000086,0.032,0,177,0.00008,0.5
8,MS,4,sheath,StemElement,0,0,430.8943089,5,53,0.000597,0.123,0,672,0.0006,0.5
8,MS,5,internode,HiddenElement,0,0,433.9622642,5,46,0.000509,0.106,0,582,0.0005,0.7
8,MS,5,internode,StemElement,0,0,431.0344828,2,25,0.000275,0.058,0,315,0.00027,0.85
8,MS,6,internode,StemElement,0,0,1157.142857,24,243,0.001013,0.21,0,726,0.0015,15
9,MS,1,blade,LeafElement1,0,0,816.6666667,1,10,0.00034,0.04,0,0,0.0016,2.5
9,MS,1,internode,HiddenElement,0,0,432.4324324,3,32,0.000308,0.074,0,406,0.0001,0.1
9,MS,1,sheath,StemElement,0,0,431.0344828,3,25,0.000425,0.058,0,319,0.0002,0.15
9,MS,2,blade,LeafElement1,0,0,2450,8,80,0.000471,0.05,0,120,0.00228,3.5
9,MS,2,internode,HiddenElement,0,0,431.1926606,5,47,0.000259,0.109,0,594,0.00025,0.1
9,MS,2,sheath,StemElement,0,0,438.3561644,3,32,0.000278,0.073,0,398,0.0004,0.15
9,MS,3,blade,LeafElement1,0,0,2450,19,193,0.000771,0.09,0,481,0.0034,8
9,MS,3,internode,HiddenElement,0,0,434.2105263,7,66,0.000316,0.152,0,828,0.0004,0.15
9,MS,3,sheath,StemElement,0,0,431.5789474,4,41,0.000275,0.095,0,517,0.0005,0.2
9,MS,4,blade,LeafElement1,0,0,2450,34,343,0.000969,0.14,0,750,0.00346,15
9,MS,4,internode,HiddenElement,0,0,431.25,7,69,0.000425,0.16,0,875,0.0004,0.5
9,MS,4,internode,StemElement,0,0,437.5,1,14,0.000086,0.032,0,177,0.00008,0.5
9,MS,4,sheath,StemElement,0,0,430.8943089,5,53,0.000597,0.123,0,672,0.0006,0.5
9,MS,5,internode,HiddenElement,0,0,433.9622642,5,46,0.000509,0.106,0,582,0.0005,0.7
9,MS,5,internode,StemElement,0,0,431.0344828,2,25,0.000275,0.058,0,315,0.00027,0.85
9,MS,6,internode,StemElement,0,0,1157.142857,24,243,0.001013,0.21,0,726,0.0015,15
10,MS,1,blade,LeafElement1,0,0,816.6666667,1,10,0.00034,0.04,0,0,0.0016,2.5
10,MS,1,internode,HiddenElement,0,0,432.4324324,3,32,0.000308,0.074,0,406,0.0001,0.1
10,MS,1,sheath,StemElement,0,0,431.0344828,3,25,0.000425,0.058,0,319,0.0002,0.15
10,MS,2,blade,LeafElement1,0,0,2450,8,80,0.000471,0.05,0,120,0.00228,3.5
10,MS,2,internode,HiddenElement,0,0,431.1926606,5,47,0.000259,0.109,0,594,0.00025,0.1
10,MS,2,sheath,StemElement,0,0,438.3561644,3,32,0.000278,0.073,0,398,0.0004,0.15
10,MS,3,blade,LeafElement1,0,0,2450,19,193,0.000771,0.09,0,481,0.0034,8
10,MS,3,internode,HiddenElement,0,0,434.2105263,7,66,0.000316,0.152,0,828,0.0004,0.15
10,MS,3,sheath,StemElement,0,0,431.5789474,4,41,0.000275,0.095,0,517,0.0005,0.2
10,MS,4,blade,LeafElement1,0,0,2450,34,343,0.000969,0.14,0,750,0.00346,15
10,MS,4,internode,HiddenElement,0,0,431.25,7,69,0.000425,0.16,0,875,0.0004,0.5
10,MS,4,internode,StemElement,0,0,437.5,1,14,0.000086,0.032,0,177,0.00008,0.5
10,MS,4,sheath,StemElement,0,0,430.8943089,5,53,0.000597,0.123,0,672,0.0006,0.5
10,MS,5,internode,HiddenElement,0,0,433.9622642,5,46,0.000509,0.106,0,582,0.0005,0.7
10,MS,5,internode,StemElement,0,0,431.0344828,2,25,0.000275,0.058,0,315,0.00027,0.85
10,MS,6,internode,StemElement,0,0,1157.142857,24,243,0.001013,0.21,0,726,0.0015,15
11,MS,1,blade,LeafElement1,0,0,816.6666667,1,10,0.00034,0.04,0,0,0.0016,2.5
11,MS,1,internode,HiddenElement,0,0,432.4324324,3,32,0.000308,0.074,0,406,0.0001,0.1
11,MS,1,sheath,StemElement,0,0,431.0344828,3,25,0.000425,0.058,0,319,0.0002,0.15
11,MS,2,blade,LeafElement1,0,0,2450,8,80,0.000471,0.05,0,120,0.00228,3.5
11,MS,2,internode,HiddenElement,0,0,431.1926606,5,47,0.000259,0.109,0,594,0.00025,0.1
11,MS,2,sheath,StemElement,0,0,438.3561644,3,32,0.000278,0.073,0,398,0.0004,0.15
11,MS,3,blade,LeafElement1,0,0,2450,19,193,0.000771,0.09,0,481,0.0034,8
11,MS,3,internode,HiddenElement,0,0,434.2105263,7,66,0.000316,0.152,0,828,0.0004,0.15
11,MS,3,sheath,StemElement,0,0,431.5789474,4,41,0.000275,0.095,0,517,0.0005,0.2
11,MS,4,blade,LeafElement1,0,0,2450,34,343,0.000969,0.14,0,750,0.00346,15
11,MS,4,internode,HiddenElement,0,0,431.25,7,69,0.000425,0.16,0,875,0.0004,0.5
11,MS,4,internode,StemElement,0,0,437.5,1,14,0.000086,0.032,0,177,0.00008,0.5
11,MS,4,sheath,StemElement,0,0,430.8943089,5,53,0.000597,0.123,0,672,0.0006,0.5
11,MS,5,internode,HiddenElement,0,0,433.9622642,5,46,0.000509,0.106,0,582,0.0005,0.7
11,MS,5,internode,StemElement,0,0,431.0344828,2,25,0.000275,0.058,0,315,0.00027,0.85
11,MS,6,internode,StemElement,0,0,1157.142857,24,243,0.001013,0.21,0,726,0.0015,15
12,MS,1,blade,LeafElement1,0,0,816.6666667,1,10,0.00034,0.04,0,0,0.0016,2.5
12,MS,1,internode,HiddenElement,0,0,432.4324324,3,32,0.000308,0.074,0,406,0.0001,0.1
12,MS,1,sheath,StemElement,0,0,431.0344828,3,25,0.000425,0.058,0,319,0.0002,0.15
12,MS,2,blade,LeafElement1,0,0,2450,8,80,0.000471,0.05,0,120,0.00228,3.5
12,MS,2,internode,HiddenElement,0,0,431.1926606,5,47,0.000259,0.109,0,594,0.00025,0.1
12,MS,2,sheath,StemElement,0,0,438.3561644,3,32,0.000278,0.073,0,398,0.0004,0.15
12,MS,3,blade,LeafElement1,0,0,2450,19,193,0.000771,0.09,0,481,0.0034,8
12,MS,3,internode,HiddenElement,0,0,434.2105263,7,66,0.000316,0.152,0,828,0.0004,0.15
12,MS,3,sheath,StemElement,0,0,431.5789474,4,41,0.000275,0.095,0,517,0.0005,0.2
12,MS,4,blade,LeafElement1,0,0,2450,34,343,0.000969,0.14,0,750,0.00346,15
12,MS,4,internode,HiddenElement,0,0,431.25,7,69,0.000425,0.16,0,875,0.0004,0.5
12,MS,4,internode,StemElement,0,0,437.5,1,14,0.000086,0.032,0,177,0.00008,0.5
12,MS,4,sheath,StemElement,0,0,430.8943089,5,53,0.000597,0.123,0,672,0.0006,0.5
12,MS,5,internode,HiddenElement,0,0,433.9622642,5,46,0.000509,0.106,0,582,0.0005,0.7
12,MS,5,internode,StemElement,0,0,431.0344828,2,25,0.000275,0.058,0,315,0.00027,0.85
12,MS,6,internode,StemElement,0,0,1157.142857,24,243,0.001013,0.21,0,726,0.0015,15
13,MS,1,blade,LeafElement1,0,0,816.6666667,1,10,0.00034,0.04,0,0,0.0016,2.5
13,MS,1,internode,HiddenElement,0,0,432.4324324,3,32,0.000308,0.074,0,406,0.0001,0.1
13,MS,1,sheath,StemElement,0,0,431.0344828,3,25,0.000425,0.058,0,319,0.0002,0.15
13,MS,2,blade,LeafElement1,0,0,2450,8,80,0.000471,0.05,0,120,0.00228,3.5
13,MS,2,internode,HiddenElement,0,0,431.1926606,5,47,0.000259,0.109,0,594,0.00025,0.1
13,MS,2,sheath,StemElement,0,0,438.3561644,3,32,0.000278,0.073,0,398,0.0004,0.15
13,MS,3,blade,LeafElement1,0,0,2450,19,193,0.000771,0.09,0,481,0.0034,8
13,MS,3,internode,HiddenElement,0,0,434.2105263,7,66,0.000316,0.152,0,828,0.0004,0.15
13,MS,3,sheath,StemElement,0,0,431.5789474,4,41,0.000275,0.095,0,517,0.0005,0.2
13,MS,4,blade,LeafElement1,0,0,2450,34,343,0.000969,0.14,0,750,0.00346,15
13,MS,4,internode,HiddenElement,0,0,431.25,7,69,0.000425,0.16,0,875,0.0004,0.5
13,MS,4,internode,StemElement,0,0,437.5,1,14,0.000086,0.032,0,177,0.00008,0.5
13,MS,4,sheath,StemElement,0,0,430.8943089,5,53,0.000597,0.123,0,672,0.0006,0.5
13,MS,5,internode,HiddenElement,0,0,433.9622642,5,46,0.000509,0.106,0,582,0.0005,0.7
13,MS,5,internode,StemElement,0,0,431.0344828,2,25,0.000275,0.058,0,315,0.00027,0.85
13,MS,6,internode,StemElement,0,0,1157.142857,24,243,0.001013,0.21,0,726,0.0015,15
14,MS,1,blade,LeafElement1,0,0,816.6666667,1,10,0.00034,0.04,0,0,0.0016,2.5
14,MS,1,internode,HiddenElement,0,0,432.4324324,3,32,0.000308,0.074,0,406,0.0001,0.1
14,MS,1,sheath,StemElement,0,0,431.0344828,3,25,0.000425,0.058,0,319,0.0002,0.15
14,MS,2,blade,LeafElement1,0,0,2450,8,80,0.000471,0.05,0,120,0.00228,3.5
14,MS,2,internode,HiddenElement,0,0,431.1926606,5,47,0.000259,0.109,0,594,0.00025,0.1
14,MS,2,sheath,StemElement,0,0,438.3561644,3,32,0.000278,0.073,0,398,0.0004,0.15
14,MS,3,blade,LeafElement1,0,0,2450,19,193,0.000771,0.09,0,481,0.0034,8
14,MS,3,internode,HiddenElement,0,0,434.2105263,7,66,0.000316,0.152,0,828,0.0004,0.15
14,MS,3,sheath,StemElement,0,0,431.5789474,4,41,0.000275,0.095,0,517,0.0005,0.2
14,MS,4,blade,LeafElement1,0,0,2450,34,343,0.000969,0.14,0,750,0.00346,15
14,MS,4,internode,HiddenElement,0,0,431.25,7,69,0.000425,0.16,0,875,0.0004,0.5
14,MS,4,internode,StemElement,0,0,437.5,1,14,0.000086,0.032,0,177,0.00008,0.5
14,MS,4,sheath,StemElement,0,0,430.8943089,5,53,0.000597,0.123,0,672,0.0006,0.5
14,MS,5,internode,HiddenElement,0,0,433.9622642,5,46,0.000509,0.106,0,582,0.0005,0.7
14,MS,5,internode,StemElement,0,0,431.0344828,2,25,0.000275,0.058,0,315,0.00027,0.85
14,MS,6,internode,StemElement,0,0,1157.142857,24,243,0.001013,0.21,0,726,0.0015,15
15,MS,1,blade,LeafElement1,0,0,816.6666667,1,10,0.00034,0.04,0,0,0.0016,2.5
15,MS,1,internode,HiddenElement,0,0,432.4324324,3,32,0.000308,0.074,0,406,0.0001,0.1
15,MS,1,sheath,StemElement,0,0,431.0344828,3,25,0.000425,0.058,0,319,0.0002,0.15
15,MS,2,blade,LeafElement1,0,0,2450,8,80,0.000471,0.05,0,120,0.00228,3.5
15,MS,2,internode,HiddenElement,0,0,431.1926606,5,47,0.000259,0.109,0,594,0.00025,0.1
15,MS,2,sheath,StemElement,0,0,438.3561644,3,32,0.000278,0.073,0,398,0.0004,0.15
15,MS,3,blade,LeafElement1,0,0,2450,19,193,0.000771,0.09,0,481,0.0034,8
15,MS,3,internode,HiddenElement,0,0,434.2105263,7,66,0.000316,0.152,0,828,0.0004,0.15
15,MS,3,sheath,StemElement,0,0,431.5789474,4,41,0.000275,0.095,0,517,0.0005,0.2
15,MS,4,blade,LeafElement1,0,0,2450,34,343,0.000969,0.14,0,750,0.00346,15
15,MS,4,internode,HiddenElement,0,0,431.25,7,69,0.000425,0.16,0,875,0.0004,0.5
15,MS,4,internode,StemElement,0,0,437.5,1,14,0.000086,0.032,0,177,0.00008,0.5
15,MS,4,sheath,StemElement,0,0,430.8943089,5,53,0.000597,0.123,0,672,0.0006,0.5
15,MS,5,internode,HiddenElement,0,0,433.9622642,5,46,0.000509,0.106,0,582,0.0005,0.7
15,MS,5,internode,StemElement,0,0,431.0344828,2,25,0.000275,0.058,0,315,0.00027,0.85
15,MS,6,internode,StemElement,0,0,1157.142857,24,243,0.001013,0.21,0,726,0.0015,15
16,MS,1,blade,LeafElement1,0,0,816.6666667,1,10,0.00034,0.04,0,0,0.0016,2.5
16,MS,1,internode,HiddenElement,0,0,432.4324324,3,32,0.000308,0.074,0,406,0.0001,0.1
16,MS,1,sheath,StemElement,0,0,431.0344828,3,25,0.000425,0.058,0,319,0.0002,0.15
16,MS,2,blade,LeafElement1,0,0,2450,8,80,0.000471,0.05,0,120,0.00228,3.5
16,MS,2,internode,HiddenElement,0,0,431.1926606,5,47,0.000259,0.109,0,594,0.00025,0.1
16,MS,2,sheath,StemElement,0,0,438.3561644,3,32,0.000278,0.073,0,398,0.0004,0.15
16,MS,3,blade,LeafElement1,0,0,2450,19,193,0.000771,0.09,0,481,0.0034,8
16,MS,3,internode,HiddenElement,0,0,434.2105263,7,66,0.000316,0.152,0,828,0.0004,0.15
16,MS,3,sheath,StemElement,0,0,431.5789474,4,41,0.000275,0.095,0,517,0.0005,0.2
16,MS,4,blade,LeafElement1,0,0,2450,34,343,0.000969,0.14,0,750,0.00346,15
16,MS,4,internode,HiddenElement,0,0,431.25,7,69,0.000425,0.16,0,875,0.0004,0.5
16,MS,4,internode,StemElement,0,0,437.5,1,14,0.000086,0.032,0,177,0.00008,0.5
16,MS,4,sheath,StemElement,0,0,430.8943089,5,53,0.000597,0.123,0,672,0.0006,0.5
16,MS,5,internode,HiddenElement,0,0,433.9622642,5,46,0.000509,0.106,0,582,0.0005,0.7
16,MS,5,internode,StemElement,0,0,431.0344828,2,25,0.000275,0.058,0,315,0.00027,0.85
16,MS,6,internode,StemElement,0,0,1157.142857,24,243,0.001013,0.21,0,726,0.0015,15
17,MS,1,blade,LeafElement1,0,0,816.6666667,1,10,0.00034,0.04,0,0,0.0016,2.5
17,MS,1,internode,HiddenElement,0,0,432.4324324,3,32,0.000308,0.074,0,406,0.0001,0.1
17,MS,1,sheath,StemElement,0,0,431.0344828,3,25,0.000425,0.058,0,319,0.0002,0.15
17,MS,2,blade,LeafElement1,0,0,2450,8,80,0.000471,0.05,0,120,0.00228,3.5
17,MS,2,internode,HiddenElement,0,0,431.1926606,5,47,0.000259,0.109,0,594,0.00025,0.1
17,MS,2,sheath,StemElement,0,0,438.3561644,3,32,0.000278,0.073,0,398,0.0004,0.15
17,MS,3,blade,LeafElement1,0,0,2450,19,193,0.000771,0.09,0,481,0.0034,8
17,MS,3,internode,HiddenElement,0,0,434.2105263,7,66,0.000316,0.152,0,828,0.0004,0.15
17,MS,3,sheath,StemElement,0,0,431.5789474,4,41,0.000275,0.095,0,517,0.0005,0.2
17,MS,4,blade,LeafElement1,0,0,2450,34,343,0.000969,0.14,0,750,0.00346,15
17,MS,4,internode,HiddenElement,0,0,431.25,7,69,0.000425,0.16,0,875,0.0004,0.5
17,MS,4,internode,StemElement,0,0,437.5,1,14,0.000086,0.032,0,177,0.00008,0.5
17,MS,4,sheath,StemElement,0,0,430.8943089,5,53,0.000597,0.123,0,672,0.0006,0.5
17,MS,5,internode,HiddenElement,0,0,433.9622642,5,46,0.000509,0.106,0,582,0.0005,0.7
17,MS,5,internode,StemElement,0,0,431.0344828,2,25,0.000275,0.058,0,315,0.00027,0.85
17,MS,6,internode,StemElement,0,0,1157.142857,24,243,0.001013,0.21,0,726,0.0015,15
18,MS,1,blade,LeafElement1,0,0,816.6666667,1,10,0.00034,0.04,0,0,0.0016,2.5
18,MS,1,internode,HiddenElement,0,0,432.4324324,3,32,0.000308,0.074,0,406,0.0001,0.1
18,MS,1,sheath,StemElement,0,0,431.0344828,3,25,0.000425,0.058,0,319,0.0002,0.15
18,MS,2,blade,LeafElement1,0,0,2450,8,80,0.000471,0.05,0,120,0.00228,3.5
18,MS,2,internode,HiddenElement,0,0,431.1926606,5,47,0.000259,0.109,0,594,0.00025,0.1
18,MS,2,sheath,StemElement,0,0,438.3561644,3,32,0.000278,0.073,0,398,0.0004,0.15
18,MS,3,blade,LeafElement1,0,0,2450,19,193,0.000771,0.09,0,481,0.0034,8
18,MS,3,internode,HiddenElement,0,0,434.2105263,7,66,0.000316,0.152,0,828,0.0004,0.15
18,MS,3,sheath,StemElement,0,0,431.5789474,4,41,0.000275,0.095,0,517,0.0005,0.2
18,MS,4,blade,LeafElement1,0,0,2450,34,343,0.000969,0.14,0,750,0.00346,15
18,MS,4,internode,HiddenElement,0,0,431.25,7,69,0.000425,0.16,0,875,0.0004,0.5
18,MS,4,internode,StemElement,0,0,437.5,1,14,0.000086,0.032,0,177,0.00008,0.5
18,MS,4,sheath,StemElement,0,0,430.8943089,5,53,0.000597,0.123,0,672,0.0006,0.5
18,MS,5,internode,HiddenElement,0,0,433.9622642,5,46,0.000509,0.106,0,582,0.0005,0.7
18,MS,5,internode,StemElement,0,0,431.0344828,2,25,0.000275,0.058,0,315,0.00027,0.85
18,MS,6,internode,StemElement,0,0,1157.142857,24,243,0.001013,0.21,0,726,0.0015,15
19,MS,1,blade,LeafElement1,0,0,816.6666667,1,10,0.00034,0.04,0,0,0.0016,2.5
19,MS,1,internode,HiddenElement,0,0,432.4324324,3,32,0.000308,0.074,0,406,0.0001,0.1
19,MS,1,sheath,StemElement,0,0,431.0344828,3,25,0.000425,0.058,0,319,0.0002,0.15
19,MS,2,blade,LeafElement1,0,0,2450,8,80,0.000471,0.05,0,120,0.00228,3.5
19,MS,2,internode,HiddenElement,0,0,431.1926606,5,47,0.000259,0.109,0,594,0.00025,0.1
19,MS,2,sheath,StemElement,0,0,438.3561644,3,32,0.000278,0.073,0,398,0.0004,0.15
19,MS,3,blade,LeafElement1,0,0,2450,19,193,0.000771,0.09,0,481,0.0034,8
19,MS,3,internode,HiddenElement,0,0,434.2105263,7,66,0.000316,0.152,0,828,0.0004,0.15
19,MS,3,sheath,StemElement,0,0,431.5789474,4,41,0.000275,0.095,0,517,0.0005,0.2
19,MS,4,blade,LeafElement1,0,0,2450,34,343,0.000969,0.14,0,750,0.00346,15
19,MS,4,internode,HiddenElement,0,0,431.25,7,69,0.000425,0.16,0,875,0.0004,0.5
19,MS,4,internode,StemElement,0,0,437.5,1,14,0.000086,0.032,0,177,0.00008,0.5
19,MS,4,sheath,StemElement,0,0,430.8943089,5,53,0.000597,0.123,0,672,0.0006,0.5
19,MS,5,internode,HiddenElement,0,0,433.9622642,5,46,0.000509,0.106,0,582,0.0005,0.7
19,MS,5,internode,StemElement,0,0,431.0344828,2,25,0.000275,0.058,0,315,0.00027,0.85
19,MS,6,internode,StemElement,0,0,1157.142857,24,243,0.001013,0.21,0,726,0.0015,15
20,MS,1,blade,LeafElement1,0,0,816.6666667,1,10,0.00034,0.04,0,0,0.0016,2.5
20,MS,1,internode,HiddenElement,0,0,432.4324324,3,32,0.000308,0.074,0,406,0.0001,0.1
20,MS,1,sheath,StemElement,0,0,431.0344828,3,25,0.000425,0.058,0,319,0.0002,0.15
20,MS,2,blade,LeafElement1,0,0,2450,8,80,0.000471,0.05,0,120,0.00228,3.5
20,MS,2,internode,HiddenElement,0,0,431.1926606,5,47,0.000259,0.109,0,594,0.00025,0.1
20,MS,2,sheath,StemElement,0,0,438.3561644,3,32,0.000278,0.073,0,398,0.0004,0.15
20,MS,3,blade,LeafElement1,0,0,2450,19,193,0.000771,0.09,0,481,0.0034,8
20,MS,3,internode,HiddenElement,0,0,434.2105263,7,66,0.000316,0.152,0,828,0.0004,0.15
20,MS,3,sheath,StemElement,0,0,431.5789474,4,41,0.000275,0.095,0,517,0.0005,0.2
20,MS,4,blade,LeafElement1,0,0,2450,34,343,0.000969,0.14,0,750,0.00346,15
20,MS,4,internode,HiddenElement,0,0,431.25,7,69,0.000425,0.16,0,875,0.0004,0.5
20,MS,4,internode,StemElement,0,0,437.5,1,14,0.000086,0.032,0,177,0.00008,0.5
20,MS,4,sheath,StemElement,0,0,430.8943089,5,53,0.000597,0.123,0,672,0.0006,0.5
20,MS,5,internode,HiddenElement,0,0,433.9622642,5,46,0.000509,0.106,0,582,0.0005,0.7
20,MS,5,internode,StemElement,0,0,431.0344828,2,25,0.000275,0.058,0,315,0.00027,0.85
20,MS,6,internode,StemElement,0,0,1157.142857,24,243,0.001013,0.21,0,726,0.0015,15
21,MS,1,blade,LeafElement1,0,0,816.6666667,1,10,0.00034,0.04,0,0,0.0016,2.5
21,MS,1,internode,HiddenElement,0,0,432.4324324,3,32,0.000308,0.074,0,406,0.0001,0.1
21,MS,1,sheath,StemElement,0,0,431.0344828,3,25,0.000425,0.058,0,319,0.0002,0.15
21,MS,2,blade,LeafElement1,0,0,2450,8,80,0.000471,0.05,0,120,0.00228,3.5
21,MS,2,internode,HiddenElement,0,0,431.1926606,5,47,0.000259,0.109,0,594,0.00025,0.1
21,MS,2,sheath,StemElement,0,0,438.3561644,3,32,0.000278,0.073,0,398,0.0004,0.15
21,MS,3,blade,LeafElement1,0,0,2450,19,193,0.000771,0.09,0,481,0.0034,8
21,MS,3,internode,HiddenElement,0,0,434.2105263,7,66,0.000316,0.152,0,828,0.0004,0.15
21,MS,3,sheath,StemElement,0,0,431.5789474,4,41,0.000275,0.095,0,517,0.0005,0.2
21,MS,4,blade,LeafElement1,0,0,2450,34,343,0.000969,0.14,0,750,0.00346,15
21,MS,4,internode,HiddenElement,0,0,431.25,7,69,0.000425,0.16,0,875,0.0004,0.5
21,MS,4,internode,StemElement,0,0,437.5,1,14,0.000086,0.032,0,177,0.00008,0.5
21,MS,4,sheath,StemElement,0,0,430.8943089,5,53,0.000597,0.123,0,672,0.0006,0.5
21,MS,5,internode,HiddenElement,0,0,433.9622642,5,46,0.000509,0.106,0,582,0.0005,0.7
21,MS,5,internode,StemElement,0,0,431.0344828,2,25,0.000275,0.058,0,315,0.00027,0.85
21,MS,6,internode,StemElement,0,0,1157.142857,24,243,0.001013,0.21,0,726,0.0015,15
22,MS,1,blade,LeafElement1,0,0,816.6666667,1,10,0.00034,0.04,0,0,0.0016,2.5
22,MS,1,internode,HiddenElement,0,0,432.4324324,3,32,0.000308,0.074,0,406,0.0001,0.1
22,MS,1,sheath,StemElement,0,0,431.0344828,3,25,0.000425,0.058,0,319,0.0002,0.15
22,MS,2,blade,LeafElement1,0,0,2450,8,80,0.000471,0.05,0,120,0.00228,3.5
22,MS,2,internode,HiddenElement,0,0,431.1926606,5,47,0.000259,0.109,0,594,0.00025,0.1
22,MS,2,sheath,StemElement,0,0,438.3561644,3,32,0.000278,0.073,0,398,0.0004,0.15
22,MS,3,blade,LeafElement1,0,0,2450,19,193,0.000771,0.09,0,481,0.0034,8
22,MS,3,internode,HiddenElement,0,0,434.2105263,7,66,0.000316,0.152,0,828,0.0004,0.15
22,MS,3,sheath,StemElement,0,0,431.5789474,4,41,0.000275,0.095,0,517,0.0005,0.2
22,MS,4,blade,LeafElement1,0,0,2450,34,343,0.000969,0.14,0,750,0.00346,15
22,MS,4,internode,HiddenElement,0,0,431.25,7,69,0.000425,0.16,0,875,0.0004,0.5
22,MS,4,internode,StemElement,0,0,437.5,1,14,0.000086,0.032,0,177,0.00008,0.5
22,MS,4,sheath,StemElement,0,0,430.8943089,5,53,0.000597,0.123,0,672,0.0006,0.5
22,MS,5,internode,HiddenElement,0,0,433.9622642,5,46,0.000509,0.106,0,582,0.0005,0.7
22,MS,5,internode,StemElement,0,0,431.0344828,2,25,0.000275,0.058,0,315,0.00027,0.85
22,MS,6,internode,StemElement,0,0,1157.142857,24,243,0.001013,0.21,0,726,0.0015,15
23,MS,1,blade,LeafElement1,0,0,816.6666667,1,10,0.00034,0.04,0,0,0.0016,2.5
23,MS,1,internode,HiddenElement,0,0,432.4324324,3,32,0.000308,0.074,0,406,0.0001,0.1
23,MS,1,sheath,StemElement,0,0,431.0344828,3,25,0.000425,0.058,0,319,0.0002,0.15
23,MS,2,blade,LeafElement1,0,0,2450,8,80,0.000471,0.05,0,120,0.00228,3.5
23,MS,2,internode,HiddenElement,0,0,431.1926606,5,47,0.000259,0.109,0,594,0.00025,0.1
23,MS,2,sheath,StemElement,0,0,438.3561644,3,32,0.000278,0.073,0,398,0.0004,0.15
23,MS,3,blade,LeafElement1,0,0,2450,19,193,0.000771,0.09,0,481,0.0034,8
23,MS,3,internode,HiddenElement,0,0,434.2105263,7,66,0.000316,0.152,0,828,0.0004,0.15
23,MS,3,sheath,StemElement,0,0,431.5789474,4,41,0.000275,0.095,0,517,0.0005,0.2
23,MS,4,blade,LeafElement1,0,0,2450,34,343,0.000969,0.14,0,750,0.00346,15
23,MS,4,internode,HiddenElement,0,0,431.25,7,69,0.000425,0.16,0,875,0.0004,0.5
23,MS,4,internode,StemElement,0,0,437.5,1,14,0.000086,0.032,0,177,0.00008,0.5
23,MS,4,sheath,StemElement,0,0,430.8943089,5,53,0.000597,0.123,0,672,0.0006,0.5
23,MS,5,internode,HiddenElement,0,0,433.9622642,5,46,0.000509,0.106,0,582,0.0005,0.7
23,MS,5,internode,StemElement,0,0,431.0344828,2,25,0.000275,0.058,0,315,0.00027,0.85
23,MS,6,internode,StemElement,0,0,1157.142857,24,243,0.001013,0.21,0,726,0.0015,15
24,MS,1,blade,LeafElement1,0,0,816.6666667,1,10,0.00034,0.04,0,0,0.0016,2.5
24,MS,1,internode,HiddenElement,0,0,432.4324324,3,32,0.000308,0.074,0,406,0.0001,0.1
24,MS,1,sheath,StemElement,0,0,431.0344828,3,25,0.000425,0.058,0,319,0.0002,0.15
24,MS,2,blade,LeafElement1,0,0,2450,8,80,0.000471,0.05,0,120,0.00228,3.5
24,MS,2,internode,HiddenElement,0,0,431.1926606,5,47,0.000259,0.109,0,594,0.00025,0.1
24,MS,2,sheath,StemElement,0,0,438.3561644,3,32,0.000278,0.073,0,398,0.0004,0.15
24,MS,3,blade,LeafElement1,0,0,2450,19,193,0.000771,0.09,0,481,0.0034,8
24,MS,3,internode,HiddenElement,0,0,434.2105263,7,66,0.000316,0.152,0,828,0.0004,0.15
24,MS,3,sheath,StemElement,0,0,431.5789474,4,41,0.000275,0.095,0,517,0.0005,0.2
24,MS,4,blade,LeafElement1,0,0,2450,34,343,0.000969,0.14,0,750,0.00346,15
24,MS,4,internode,HiddenElement,0,0,431.25,7,69,0.000425,0.16,0,875,0.0004,0.5
24,MS,4,internode,StemElement,0,0,437.5,1,14,0.000086,0.032,0,177,0.00008,0.5
24,MS,4,sheath,StemElement,0,0,430.8943089,5,53,0.000597,0.123,0,672,0.0006,0.5
24,MS,5,internode,HiddenElement,0,0,433.9622642,5,46,0.000509,0.106,0,582,0.0005,0.7
24,MS,5,internode,StemElement,0,0,431.0344828,2,25,0.000275,0.058,0,315,0.00027,0.85
24,MS,6,internode,StemElement,0,0,1157.142857,24,243,0.001013,0.21,0,726,0.0015,15
25,MS,1,blade,LeafElement1,0,0,816.6666667,1,10,0.00034,0.04,0,0,0.0016,2.5
25,MS,1,internode,HiddenElement,0,0,432.4324324,3,32,0.000308,0.074,0,406,0.0001,0.1
25,MS,1,sheath,StemElement,0,0,431.0344828,3,25,0.000425,0.058,0,319,0.0002,0.15
25,MS,2,blade,LeafElement1,0,0,2450,8,80,0.000471,0.05,0,120,0.00228,3.5
25,MS,2,internode,HiddenElement,0,0,431.1926606,5,47,0.000259,0.109,0,594,0.00025,0.1
25,MS,2,sheath,StemElement,0,0,438.3561644,3,32,0.000278,0.073,0,398,0.0004,0.15
25,MS,3,blade,LeafElement1,0,0,2450,19,193,0.000771,0.09,0,481,0.0034,8
25,MS,3,internode,HiddenElement,0,0,434.2105263,7,66,0.000316,0.152,0,828,0.0004,0.15
25,MS,3,sheath,StemElement,0,0,431.5789474,4,41,0.000275,0.095,0,517,0.0005,0.2
25,MS,4,blade,LeafElement1,0,0,2450,34,343,0.000969,0.14,0,750,0.00346,15
25,MS,4,internode,HiddenElement,0,0,431.25,7,69,0.000425,0.16,0,875,0.0004,0.5
25,MS,4,internode,StemElement,0,0,437.5,1,14,0.000086,0.032,0,177,0.00008,0.5
25,MS,4,sheath,StemElement,0,0,430.8943089,5,53,0.000597,0.123,0,672,0.0006,0.5
25,MS,5,internode,HiddenElement,0,0,433.9622642,5,46,0.000509,0.106,0,582,0.0005,0.7
25,MS,5,internode,StemElement,0,0,431.0344828,2,25,0.000275,0.058,0,315,0.00027,0.85
25,MS,6,internode,StemElement,0,0,1157.142857,24,243,0.001013,0.21,0,726,0.0015,15
26,MS,1,blade,LeafElement1,0,0,816.6666667,1,10,0.00034,0.04,0,0,0.0016,2.5
26,MS,1,internode,HiddenElement,0,0,432.4324324,3,32,0.000308,0.074,0,406,0.0001,0.1
26,MS,1,sheath,StemElement,0,0,431.0344828,3,25,0.000425,0.058,0,319,0.0002,0.15
26,MS,2,blade,LeafElement1,0,0,2450,8,80,0.000471,0.05,0,120,0.00228,3.5
26,MS,2,internode,HiddenElement,0,0,431.1926606,5,47,0.000259,0.109,0,594,0.00025,0.1
26,MS,2,sheath,StemElement,0,0,438.3561644,3,32,0.000278,0.073,0,398,0.0004,0.15
26,MS,3,blade,LeafElement1,0,0,2450,19,193,0.000771,0.09,0,481,0.0034,8
26,MS,3,internode,HiddenElement,0,0,434.2105263,7,66,0.000316,0.152,0,828,0.0004,0.15
26,MS,3,sheath,StemElement,0,0,431.5789474,4,41,0.000275,0.095,0,517,0.0005,0.2
26,MS,4,blade,LeafElement1,0,0,2450,34,343,0.000969,0.14,0,750,0.00346,15
26,MS,4,internode,HiddenElement,0,0,431.25,7,69,0.000425,0.16,0,875,0.0004,0.5
26,MS,4,internode,StemElement,0,0,437.5,1,14,0.000086,0.032,0,177,0.00008,0.5
26,MS,4,sheath,StemElement,0,0,430.8943089,5,53,0.000597,0.123,0,672,0.0006,0.5
26,MS,5,internode,HiddenElement,0,0,433.9622642,5,46,0.000509,0.106,0,582,0.0005,0.7
26,MS,5,internode,StemElement,0,0,431.0344828,2,25,0.000275,0.058,0,315,0.00027,0.85
26,MS,6,internode,StemElement,0,0,1157.142857,24,243,0.001013,0.21,0,726,0.0015,15
27,MS,1,blade,LeafElement1,0,0,816.6666667,1,10,0.00034,0.04,0,0,0.0016,2.5
27,MS,1,internode,HiddenElement,0,0,432.4324324,3,32,0.000308,0.074,0,406,0.0001,0.1
27,MS,1,sheath,StemElement,0,0,431.0344828,3,25,0.000425,0.058,0,319,0.0002,0.15
27,MS,2,blade,LeafElement1,0,0,2450,8,80,0.000471,0.05,0,120,0.00228,3.5
27,MS,2,internode,HiddenElement,0,0,431.1926606,5,47,0.000259,0.109,0,594,0.00025,0.1
27,MS,2,sheath,StemElement,0,0,438.3561644,3,32,0.000278,0.073,0,398,0.0004,0.15
27,MS,3,blade,LeafElement1,0,0,2450,19,193,0.000771,0.09,0,481,0.0034,8
27,MS,3,internode,HiddenElement,0,0,434.2105263,7,66,0.000316,0.152,0,828,0.0004,0.15
27,MS,3,sheath,StemElement,0,0,431.5789474,4,41,0.000275,0.095,0,517,0.0005,0.2
27,MS,4,blade,LeafElement1,0,0,2450,34,343,0.000969,0.14,0,750,0.00346,15
27,MS,4,internode,HiddenElement,0,0,431.25,7,69,0.000425,0.16,0,875,0.0004,0.5
27,MS,4,internode,StemElement,0,0,437.5,1,14,0.000086,0.032,0,177,0.00008,0.5
27,MS,4,sheath,StemElement,0,0,430.8943089,5,53,0.000597,0.123,0,672,0.0006,0.5
27,MS,5,internode,HiddenElement,0,0,433.9622642,5,46,0.000509,0.106,0,582,0.0005,0.7
27,MS,5,internode,StemElement,0,0,431.0344828,2,25,0.000275,0.058,0,315,0.00027,0.85
27,MS,6,internode,StemElement,0,0,1157.142857,24,243,0.001013,0.21,0,726,0.0015,15
28,MS,1,blade,LeafElement1,0,0,816.6666667,1,10,0.00034,0.04,0,0,0.0016,2.5
28,MS,1,internode,HiddenElement,0,0,432.4324324,3,32,0.000308,0.074,0,406,0.0001,0.1
28,MS,1,sheath,StemElement,0,0,431.0344828,3,25,0.000425,0.058,0,319,0.0002,0.15
28,MS,2,blade,LeafElement1,0,0,2450,8,80,0.000471,0.05,0,120,0.00228,3.5
28,MS,2,internode,HiddenElement,0,0,431.1926606,5,47,0.000259,0.109,0,594,0.00025,0.1
28,MS,2,sheath,StemElement,0,0,438.3561644,3,32,0.000278,0.073,0,398,0.0004,0.15
28,MS,3,blade,LeafElement1,0,0,2450,19,193,0.000771,0.09,0,481,0.0034,8
28,MS,3,internode,HiddenElement,0,0,434.2105263,7,66,0.000316,0.152,0,828,0.0004,0.15
28,MS,3,sheath,StemElement,0,0,431.5789474,4,41,0.000275,0.095,0,517,0.0005,0.2
28,MS,4,blade,LeafElement1,0,0,2450,34,343,0.000969,0.14,0,750,0.00346,15
28,MS,4,internode,HiddenElement,0,0,431.25,7,69,0.000425,0.16,0,875,0.0004,0.5
28,MS,4,internode,StemElement,0,0,437.5,1,14,0.000086,0.032,0,177,0.00008,0.5
28,MS,4,sheath,StemElement,0,0,430.8943089,5,53,0.000597,0.123,0,672,0.0006,0.5
28,MS,5,internode,HiddenElement,0,0,433.9622642,5,46,0.000509,0.106,0,582,0.0005,0.7
28,MS,5,internode,StemElement,0,0,431.0344828,2,25,0.000275,0.058,0,315,0.00027,0.85
28,MS,6,internode,StemElement,0,0,1157.142857,24,243,0.001013,0.21,0,726,0.0015,15
29,MS,1,blade,LeafElement1,0,0,816.6666667,1,10,0.00034,0.04,0,0,0.0016,2.5
29,MS,1,internode,HiddenElement,0,0,432.4324324,3,32,0.000308,0.074,0,406,0.0001,0.1
29,MS,1,sheath,StemElement,0,0,431.0344828,3,25,0.000425,0.058,0,319,0.0002,0.15
29,MS,2,blade,LeafElement1,0,0,2450,8,80,0.000471,0.05,0,120,0.00228,3.5
29,MS,2,internode,HiddenElement,0,0,431.1926606,5,47,0.000259,0.109,0,594,0.00025,0.1
29,MS,2,sheath,StemElement,0,0,438.3561644,3,32,0.000278,0.073,0,398,0.0004,0.15
29,MS,3,blade,LeafElement1,0,0,2450,19,193,0.000771,0.09,0,481,0.0034,8
29,MS,3,internode,HiddenElement,0,0,434.2105263,7,66,0.000316,0.152,0,828,0.0004,0.15
29,MS,3,sheath,StemElement,0,0,431.5789474,4,41,0.000275,0.095,0,517,0.0005,0.2
29,MS,4,blade,LeafElement1,0,0,2450,34,343,0.000969,0.14,0,750,0.00346,15
29,MS,4,internode,HiddenElement,0,0,431.25,7,69,0.000425,0.16,0,875,0.0004,0.5
29,MS,4,internode,StemElement,0,0,437.5,1,14,0.000086,0.032,0,177,0.00008,0.5
29,MS,4,sheath,StemElement,0,0,430.8943089,5,53,0.000597,0.123,0,672,0.0006,0.5
29,MS,5,internode,HiddenElement,0,0,433.9622642,5,46,0.000509,0.106,0,582,0.0005,0.7
29,MS,5,internode,StemElement,0,0,431.0344828,2,25,0.000275,0.058,0,315,0.00027,0.85
29,MS,6,internode,StemElement,0,0,1157.142857,24,243,0.001013,0.21,0,726,0.0015,15
30,MS,1,blade,LeafElement1,0,0,816.6666667,1,10,0.00034,0.04,0,0,0.0016,2.5
30,MS,1,internode,HiddenElement,0,0,432.4324324,3,32,0.000308,0.074,0,406,0.0001,0.1
30,MS,1,sheath,StemElement,0,0,431.0344828,3,25,0.000425,0.058,0,319,0.0002,0.15
30,MS,2,blade,LeafElement1,0,0,2450,8,80,0.000471,0.05,0,120,0.00228,3.5
30,MS,2,internode,HiddenElement,0,0,431.1926606,5,47,0.000259,0.109,0,594,0.00025,0.1
30,MS,2,sheath,StemElement,0,0,438.3561644,3,32,0.000278,0.073,0,398,0.0004,0.15
30,MS,3,blade,LeafElement1,0,0,2450,19,193,0.000771,0.09,0,481,0.0034,8
30,MS,3,internode,HiddenElement,0,0,434.2105263,7,66,0.000316,0.152,0,828,0.0004,0.15
30,MS,3,sheath,StemElement,0,0,431.5789474,4,41,0.000275,0.095,0,517,0.0005,0.2
30,MS,4,blade,LeafElement1,0,0,2450,34,343,0.000969,0.14,0,750,0.00346,15
30,MS,4,internode,HiddenElement,0,0,431.25,7,69,0.000425,0.16,0,875,0.0004,0.5
30,MS,4,internode,StemElement,0,0,437.5,1,14,0.000086,0.032,0,177,0.00008,0.5
30,MS,4,sheath,StemElement,0,0,430.8943089,5,53,0.000597,0.123,0,672,0.0006,0.5
30,MS,5,internode,HiddenElement,0,0,433.9622642,5,46,0.000509,0.106,0,582,0.0005,0.7
30,MS,5,internode,StemElement,0,0,431.0344828,2,25,0.000275,0.058,0,315,0.00027,0.85
30,MS,6,internode,StemElement,0,0,1157.142857,24,243,0.001013,0.21,0,726,0.0015,15
