C_N_ratio_shoot,Cont_WSC_DM,mstruct,sum_N_g,NS_laminae,C_N_ratio,Cont_WSC_DM_shoot,axis,sum_C_g,mstruct_shoot,NS_shoot,Total_Photosynthesis,N_content_total_DM_shoot,N_content_mstruct_roots,sum_dry_mass,plant,N_content_mstruct,sum_dry_mass_laminae,NS_roots,N_content_roots,sum_NSC_g,shoot_roots_mstruct_ratio,NS_stem,N_content,Tillers_Photosynthesis_An,Cont_WSC_DM_laminae,Cont_WSC_DM_stem,sum_dry_mass_stem,sum_N_g_shoot,mstruct_laminae,sum_dry_mass_roots,senesced_mstruct,N_content_shoot,sum_dry_mass_shoot,NS,shoot_roots_ratio,Cont_WSC_DM_roots,N_content_mstruct_shoot,t,Tillers_Photosynthesis,Total_Transpiration,dry_mass_phloem,C_respired_roots,C_exudated,mstruct_stem,NNI,C_respired_shoot
9.97518833,12.676862363639016,0.05410729,0.00190338,41.72665565,16.57506313,11.402560507586356,MS,0.03154867,0.01971272,40.40801369,0.00000000,4.21361685,1.47880875,0.07480501,1,3.51379835,0.02250638,17.42213602,1.22116867,0.00774146,0.57211174,37.60109029,2.54445715,27.75739162,9.793839245848211,14.826960353860654,0.01057309,0.00139384,0.01311522,0.04172554,0.00000000,4.21361685,0.03307947,27.58670539,0.79278722,13.687112589452136,7.07077765,0.00000000,0.00000000,NA,0.00000000,NA,NA,0.00659749,0.95764019,NA
9.98894972,13.567458125553733,0.05450322,0.00194268,41.03763120,16.55933824,10.75252215444392,MS,0.03216958,0.01998704,39.70079794,28.50287498,4.20943370,1.58594395,0.07628965,1,3.56434894,0.02224338,19.99625185,1.26881460,0.00818816,0.57906307,36.97352211,2.54645948,28.55419057,9.71619683371566,12.866731207369497,0.01090307,0.00139528,0.01311522,0.04314320,0.00000000,4.20943370,0.03314645,28.55751444,0.76828904,15.730142582979232,6.98091112,1.00000000,28.50287498,0.00084029,0.00325676,NA,NA,0.00687182,0.95668948,NA
10.08925056,14.15814114208382,0.05455915,0.00194928,41.69203376,16.64180066,11.732389424253682,MS,0.03243946,0.01999180,40.39455207,22.59823311,4.16734864,1.59554608,0.07693409,1,3.57277517,0.02249302,20.34047412,1.27100444,0.00843343,0.57834322,37.75277108,2.53369576,22.65240467,10.761014271340198,13.710190280312014,0.01104720,0.00139774,0.01311522,0.04339388,0.00000000,4.16734864,0.03354022,29.08325759,0.77292510,16.033065542574978,6.99155662,2.00000000,22.59823311,0.00053077,0.00425466,NA,NA,0.00687657,0.94712469,NA
10.13997016,14.398929205672886,0.05462277,0.00195623,41.90926425,16.65386197,12.213670566548231,MS,0.03257883,0.01999736,40.73325235,12.25877131,4.14640661,1.60917187,0.07727497,1,3.58135048,0.02257713,20.46294509,1.27988792,0.00854481,0.57753404,38.35501630,2.53152218,12.28980834,11.139745723690904,14.385457073474434,0.01116415,0.00139905,0.01311522,0.04353369,0.00000000,4.14640661,0.03374128,29.31375471,0.77506121,16.092638401619283,6.99617707,3.00000000,12.25877131,0.00016937,0.00484786,NA,NA,0.00688214,0.94236514,NA
10.14581531,14.341799009126763,0.05468309,0.00196087,41.72996532,16.62244126,12.224668783747433,MS,0.03259451,0.02000272,40.72694654,2.24149370,4.14410446,1.62159135,0.07732199,1,3.58588697,0.02250766,20.41269666,1.29058083,0.00853395,0.57677354,38.71827581,2.53598469,2.00898234,10.945140195759876,14.787085029130962,0.01123908,0.00139850,0.01311522,0.04357526,0.00000000,4.14410446,0.03374674,29.27873333,0.77444720,15.981404584312386,6.99154880,4.00000000,2.24149370,0.00002729,0.00516844,NA,NA,0.00688750,0.94184192,NA
10.14800829,14.225837654450451,0.05474063,0.00196416,41.56333228,16.58811265,12.196111657994997,MS,0.03258172,0.02000791,40.68926182,0.00000000,4.14324695,1.63095915,0.07730078,1,3.58812270,0.02244348,20.27697649,1.30024995,0.00849585,0.57605346,38.95177626,2.54093298,0.00000000,10.765784129917254,15.039330291082514,0.01129056,0.00139768,0.01311522,0.04356674,0.00000000,4.14324695,0.03373404,29.18489162,0.77430707,15.797468833943215,6.98566074,5.00000000,0.00000000,0.00000935,0.00534308,NA,NA,0.00689269,0.94164703,NA
10.15200134,14.11149710513878,0.05479626,0.00196717,41.46435469,16.55593876,12.200155213188275,MS,0.03256835,0.02001298,40.68074389,0.00000000,4.14165819,1.63833903,0.07727730,1,3.58997112,0.02240553,20.11107633,1.30885141,0.00845799,0.57536184,39.13142449,2.54559877,0.00000000,10.673122028136383,15.21933530362297,0.01133221,0.00139730,0.01311522,0.04353956,0.00000000,4.14165819,0.03373774,29.09138593,0.77487550,15.592549117445731,6.98197931,6.00000000,0.00000000,0.00000628,0.00544309,NA,NA,0.00689776,0.94128595,NA
10.15522102,13.997804062258828,0.05485068,0.00197007,41.39969172,16.52455168,12.212482539178978,MS,0.03255460,0.02001799,40.68323761,0.00000000,4.14036176,1.64443666,0.07725256,1,3.59170486,0.02238081,19.93396846,1.31663517,0.00842030,0.57468963,39.27256611,2.55017369,0.00000000,10.621163647265949,15.345730269212313,0.01136680,0.00139727,0.01311522,0.04350496,0.00000000,4.14036176,0.03374760,28.99823936,0.77571864,15.38271123718511,6.98008723,7.00000000,0.00000000,0.00000319,0.00549885,NA,NA,0.00690277,0.94099131,NA
10.15716283,13.884781778420196,0.05490438,0.00197287,41.35023837,16.49412861,12.221566941204344,MS,0.03254070,0.02002298,40.68647267,0.00000000,4.13957814,1.64968321,0.07722706,1,3.59327565,0.02236193,19.75606117,1.32377079,0.00838277,0.57403024,39.38398235,2.55462990,0.00000000,10.585308841649395,15.432354044033161,0.01139593,0.00139743,0.01311522,0.04346920,0.00000000,4.13957814,0.03375786,28.90526225,0.77659262,15.176422148028523,6.97914679,8.00000000,0.00000000,0.00000319,0.00552800,NA,NA,0.00690776,0.94081321,NA
10.15748549,13.772214896045348,0.05495744,0.00197558,41.30655923,16.46434923,12.223873095726344,MS,0.03252666,0.02002796,40.68763312,0.00000000,4.13944006,1.65424752,0.07720094,1,3.59474751,0.02234529,19.58036527,1.33033981,0.00834539,0.57338246,39.47676430,2.55901192,0.00000000,10.55418076960753,15.490463960899831,0.01142162,0.00139776,0.01311522,0.04343403,0.00000000,4.13944006,0.03376691,28.81247127,0.77742991,14.975942120784996,6.97905054,9.00000000,0.00000000,0.00000330,0.00553936,NA,NA,0.00691273,0.94078183,NA
10.15635520,13.659888375320115,0.05501009,0.00197823,41.26538179,16.43512317,12.21859015671734,MS,0.03251251,0.02003294,40.68538253,0.00000000,4.13988403,1.65830546,0.07717431,1,3.59612895,0.02232963,19.40801457,1.33646129,0.00830808,0.57274353,39.55372303,2.56333173,0.00000000,10.523694264266819,15.52556853500704,0.01144440,0.00139821,0.01311522,0.04340028,0.00000000,4.13988403,0.03377403,28.71969391,0.77819837,14.781504294443822,6.97953424,10.00000000,0.00000000,0.00000337,0.00553771,NA,NA,0.00691772,0.94088274,NA
10.15474568,13.538396276378407,0.05506814,0.00198083,41.21929944,16.40602470,12.195262470104339,MS,0.03249759,0.02004356,40.66611656,0.00000000,4.14055270,1.66201653,0.07714533,1,3.59705804,0.02232168,19.23189250,1.34237929,0.00826761,0.57227114,39.58856494,2.56766394,0.00000000,10.482046208230209,15.532457211326989,0.01145928,0.00139872,0.01312084,0.04336437,0.00000000,4.14055270,0.03378096,28.61766734,0.77900273,14.584701177703682,6.97839491,11.00000000,0.00000000,0.00000331,0.00552107,NA,NA,0.00692272,0.94103470,NA
10.15296591,13.405052639173269,0.05513318,0.00198334,41.16463609,16.37726246,12.150887236471068,MS,0.03248161,0.02006171,40.62584973,0.00000000,4.14133234,1.66527462,0.07711311,1,3.59735413,0.02232332,19.04929984,1.34805146,0.00822301,0.57202374,39.57681637,2.57198262,0.00000000,10.424377381763584,15.512454203554697,0.01146532,0.00139930,0.01313400,0.04332448,0.00000000,4.14133234,0.03378863,28.50349108,0.77989701,14.383172484472873,6.97497533,12.00000000,0.00000000,0.00000697,0.00549006,NA,NA,0.00692771,0.94121189,NA
10.15001411,13.273424175126486,0.05519715,0.00198574,41.10853019,16.34944640,12.100448528341772,MS,0.03246569,0.02007966,40.58263289,0.00000000,4.14257361,1.66807038,0.07708072,1,3.59753451,0.02232413,18.87190057,1.35327380,0.00817895,0.57178512,39.55908745,2.57617764,0.00000000,10.362904551505512,15.482202315617165,0.01147013,0.00139995,0.01314701,0.04328647,0.00000000,4.14257361,0.03379426,28.39046783,0.78071181,14.18918011647101,6.97199121,13.00000000,0.00000000,0.00001414,0.00545495,NA,NA,0.00693265,0.94149400,NA
10.14606421,13.142184546379049,0.05526029,0.00198815,41.05111348,16.32154700,12.044708288088774,MS,0.03244962,0.02009746,40.53646370,0.00000000,4.14419916,1.67077391,0.07704799,1,3.59778417,0.02232425,18.69871458,1.35836067,0.00813509,0.57155407,39.53511597,2.58039967,0.00000000,10.297964790001554,15.443325554130633,0.01147371,0.00140065,0.01315990,0.04325003,0.00000000,4.14419916,0.03379796,28.27808586,0.78145505,13.999812911391926,6.96931164,14.00000000,0.00000000,0.00001414,0.00541636,NA,NA,0.00693756,0.94186344,NA
10.14141221,13.010228156905846,0.05532310,0.00199050,40.99011165,16.29397846,11.983545195147629,MS,0.03243311,0.02011525,40.48686517,0.00000000,4.14611163,1.67327382,0.07701400,1,3.59794823,0.02232299,18.52735825,1.36326039,0.00809094,0.57132875,39.50801540,2.58459026,0.00000000,10.228420442684046,15.397386178758152,0.01147670,0.00140137,0.01317277,0.04321432,0.00000000,4.14611163,0.03379969,28.16488449,0.78214100,13.813238991977473,6.96671691,15.00000000,0.00000000,0.00001476,0.00537377,NA,NA,0.00694248,0.94229810,NA
10.13618870,12.876680151247166,0.05538617,0.00199277,40.92564353,16.26686421,11.917169382070721,MS,0.03241609,0.02013321,40.43361937,0.00000000,4.14825875,1.67552511,0.07697854,1,3.59795209,0.02232060,18.35607592,1.36796445,0.00804617,0.57110693,39.47689332,2.58873190,0.00000000,10.154187268477562,15.345234590899109,0.01147902,0.00140210,0.01318575,0.04317892,0.00000000,4.14825875,0.03379962,28.04985061,0.78278066,13.627766624979131,6.96409402,16.00000000,0.00000000,0.00001898,0.00532769,NA,NA,0.00694746,0.94278608,NA
10.13027759,12.740918287369428,0.05544990,0.00199505,40.85815578,16.23954741,11.845760868597308,MS,0.03239865,0.02015144,40.37699161,0.00000000,4.15067740,1.67768233,0.07694203,1,3.59792541,0.02231740,18.18440669,1.37260575,0.00800069,0.57088739,39.44165333,2.59292125,0.00000000,10.07528142466436,15.287407799477243,0.01148070,0.00140285,0.01319892,0.04314393,0.00000000,4.15067740,0.03379810,27.93287925,0.78338031,13.442166980868734,6.96153635,17.00000000,0.00000000,0.00001939,0.00527855,NA,NA,0.00695252,0.94333577,NA
10.12395010,12.602589803535459,0.05551453,0.00199725,40.78702971,16.21259589,11.76962007098618,MS,0.03238065,0.02017003,40.31676452,0.00000000,4.15327082,1.67960938,0.07690392,1,3.59771213,0.02231325,18.01092282,1.37709623,0.00795426,0.57066952,39.40287725,2.59707545,0.00000000,9.991637236616198,15.224853198320664,0.01148188,0.00140360,0.01321234,0.04310879,0.00000000,4.15327082,0.03379513,27.81313899,0.78394991,13.255596354374365,6.95885668,18.00000000,0.00000000,0.00002393,0.00522633,NA,NA,0.00695769,0.94392519,NA
10.11696022,12.46163974234857,0.05558003,0.00199947,40.71259048,16.18537389,11.688769983549351,MS,0.03236221,0.02018896,40.25339354,0.00000000,4.15612591,1.68143301,0.07686471,1,3.59746605,0.02230827,17.83608662,1.38153116,0.00790700,0.57045365,39.36127927,2.60128815,0.00000000,9.90314276161166,15.157833912169622,0.01148271,0.00140440,0.01322599,0.04307373,0.00000000,4.15612591,0.03379098,27.69109942,0.78449149,13.067949489363665,6.95625435,19.00000000,0.00000000,0.00002461,0.00517135,NA,NA,0.00696297,0.94457407,NA
10.10955583,12.317810477971666,0.05564656,0.00200162,40.63421303,16.15850008,11.603361362278477,MS,0.03234317,0.02020830,40.18658423,0.00000000,4.15915546,1.68299888,0.07682379,1,3.59702310,0.02230229,17.65864577,1.38580407,0.00785868,0.57023959,39.31722009,2.60546839,0.00000000,9.809747454322165,15.086836059919918,0.01148327,0.00140519,0.01323993,0.04303823,0.00000000,4.15915546,0.03378556,27.56598125,0.78501285,12.878662212996197,6.95354948,20.00000000,0.00000000,0.00002972,0.00511354,NA,NA,0.00696837,0.94526260,NA
10.11019761,12.1937737739318,0.05571446,0.00200380,40.59587839,16.13742737,11.552598413754371,MS,0.03233623,0.02022814,40.14737424,1.13165825,4.15948648,1.68526658,0.07680678,1,3.59655912,0.02231195,17.49324939,1.39045870,0.00782187,0.57002664,39.27603611,2.60888870,0.71451579,9.77250725852399,15.010897134425417,0.01148464,0.00140576,0.01325422,0.04301019,0.00000000,4.15948648,0.03379658,27.46153704,0.78578083,12.697597078834983,6.94954721,21.00000000,1.13165825,0.00003019,0.00506492,NA,NA,0.00697393,0.94533784,NA
10.12286029,12.148351111589513,0.05578414,0.00200576,40.66035042,16.13119599,11.631791727706304,MS,0.03235523,0.02024863,40.19010009,3.27666268,4.15434436,1.68648935,0.07685498,1,3.59556557,0.02236103,17.35928471,1.39372686,0.00781021,0.56981419,39.27524697,2.60979208,3.02696268,9.897736294747782,15.00532689297939,0.01149396,0.00140645,0.01326896,0.04299999,0.00000000,4.15434436,0.03385499,27.41636813,0.78732538,12.555051426606944,6.94591425,22.00000000,3.27666268,0.00005137,0.00504156,NA,NA,0.00697968,0.94416917,NA
10.13239643,12.087597820605401,0.05586004,0.00200772,40.68802293,16.12357058,11.667402138666981,MS,0.03237162,0.02027402,40.19772746,3.28055294,4.15052954,1.68779116,0.07689665,1,3.59419781,0.02239719,17.23198999,1.39695116,0.00779320,0.56971890,39.24321633,2.61093329,3.03297877,9.963499210495623,14.98457394786907,0.01150457,0.00140710,0.01328422,0.04299489,0.00000000,4.15052954,0.03390176,27.35699502,0.78850681,12.418924979118202,6.94042110,23.00000000,3.28055294,0.00005110,0.00502231,NA,NA,0.00698981,0.94330217,NA
10.13324092,11.987772827010968,0.05593783,0.00200977,40.64371858,16.10863221,11.622238329141306,MS,0.03237468,0.02030033,40.14900684,2.22367343,4.15029394,1.68943081,0.07690673,1,3.59286785,0.02240690,17.10015333,1.40053555,0.00776204,0.56963382,39.18603582,2.61325915,1.89342018,9.921317388882828,14.933131194030262,0.01151121,0.00140770,0.01329990,0.04298862,0.00000000,4.15029394,0.03391811,27.26536958,0.78900205,12.27618029655013,6.93437772,24.00000000,2.22367343,0.00004104,0.00499638,NA,NA,0.00700042,0.94324862,NA
10.14804444,11.954093730117334,0.05601675,0.00201152,40.69363534,16.10817756,11.691239974818036,MS,0.03240188,0.02032718,40.17501103,4.30414357,4.14435770,1.69057290,0.07697362,1,3.59092150,0.02245275,16.99303853,1.40329319,0.00775451,0.56955535,39.16463873,2.61325575,4.11114005,10.025105177930953,14.937166645526577,0.01152500,0.00140816,0.01331591,0.04299587,0.00000000,4.14435770,0.03397775,27.22604059,0.79025604,12.1618154970505,6.92746923,25.00000000,4.30414357,0.00005530,0.00498768,NA,NA,0.00701128,0.94189948,NA
10.16565483,11.948279981439066,0.05609692,0.00201315,40.76305475,16.11406565,11.787047611033444,MS,0.03243997,0.02035465,40.22012318,5.29289651,4.13728858,1.69107046,0.07706573,1,3.58869231,0.02250666,16.91012683,1.40510830,0.00775732,0.56948370,39.16147942,2.61224528,5.14143239,10.15699571300536,14.965430215723567,0.01154267,0.00140872,0.01333226,0.04301641,0.00000000,4.13728858,0.03404933,27.20899280,0.79154275,12.075902295868824,6.92087170,26.00000000,5.29289651,0.00007659,0.00499518,NA,NA,0.00702239,0.94029286,NA
10.16356109,11.870077608707447,0.05618720,0.00201651,40.72317336,16.09779740,11.741202838691622,MS,0.03246134,0.02039119,40.17951533,3.27925680,4.13820037,1.69266719,0.07711944,1,3.58891070,0.02253385,16.81562071,1.40803470,0.00773898,0.56964997,39.11916587,2.61478632,3.01099928,10.101386948407647,14.939496189008942,0.01155346,0.00141060,0.01335735,0.04303213,0.00000000,4.13820037,0.03408731,27.14261955,0.79213634,11.972163996780898,6.91769783,27.00000000,3.27925680,0.00004636,0.00498822,NA,NA,0.00703384,0.94050008,NA
10.15271013,11.715651966610412,0.05627468,0.00201879,40.57155810,16.07374879,11.57636705741048,MS,0.03244957,0.02042430,40.04352928,1.12698949,4.14277731,1.69467366,0.07709396,1,3.58739071,0.02251233,16.68271467,1.41195609,0.00768871,0.56970922,39.01459470,2.61861344,0.65332696,9.899074418483421,14.84479550054374,0.01155288,0.00141125,0.01337873,0.04302875,0.00000000,4.14277731,0.03406521,27.00506698,0.79168479,11.825921710948819,6.90964171,28.00000000,1.12698949,0.00002776,0.00494683,NA,NA,0.00704557,0.94154030,NA
10.13832974,11.528647601667402,0.05636076,0.00202087,40.38819068,16.04462350,11.381798921387759,MS,0.03242403,0.02045571,39.88566630,0.00000000,4.14873603,1.69651292,0.07703629,1,3.58559047,0.02247577,16.51596376,1.41631746,0.00762530,0.56971681,38.90796630,2.62326500,0.00000000,9.65424010595284,14.742898010658823,0.01155224,0.00141173,0.01339821,0.04300828,0.00000000,4.14873603,0.03402801,26.83868863,0.79119664,11.644833783886138,6.90140899,29.00000000,0.00000000,0.00002444,0.00487826,NA,NA,0.00705750,0.94289455,NA
10.12634924,11.34085832991033,0.05644708,0.00202287,40.22722597,16.01606524,11.205790555893929,MS,0.03239834,0.02048747,39.73990377,0.00000000,4.15373782,1.69818501,0.07697800,1,3.58364917,0.02244822,16.33330265,1.42081531,0.00756163,0.56973569,38.79277498,2.62784858,0.00000000,9.44364444068254,14.630586933155703,0.01155019,0.00141220,0.01341792,0.04297960,0.00000000,4.15373782,0.03399841,26.67115387,0.79103597,11.447701797253682,6.89301558,30.00000000,0.00000000,0.00002462,0.00479822,NA,NA,0.00706955,0.94403132,NA
10.11576923,11.153214050002438,0.05653354,0.00202466,40.08043066,15.98912408,11.041036725715418,MS,0.03237259,0.02051956,39.60147215,0.00000000,4.15817575,1.69928617,0.07691898,1,3.58134831,0.02242646,16.14000136,1.42502136,0.00749783,0.56976652,38.67125591,2.63220235,0.00000000,9.253724798151131,14.512290517065567,0.01154715,0.00141268,0.01343784,0.04294536,0.00000000,4.15817575,0.03397361,26.50247546,0.79108915,11.241956313739712,6.88456473,31.00000000,0.00000000,0.00003917,0.00471315,NA,NA,0.00708172,0.94503994,NA
10.10470622,10.967213465543658,0.05661889,0.00202645,39.94247627,15.96237978,10.881608038982646,MS,0.03234704,0.02055153,39.46883628,0.00000000,4.16276312,1.69991454,0.07686043,1,3.57911424,0.02240799,15.94344093,1.42888967,0.00743473,0.56980954,38.54945546,2.63653864,0.00000000,9.07482536742164,14.388747110852742,0.01154399,0.00141334,0.01345768,0.04290845,0.00000000,4.16276312,0.03395198,26.33544329,0.79126562,11.034950096608418,6.87705781,32.00000000,0.00000000,0.00005001,0.00462614,NA,NA,0.00709384,0.94608253,NA
10.09382800,10.782301855475957,0.05670413,0.00202825,39.81355626,15.93587570,10.727833971463237,MS,0.03232200,0.02058375,39.34060453,0.00000000,4.16724620,1.70033695,0.07680304,1,3.57690645,0.02239324,15.74382681,1.43263885,0.00737218,0.56986552,38.42285461,2.64085073,0.00000000,8.90611256334352,14.262834548690723,0.01154009,0.00141409,0.01347769,0.04286970,0.00000000,4.16724620,0.03393333,26.16942128,0.79154578,10.825415679021932,6.86991053,33.00000000,0.00000000,0.00005811,0.00453996,NA,NA,0.00710606,0.94710141,NA
10.08284012,10.600568380324587,0.05678778,0.00202993,39.68993714,15.91057181,10.577886400478487,MS,0.03229730,0.02061571,39.21601527,0.00000000,4.17175181,1.70026539,0.07674616,1,3.57458421,0.02238024,15.54464283,1.43596521,0.00731068,0.56993433,38.29659921,2.64498835,0.00000000,8.743595850794453,14.136439620190233,0.01153611,0.00141491,0.01349754,0.04282982,0.00000000,4.17175181,0.03391635,26.00570619,0.79188634,10.618529930400468,6.86324174,34.00000000,0.00000000,0.00007222,0.00445502,NA,NA,0.00711817,0.94812541,NA
10.07123181,10.42348370009156,0.05686892,0.00203183,39.57179582,15.88398944,10.432073539800921,MS,0.03227363,0.02064702,39.09645202,0.00000000,4.17646598,1.70052505,0.07669238,1,3.57283709,0.02236867,15.35199519,1.43946053,0.00725130,0.57001502,38.17446683,2.64932942,0.00000000,8.586718831465195,14.011355949013021,0.01153252,0.00141587,0.01351699,0.04279120,0.00000000,4.17646598,0.03390119,25.84802090,0.79224669,10.416678428007534,6.85750850,35.00000000,0.00000000,0.00006265,0.00437190,NA,NA,0.00713004,0.94919681,NA
10.06069078,10.246640408777742,0.05694997,0.00203383,39.45420673,15.85693235,10.288033460777921,MS,0.03225027,0.02067864,38.97627886,0.00000000,4.18078757,1.70138950,0.07663954,1,3.57125398,0.02235766,15.16135077,1.44343587,0.00719229,0.57010984,38.04942098,2.65375811,0.00000000,8.43264320786105,13.886239781741686,0.01152857,0.00141671,0.01353662,0.04275331,0.00000000,4.18078757,0.03388624,25.69114025,0.79259914,10.213832311237537,6.85108592,36.00000000,0.00000000,0.00004401,0.00428955,NA,NA,0.00714202,0.95017899,NA
10.05180871,10.070034570204204,0.05703125,0.00203513,39.33549196,15.83488458,10.145264863625657,MS,0.03222612,0.02071071,38.85389893,0.00000000,4.18450406,1.70098552,0.07658295,1,3.56845495,0.02234674,14.96426825,1.44644548,0.00713237,0.57022019,37.92002774,2.65742500,0.00000000,8.280536045060359,13.761215259403583,0.01152411,0.00141733,0.01355654,0.04271210,0.00000000,4.18450406,0.03387086,25.53009534,0.79300382,10.010376660442134,6.84345197,37.00000000,0.00000000,0.00007829,0.00420768,NA,NA,0.00715417,0.95102365,NA
10.04083221,9.896898145510795,0.05711092,0.00203649,39.22410307,15.81286355,10.004991211725324,MS,0.03220267,0.02074252,38.73771640,0.00000000,4.18896419,1.69972679,0.07652817,1,3.56584295,0.02233830,14.76745735,1.44872036,0.00707387,0.57034442,37.79458936,2.66109312,0.00000000,8.131982551920327,13.636844663465633,0.01152024,0.00141832,0.01357630,0.04266963,0.00000000,4.18896419,0.03385855,25.37267751,0.79350462,9.811125797707,6.83775391,38.00000000,0.00000000,0.00010560,0.00412836,NA,NA,0.00716621,0.95203732,NA
10.02791046,9.731717007458,0.05718645,0.00203852,39.12380102,15.78667290,9.865699793554604,MS,0.03218138,0.02077305,38.62632636,0.00000000,4.19413495,1.69974007,0.07648038,1,3.56468218,0.02233266,14.58976922,1.45175192,0.00701934,0.57047804,37.66143551,2.66540954,0.00000000,7.993654425322659,13.496677584800148,0.01151418,0.00141958,0.01359527,0.04263354,0.00000000,4.19413495,0.03384684,25.22728794,0.79390165,9.625347852439665,6.83376878,39.00000000,0.00000000,0.00007334,0.00405605,NA,NA,0.00717778,0.95321249,NA
10.01777421,9.570693977175184,0.05725961,0.00203991,39.01624817,15.76516941,9.732869779210084,MS,0.03215954,0.02080298,38.51569240,0.00000000,4.19827513,1.69911507,0.07642972,1,3.56256435,0.02232377,14.41121295,1.45425198,0.00696531,0.57062272,37.54493103,2.66900167,0.00000000,7.852849517159455,13.37891920323183,0.01151085,0.00142047,0.01361387,0.04259510,0.00000000,4.19827513,0.03383462,25.08200814,0.79433125,9.441872669835652,6.82820591,40.00000000,0.00000000,0.00008654,0.00398131,NA,NA,0.00718911,0.95415344,NA
10.00717254,9.411549955218675,0.05733215,0.00204149,38.91395618,15.74264282,9.602393002014606,MS,0.03213850,0.02083302,38.40785684,0.00000000,4.20256883,1.69869755,0.07638142,1,3.56081714,0.02231694,14.23527391,1.45688330,0.00691235,0.57078122,37.42633409,2.67276108,0.00000000,7.716071295036629,13.260701801634978,0.01150721,0.00142148,0.01363254,0.04255728,0.00000000,4.20256883,0.03382415,24.93967036,0.79479123,9.25986957604104,6.82322228,41.00000000,0.00000000,0.00008319,0.00390918,NA,NA,0.00720048,0.95512928,NA
9.99736504,9.255436713725434,0.05740342,0.00204339,38.81484979,15.71829695,9.475717010536933,MS,0.03211856,0.02086291,38.30177821,0.00000000,4.20655232,1.69938674,0.07633657,1,3.55969492,0.02231115,14.06705347,1.46033310,0.00686105,0.57095273,37.30665300,2.67681254,0.00000000,7.583457230005515,13.1458392772794,0.01150329,0.00142242,0.01365111,0.04252213,0.00000000,4.20655232,0.03381444,24.80219223,0.79521985,9.0802654487513,6.81794743,42.00000000,0.00000000,0.00005295,0.00383945,NA,NA,0.00721180,0.95603462,NA
9.99009279,9.103272834309903,0.05747313,0.00204477,38.71514020,15.69788103,9.352432540381008,MS,0.03209858,0.02089253,38.19386179,0.00000000,4.20959674,1.69977519,0.07629030,1,3.55778676,0.02230488,13.90162159,1.46347888,0.00681040,0.57113669,37.18267622,2.68025076,0.00000000,7.454906614687491,13.033288706203376,0.01149844,0.00142298,0.01366952,0.04248699,0.00000000,4.20959674,0.03380332,24.66522183,0.79561584,8.905037425672825,6.81096873,43.00000000,0.00000000,0.00005935,0.00377184,NA,NA,0.00722301,0.95672653,NA
9.98252916,8.956958547310535,0.05753995,0.00204621,38.61977681,15.67753579,9.232780915880685,MS,0.03207952,0.02092130,38.09005180,0.00000000,4.21273730,1.70020971,0.07624645,1,3.55615364,0.02229936,13.74374446,1.46653723,0.00676194,0.57132911,37.06231693,2.68367805,0.00000000,7.330543595878927,12.923366740495581,0.01149375,0.00142362,0.01368740,0.04245333,0.00000000,4.21273730,0.03379312,24.53424901,0.79600631,8.737402201516673,6.80462095,44.00000000,0.00000000,0.00005739,0.00370697,NA,NA,0.00723390,0.95744030,NA
10.06554000,9.18810550199508,0.05760254,0.00204444,39.12517932,15.75284057,9.752519729283271,MS,0.03220574,0.02094861,38.44314675,12.84212039,4.18094228,1.69588891,0.07651654,1,3.54921837,0.02251238,13.72544759,1.46312056,0.00686062,0.57152436,37.11019596,2.67189289,12.86328978,8.096365514832577,12.989274375866856,0.01151894,0.00142283,0.01370437,0.04248521,0.00000000,4.18094228,0.03403132,24.71883634,0.80101575,8.736000818551078,6.79200130,45.00000000,12.84212039,0.00030207,0.00376602,NA,NA,0.00724424,0.95021415,NA
10.17458971,9.785626549666535,0.05766330,0.00204176,40.01417000,15.89217680,10.752513761077356,MS,0.03244803,0.02097546,39.13565886,22.22779730,4.13597290,1.68010985,0.07707694,1,3.54083385,0.02287389,13.90721950,1.44645329,0.00707618,0.57172793,37.40165380,2.64899130,22.28322253,9.406328703368905,13.40961347320864,0.01158876,0.00142537,0.01372109,0.04261430,0.00000000,4.13597290,0.03446264,25.18735936,0.80871076,9.003694460063429,6.79539583,46.00000000,22.22779730,0.00063356,0.00399515,NA,NA,0.00725437,0.93999384,NA
10.24675102,10.362361677598424,0.05772580,0.00204296,40.69102726,16.00588762,11.532272517718853,MS,0.03269944,0.02100333,39.71847834,22.80865899,4.10647623,1.66704942,0.07766118,1,3.53908142,0.02316427,14.23811939,1.42969294,0.00730009,0.57194765,37.78931441,2.63061053,22.86460481,10.332132223801842,13.912890414564124,0.01167780,0.00143078,0.01373849,0.04281911,0.00000000,4.10647623,0.03484207,25.66968033,0.81370384,9.410400729801788,6.81216419,47.00000000,22.80865899,0.00066223,0.00431773,NA,NA,0.00726484,0.93329005,NA
10.34784710,11.145126420127056,0.05779143,0.00203938,41.48685484,16.19365493,12.516652282968396,MS,0.03302503,0.02103272,40.42964095,29.60949854,4.06603602,1.64252376,0.07840794,1,3.52886309,0.02351080,14.71411962,1.40084085,0.00759679,0.57218329,38.32259079,2.60098718,29.67962865,11.460491157632685,14.621604248204173,0.01179656,0.00143561,0.01375691,0.04310058,0.00000000,4.06603602,0.03530736,26.29390510,0.81918519,10.021592742369496,6.82560268,48.00000000,29.60949854,0.00113053,0.00476248,NA,NA,0.00727581,0.92409910,NA
10.39874767,11.79176698795133,0.05786097,0.00204255,42.02434778,16.31568283,13.186550161557287,MS,0.03332562,0.02106374,40.96809287,27.31410060,4.04560392,1.62784153,0.07910334,1,3.53010207,0.02376243,15.25550641,1.37950606,0.00786679,0.57242736,38.86237394,2.58213030,27.38077543,12.133935093098835,15.28501281152765,0.01191953,0.00144355,0.01377642,0.04342138,0.00000000,4.04560392,0.03568196,26.85394783,0.82176011,10.645589809285386,6.85324956,49.00000000,27.31410060,0.00100587,0.00520837,NA,NA,0.00728732,0.91945544,NA
10.42483626,12.23340214039308,0.05793305,0.00204721,42.25474726,16.38931168,13.545944620608068,MS,0.03355238,0.02109553,41.26108424,21.27419694,4.03517533,1.62338656,0.07963105,1,3.53375272,0.02389201,15.73636783,1.36792448,0.00806183,0.57266427,39.28633001,2.57087004,21.33005144,12.40558401691148,15.812237991579456,0.01202206,0.00144920,0.01379650,0.04371699,0.00000000,4.03517533,0.03591406,27.24816253,0.82151281,11.155131678555517,6.86967963,50.00000000,21.27419694,0.00071363,0.00555525,NA,NA,0.00729903,0.91708530,NA
10.44341065,12.529610306424802,0.05800619,0.00205043,42.31563600,16.44428157,13.731271060417487,MS,0.03371787,0.02112726,41.39778394,16.38293961,4.02792564,1.62229274,0.08001589,1,3.53484915,0.02395207,16.11545321,1.36085292,0.00819515,0.57288168,39.58087248,2.56252996,16.42209669,12.485975331999539,16.196365601485475,0.01209991,0.00145215,0.01381660,0.04396391,0.00000000,4.02792564,0.03605198,27.50666728,0.82003588,11.54420537345035,6.87333332,51.00000000,16.38293961,0.00054867,0.00579413,NA,NA,0.00731066,0.91543765,NA
10.38341407,12.355252841157082,0.05808002,0.00205589,41.80463206,16.39263629,13.236126673784234,MS,0.03370149,0.02115871,41.05576182,1.16041119,4.05100563,1.62978266,0.07998053,1,3.53975763,0.02377607,16.24854075,1.36496676,0.00814628,0.57307575,39.58669560,2.57049072,0.72666705,11.731569442079131,16.187631614839912,0.01212007,0.00145415,0.01383657,0.04408438,0.00000000,4.05100563,0.03589615,27.38229596,0.81425992,11.637992585745161,6.87260665,52.00000000,1.16041119,0.00015385,0.00581015,NA,NA,0.00732214,0.92068310,NA
10.35157745,12.180463254717164,0.05815203,0.00205795,41.43246100,16.36134644,12.877490122529947,MS,0.03367088,0.02118890,40.76948517,0.00000000,4.06331107,1.63503382,0.07991168,1,3.53891889,0.02365776,16.25567229,1.36924808,0.00808399,0.57324419,39.47494058,2.57528422,0.00000000,11.239023118385546,16.076805269536358,0.01211586,0.00145359,0.01385577,0.04413807,0.00000000,4.06331107,0.03577362,27.22963411,0.81049354,11.615527481347694,6.86016503,53.00000000,0.00000000,0.00009334,0.00573655,NA,NA,0.00733313,0.92347979,NA
10.32761191,12.017198705748546,0.05821923,0.00205960,41.15351498,16.33420098,12.590908836197823,MS,0.03364190,0.02121565,40.53894924,0.00000000,4.07270710,1.63892376,0.07984573,1,3.53766092,0.02357340,16.21669888,1.37314443,0.00802544,0.57334064,39.34228738,2.57947285,0.00000000,10.878001832366682,15.926224024462254,0.01210652,0.00145314,0.01387212,0.04416581,0.00000000,4.07270710,0.03567992,27.08535632,0.80786281,11.553719625119472,6.84936955,54.00000000,0.00000000,0.00007282,0.00563866,NA,NA,0.00734354,0.92561525,NA
10.30758975,11.856990887418826,0.05828650,0.00206137,40.92465760,16.30685662,12.340610973742052,MS,0.03361446,0.02124325,40.33581847,0.00000000,4.08062266,1.64261104,0.07978372,1,3.53661602,0.02351180,16.15194886,1.37729735,0.00796840,0.57347148,39.19095870,2.58369722,0.00000000,10.583729484682515,15.756455524803851,0.01209289,0.00145289,0.01388968,0.04417903,0.00000000,4.08062266,0.03560469,26.94436700,0.80591847,11.467232525157542,6.83931725,55.00000000,0.00000000,0.00004272,0.00553218,NA,NA,0.00735357,0.92741424,NA
10.29047686,11.701883571597794,0.05835185,0.00206275,40.72159484,16.28288944,12.1125709172123,MS,0.03358756,0.02126987,40.14937156,0.00000000,4.08748633,1.64535521,0.07972198,1,3.53502381,0.02345984,16.07320934,1.38089382,0.00791275,0.57359055,39.03794594,2.58743171,0.00000000,10.32735772097503,15.579979099727817,0.01207842,0.00145262,0.01390662,0.04418372,0.00000000,4.08748633,0.03553826,26.80581936,0.80432930,11.371555705473792,6.82947939,56.00000000,0.00000000,0.00004794,0.00542411,NA,NA,0.00736325,0.92897417,NA
10.27403860,11.550405660894581,0.05841615,0.00206415,40.54097173,16.25929277,11.902330422651845,MS,0.03356168,0.02129593,39.97891127,0.00000000,4.09406466,1.64748295,0.07966275,1,3.53353286,0.02341646,15.98339478,1.38415925,0.00785858,0.57370151,38.88796596,2.59111553,0.00000000,10.098846240844367,15.402848204199579,0.01206428,0.00145260,0.01392320,0.04418201,0.00000000,4.09406466,0.03548074,26.67068268,0.80305864,11.267789441935856,6.82104364,57.00000000,0.00000000,0.00005233,0.00531796,NA,NA,0.00737273,0.93046924,NA
10.25825907,11.401718300476123,0.05847982,0.00206562,40.37721810,16.23569298,11.706312485564187,MS,0.03353678,0.02132163,39.82086629,0.00000000,4.10037049,1.64929410,0.07960600,1,3.53219325,0.02337959,15.88550280,1.38729544,0.00780566,0.57380705,38.74148551,2.59480481,0.00000000,9.89100261339902,15.228203782083582,0.01205068,0.00145277,0.01393956,0.04417573,0.00000000,4.10037049,0.03543027,26.53842438,0.80203035,11.157424518642253,6.81360837,58.00000000,0.00000000,0.00005236,0.00521531,NA,NA,0.00738207,0.93190238,NA
10.24363790,11.256936398249774,0.05854244,0.00206727,40.22865017,16.21135702,11.525930588803144,MS,0.03351325,0.02134628,39.67551559,0.00000000,4.10621742,1.65139006,0.07955303,1,3.53123339,0.02334714,15.78343087,1.39074405,0.00775458,0.57388403,38.60279213,2.59860628,0.00000000,9.702802775360489,15.06161987939047,0.01203862,0.00145302,0.01395490,0.04416727,0.00000000,4.10621742,0.03538577,26.41080332,0.80117625,11.041424641008826,6.80688357,59.00000000,0.00000000,0.00003867,0.00511880,NA,NA,0.00739138,0.93323123,NA
10.23105754,11.112602409484698,0.05860599,0.00206889,40.08987887,16.18763568,11.355040962033659,MS,0.03349041,0.02137187,39.53497745,0.00000000,4.11130872,1.65362129,0.07950149,1,3.53016502,0.02332027,15.67530534,1.39441110,0.00770377,0.57398636,38.45890014,2.60232609,0.00000000,9.526886044300799,14.900240061823938,0.01202558,0.00145318,0.01397120,0.04415564,0.00000000,4.11130872,0.03534584,26.28316023,0.80048304,10.918534460718304,6.79948265,60.00000000,0.00000000,0.00002925,0.00502574,NA,NA,0.00740067,0.93438835,NA
10.21984539,10.970853820605116,0.05866892,0.00207045,39.95875640,16.16475361,11.193152555062483,MS,0.03346825,0.02139724,39.40038403,0.00000000,4.11588876,1.65583783,0.07945141,1,3.52903346,0.02329624,15.56454243,1.39811425,0.00765392,0.57408827,38.31755451,2.60592701,0.00000000,9.361594812218915,14.745020278414689,0.01201295,0.00145329,0.01398735,0.04414222,0.00000000,4.11588876,0.03530919,26.15748657,0.79989626,10.79303789455116,6.79193869,61.00000000,0.00000000,0.00002508,0.00493679,NA,NA,0.00740988,0.93542926,NA
10.20949539,10.83214164106631,0.05873082,0.00207195,39.83427175,16.14264895,11.038995677105422,MS,0.03344675,0.02142223,39.27151940,0.00000000,4.12013943,1.65793672,0.07940277,1,3.52787391,0.02327450,15.45245862,1.40174473,0.00760519,0.57419007,38.18012189,2.60941674,0.00000000,9.205071088741363,14.595694683843465,0.01200092,0.00145340,0.01400327,0.04412736,0.00000000,4.12013943,0.03527542,26.03429685,0.79940019,10.666782485231577,6.78452580,62.00000000,0.00000000,0.00002475,0.00485165,NA,NA,0.00741896,0.93639533,NA
10.19963146,10.696550080865745,0.05879147,0.00207348,39.71559461,16.12070967,10.891494627069747,MS,0.03342597,0.02144677,39.14809603,0.00000000,4.12419702,1.66004809,0.07935594,1,3.52683863,0.02325461,15.34066492,1.40538568,0.00755773,0.57429206,38.04739527,2.61288614,0.00000000,9.05587355842436,14.451802199939658,0.01198959,0.00145354,0.01401890,0.04411174,0.00000000,4.12419702,0.03524420,25.91421357,0.79897556,10.540794152828965,6.77743300,63.00000000,0.00000000,0.00002108,0.00476998,NA,NA,0.00742787,0.93731750,NA
10.19041207,10.56357725807746,0.05885106,0.00207500,39.60119587,16.09918552,10.749617776718196,MS,0.03340574,0.02147095,39.02883552,0.00000000,4.12800952,1.66216825,0.07931036,1,3.52584262,0.02323606,15.22907975,1.40903532,0.00751128,0.57439502,37.91859646,2.61629834,0.00000000,8.912753223877834,14.312685609333581,0.01197886,0.00145368,0.01403430,0.04409544,0.00000000,4.12800952,0.03521492,25.79650808,0.79860693,10.41500401149158,6.77042920,64.00000000,0.00000000,0.00001758,0.00469124,NA,NA,0.00743665,0.93818398,NA
10.18190732,10.432863719978604,0.05890989,0.00207646,39.49110698,16.07832522,10.613212096383217,MS,0.03338600,0.02149490,38.91335154,0.00000000,4.13154837,1.66422263,0.07926582,1,3.52480698,0.02321900,15.11690210,1.41264372,0.00746565,0.57449985,37.79250639,2.61961586,0.00000000,8.775499077370474,14.178374075511607,0.01196856,0.00145379,0.01404956,0.04407825,0.00000000,4.13154837,0.03518756,25.68058682,0.79829763,10.288892038557236,6.76342291,65.00000000,0.00000000,0.00001734,0.00461544,NA,NA,0.00744534,0.93898827,NA
10.17374414,10.303875059843875,0.05896794,0.00207790,39.38349750,16.05781194,10.481169444193561,MS,0.03336657,0.02151863,38.80136463,0.00000000,4.13495140,1.66618134,0.07922198,1,3.52378408,0.02320272,15.00390283,1.41618911,0.00742068,0.57460698,37.67193892,2.62288682,0.00000000,8.641495072260383,14.05041562547271,0.01195923,0.00145393,0.01406468,0.04406003,0.00000000,4.13495140,0.03516195,25.56618798,0.79804641,10.16238591374725,6.75660720,66.00000000,0.00000000,0.00001748,0.00454144,NA,NA,0.00745396,0.93976168,NA
10.16639055,10.177500235921958,0.05902497,0.00207929,39.27841859,16.03797758,10.357429203097135,MS,0.03334764,0.02154205,38.69546958,0.00000000,4.13802664,1.66799686,0.07917918,1,3.52273259,0.02318712,14.88846161,1.41965779,0.00737665,0.57471626,37.56456307,2.62605914,0.00000000,8.51008108022721,13.941238425184824,0.01195228,0.00145408,0.01407959,0.04403977,0.00000000,4.13802664,0.03513941,25.45391764,0.79790164,10.033934617808196,6.74995243,67.00000000,0.00000000,0.00002055,0.00446837,NA,NA,0.00746246,0.94046060,NA
10.15864783,10.053842302360415,0.05908080,0.00208070,39.17965626,16.01828362,10.233742085879081,MS,0.03332926,0.02156508,38.59058255,0.00000000,4.14124975,1.66976165,0.07913777,1,3.52178901,0.02317359,14.77742890,1.42301381,0.00733371,0.57482761,37.44760248,2.62921391,0.00000000,8.387040617856746,13.81689799935544,0.01194330,0.00145428,0.01409426,0.04402088,0.00000000,4.14124975,0.03511689,25.34436606,0.79773248,9.910330401465618,6.74367210,68.00000000,0.00000000,0.00002056,0.00440013,NA,NA,0.00747082,0.94119312,NA
10.17090247,9.965050193431505,0.05913541,0.00208187,39.14950663,16.01234638,10.17344779665656,MS,0.03333560,0.02158771,38.54260200,2.36007912,4.13823753,1.67322889,0.07913891,1,3.52051134,0.02318580,14.68878565,1.42745189,0.00731602,0.57494104,37.36412832,2.63065102,2.12173981,8.354779545157264,13.704896651492371,0.01194050,0.00145361,0.01410867,0.04401261,0.00000000,4.13823753,0.03512630,25.27645094,0.79809624,9.79872884979338,6.73350591,69.00000000,2.36007912,0.00003778,0.00435241,NA,NA,0.00747904,0.94050853,NA
10.19232388,9.980411360001671,0.05918923,0.00208299,39.25690072,16.02065682,10.28042396461124,MS,0.03337092,0.02161015,38.60000406,4.52012188,4.13008216,1.67482166,0.07922012,1,3.51920996,0.02325033,14.64040801,1.42962094,0.00732766,0.57505793,37.32142669,2.62937395,4.39657439,8.54154430354301,13.664962704190872,0.01194536,0.00145361,0.01412297,0.04402444,0.00000000,4.13008216,0.03519568,25.28510720,0.79945788,9.740563919646977,6.72651863,70.00000000,4.52012188,0.00005687,0.00433801,NA,NA,0.00748718,0.93865504,NA
10.23844875,10.155083399468733,0.05924303,0.00208361,39.55436927,16.05954750,10.631312618466188,MS,0.03346188,0.02163270,38.82191656,9.14599097,4.11154845,1.67443564,0.07943570,1,3.51706008,0.02338853,14.66837782,1.42882309,0.00739495,0.57517970,37.39095683,2.62301829,9.13483212,9.009151461346924,13.8004554488769,0.01197168,0.00145385,0.01413734,0.04407549,0.00000000,4.11154845,0.03536021,25.42014555,0.80226470,9.773021510266268,6.72062317,71.00000000,9.14599097,0.00011318,0.00438688,NA,NA,0.00749535,0.93444283,NA
10.28330869,10.373347935440353,0.05929827,0.00208441,39.85525091,16.10600461,10.993776034265121,MS,0.03357149,0.02165597,39.06047028,10.74898626,4.09362907,1.67275418,0.07969476,1,3.51512525,0.02353021,14.75531178,1.42593408,0.00748025,0.57530925,37.50288010,2.61549003,10.75373235,9.46941765885234,13.981173504955596,0.01200660,0.00145475,0.01415219,0.04415795,0.00000000,4.09362907,0.03553681,25.59326211,0.80476593,9.874048538576831,6.71752652,72.00000000,10.74898626,0.00015631,0.00448255,NA,NA,0.00750378,0.93037024,NA
10.32821148,10.629215689084447,0.05935574,0.00208498,40.15672580,16.16190229,11.367650632551987,MS,0.03369724,0.02168027,39.31171706,12.20647141,4.07581899,1.66934864,0.07999057,1,3.51268424,0.02367469,14.88960852,1.42078917,0.00758071,0.57544791,37.65142631,2.60653182,12.22220331,9.922535272384954,14.207043355269306,0.01204929,0.00145604,0.01416771,0.04426659,0.00000000,4.07581899,0.03572398,25.79658048,0.80701900,10.033284662644268,6.71598997,73.00000000,12.20647141,0.00021753,0.00461662,NA,NA,0.00751256,0.92632250,NA
10.35551303,10.827968214542324,0.05941437,0.00208646,40.33512792,16.20225680,11.608650456424852,MS,0.03380533,0.02170514,39.47902458,10.76304780,4.06503556,1.66691557,0.08024519,1,3.51170660,0.02377213,15.03364169,1.41631746,0.00766301,0.57559212,37.79593450,2.60010380,10.76672653,10.180353647418135,14.416666794325813,0.01209169,0.00145788,0.01418361,0.04438137,0.00000000,4.06503556,0.03586382,25.95896826,0.80808292,10.197112229557133,6.71673835,74.00000000,10.76304780,0.00020828,0.00474868,NA,NA,0.00752152,0.92387172,NA
10.37794581,10.99899393916999,0.05947319,0.00208771,40.46051169,16.23925641,11.795852424659607,MS,0.03390283,0.02173011,39.60575027,9.96918483,4.05623793,1.66456105,0.08047430,1,3.51033575,0.02384906,15.17240627,1.41200708,0.00773463,0.57573779,37.92537529,2.59425506,9.96607680,10.364766054470596,14.609224306149352,0.01213137,0.00145945,0.01419961,0.04449386,0.00000000,4.05623793,0.03598044,26.09666866,0.80866063,10.354605857843772,6.71626512,75.00000000,9.96918483,0.00021456,0.00486895,NA,NA,0.00753050,0.92187226,NA
10.37328698,11.030615676550106,0.05953019,0.00208983,40.38699645,16.24453296,11.752970833103896,MS,0.03394831,0.02175431,39.57530805,5.53957743,4.05807205,1.66462978,0.08058171,1,3.51053784,0.02384568,15.26150213,1.41058227,0.00775503,0.57587826,37.98315726,2.59342948,5.44804937,10.252366451070024,14.696450652518077,0.01215667,0.00146100,0.01421512,0.04457936,0.00000000,4.05807205,0.03600235,26.12444020,0.80760128,10.447240728680653,6.71591681,76.00000000,5.53957743,0.00015065,0.00493470,NA,NA,0.00753919,0.92228910,NA
10.34281308,10.9065452889393,0.05958353,0.00209223,40.12013450,16.21672686,11.487365489216513,MS,0.03392918,0.02177691,39.38021306,0.00000000,4.06969839,1.66702135,0.08054129,1,3.51142871,0.02376363,15.26508402,1.41254914,0.00771242,0.57600773,37.93424046,2.59771513,0.00000000,9.867011274203543,14.65390136836133,0.01216013,0.00146199,0.01422963,0.04461753,0.00000000,4.06969839,0.03592376,26.02113428,0.80514910,10.438898426781893,6.71348184,77.00000000,0.00000000,0.00006068,0.00491859,NA,NA,0.00754728,0.92493145,NA
10.32417067,10.79317465973588,0.05963158,0.00209349,39.91533202,16.19767907,11.27882459825415,MS,0.03390972,0.02179721,39.21638135,0.00000000,4.07701304,1.66901645,0.08049745,1,3.51071130,0.02370433,15.24009695,1.41465672,0.00767183,0.57612207,37.85342098,2.60069445,0.00000000,9.589115232431944,14.573773740371346,0.01215601,0.00146203,0.01424267,0.04463711,0.00000000,4.07701304,0.03586034,25.92115327,0.80337518,10.403015550840662,6.70742073,78.00000000,0.00000000,0.00005496,0.00487681,NA,NA,0.00755454,0.92659387,NA
10.30895818,10.689734803278776,0.05967466,0.00209477,39.75365865,16.17925107,11.106748342974557,MS,0.03389181,0.02181537,39.08044979,0.00000000,4.08299046,1.67104515,0.08045750,1,3.51031713,0.02366008,15.20375134,1.41698360,0.00763496,0.57622221,37.76949409,2.60357334,0.00000000,9.373141674616935,14.482642007180571,0.01215005,0.00146212,0.01425433,0.04464737,0.00000000,4.08299046,0.03581012,25.83082274,0.80206570,10.355262546087085,6.70226627,79.00000000,0.00000000,0.00004551,0.00482485,NA,NA,0.00756104,0.92795238,NA
10.29591404,10.594254825284517,0.05971361,0.00209602,39.61536396,16.16154638,10.95595287722633,MS,0.03387499,0.02183173,38.96078617,0.00000000,4.08813957,1.67317533,0.08042025,1,3.51012778,0.02362330,15.16484597,1.41944087,0.00760100,0.57631059,37.68739885,2.60633874,0.00000000,9.192032895527586,14.387406508338477,0.01214343,0.00146219,0.01426484,0.04465352,0.00000000,4.08813957,0.03576673,25.74803800,0.80098341,10.304540687841387,6.69756262,80.00000000,0.00000000,0.00003590,0.00476940,NA,NA,0.00756689,0.92912263,NA
10.28456883,10.506661050430559,0.05974853,0.00209717,39.49397455,16.14515487,10.821632311178663,MS,0.03385913,0.02184635,38.85382201,0.00000000,4.09264354,1.67522604,0.08038516,1,3.50999423,0.02359143,15.12618218,1.42182830,0.00756978,0.57638783,37.60948131,2.60890169,0.00000000,9.036511112434914,14.291584877891022,0.01213664,0.00146222,0.01427424,0.04465709,0.00000000,4.09264354,0.03572807,25.67219432,0.80005386,10.254667076813325,6.69321236,81.00000000,0.00000000,0.00003269,0.00471334,NA,NA,0.00757211,0.93014626,NA
10.27438687,10.426104118619019,0.05978009,0.00209836,39.38733939,16.12904850,10.70144370942122,MS,0.03384449,0.02185953,38.75820885,0.00000000,4.09669157,1.67742955,0.08035317,1,3.51012520,0.02356390,15.08934024,1.42431650,0.00754125,0.57645582,37.53604283,2.61141642,0.00000000,8.901431253485494,14.198196611134486,0.01212991,0.00146227,0.01428270,0.04465936,0.00000000,4.09669157,0.03569381,25.60332549,0.79924580,10.206040107685443,6.68937255,82.00000000,0.00000000,0.00002562,0.00465915,NA,NA,0.00757682,0.93106627,NA
10.26517461,10.350568896067024,0.05980906,0.00209947,39.28877519,16.11378852,10.590300891454453,MS,0.03383043,0.02187158,38.66959789,0.00000000,4.10037535,1.67960470,0.08032252,1,3.51028973,0.02353840,15.05387406,1.42675912,0.00751445,0.57651665,37.46743294,2.61380133,0.00000000,8.779002617003883,14.107030712540414,0.01212350,0.00146227,0.01429045,0.04466063,0.00000000,4.10037535,0.03566190,25.53887210,0.79850864,10.159140825559227,6.68571412,83.00000000,0.00000000,0.00002295,0.00460637,NA,NA,0.00758113,0.93190349,NA
10.25660528,10.277648762714579,0.05983687,0.00210064,39.19722030,16.09843599,10.486376873248576,MS,0.03381695,0.02188313,38.58672770,0.00000000,4.10381088,1.68189656,0.08029338,1,3.51060467,0.02351515,15.01779291,1.42931282,0.00748873,0.57657361,37.40200118,2.61620066,0.00000000,8.666684458715878,14.017685682454164,0.01211742,0.00146229,0.01429787,0.04466081,0.00000000,4.10381088,0.03563257,25.47720676,0.79784867,10.111115317390151,6.68228663,84.00000000,0.00000000,0.00001696,0.00455474,NA,NA,0.00758526,0.93268429,NA
10.24915574,10.206581924448155,0.05986434,0.00210174,39.11259525,16.08377528,10.389900628289002,MS,0.03380395,0.02189450,38.50867966,0.00000000,4.10682210,1.68416270,0.08026522,1,3.51084167,0.02349447,14.97902364,1.43189157,0.00746364,0.57662861,37.33716274,2.61849690,0.00000000,8.564081843194852,13.931749291421012,0.01211137,0.00146227,0.01430517,0.04465938,0.00000000,4.10682210,0.03560583,25.41683310,0.79727557,10.06042639979007,6.67870210,85.00000000,0.00000000,0.00001628,0.00450514,NA,NA,0.00758933,0.93336866,NA
10.24201529,10.136890011360455,0.05989125,0.00210287,39.03203701,16.06909772,10.297867685308344,MS,0.03379128,0.02190562,38.43434405,0.00000000,4.10971119,1.68642942,0.08023791,1,3.51115275,0.02347514,14.93913703,1.43449142,0.00743913,0.57668162,37.27531611,2.62079773,0.00000000,8.46720374905583,13.847835283150472,0.01210577,0.00146227,0.01431231,0.04465701,0.00000000,4.10971119,0.03558091,25.35791186,0.79675975,10.008629480190022,6.67533079,86.00000000,0.00000000,0.00001415,0.00445673,NA,NA,0.00759331,0.93402527,NA
10.23537535,10.068683610813117,0.05991765,0.00210401,38.95551600,16.05453854,10.21043113105193,MS,0.03377897,0.02191651,38.36342349,0.00000000,4.11240749,1.68873645,0.08021151,1,3.51150952,0.02345717,14.89844190,1.43714103,0.00741521,0.57673293,37.21563195,2.62308246,0.00000000,8.375990292232808,13.766557355549459,0.01210047,0.00146227,0.01431931,0.04465387,0.00000000,4.11240749,0.03555764,25.30043148,0.79629457,9.955810830450591,6.67202451,87.00000000,0.00000000,0.00001172,0.00440995,NA,NA,0.00759720,0.93463807,NA
10.22947407,10.002532185284903,0.05994350,0.00210517,38.88442471,16.04016522,10.128709846384051,MS,0.03376725,0.02192717,38.29637694,0.00000000,4.11481710,1.69115694,0.08018651,1,3.51192087,0.02344108,14.85749140,1.43989344,0.00739211,0.57678268,37.15671111,2.62533975,0.00000000,8.291518826909973,13.689277441754491,0.01209519,0.00146225,0.01432615,0.04465024,0.00000000,4.11481710,0.03553627,25.24490573,0.79588072,9.902109817178568,6.66867989,88.00000000,0.00000000,0.00000881,0.00436584,NA,NA,0.00760101,0.93518571,NA
10.22415605,9.938319690837744,0.05996867,0.00210632,38.81712744,16.02605181,10.05144212536821,MS,0.03375595,0.02193753,38.23240561,0.00000000,4.11700279,1.69364535,0.08016254,1,3.51236333,0.02342618,14.81679956,1.44270131,0.00736974,0.57683085,37.09942687,2.62755851,0.00000000,8.212128464220088,13.615364596729584,0.01209007,0.00146220,0.01433281,0.04464629,0.00000000,4.11700279,0.03551625,25.19115320,0.79550286,9.848330470143676,6.66531185,89.00000000,0.00000000,0.00000639,0.00432376,NA,NA,0.00760473,0.93568245,NA
10.21899715,9.875183303368049,0.05999314,0.00210742,38.75036564,16.01231208,9.97612051847863,MS,0.03374468,0.02194761,38.17016129,0.00000000,4.11913146,1.69602358,0.08013852,1,3.51276973,0.02341121,14.77585223,1.44542165,0.00734770,0.57687760,37.04623739,2.62972272,0.00000000,8.134699801499682,13.543168529769464,0.01208559,0.00146216,0.01433928,0.04464172,0.00000000,4.11913146,0.03549680,25.13819795,0.79514847,9.794923231138853,6.66204464,90.00000000,0.00000000,0.00000675,0.00428192,NA,NA,0.00760833,0.93616624,NA
10.21433065,9.813563854038689,0.06001721,0.00210854,38.68678122,15.99869353,9.905933322839111,MS,0.03373384,0.02195752,38.11169100,0.00000000,4.12106043,1.69842409,0.08011556,1,3.51322123,0.02339731,14.73376194,1.44818233,0.00732627,0.57692348,36.99800165,2.63186972,0.00000000,8.060558693337862,13.479588326882633,0.01208197,0.00146212,0.01434564,0.04463629,0.00000000,4.12106043,0.03547928,25.08670687,0.79485279,9.74014372434172,6.65886739,91.00000000,0.00000000,0.00000643,0.00424152,NA,NA,0.00761188,0.93660464,NA
10.22070094,9.76360993331184,0.06004045,0.00210959,38.65190681,15.99150857,9.857233748320846,MS,0.03373548,0.02196710,38.07717655,1.23198053,4.11980941,1.70220382,0.08011156,1,3.51360947,0.02339402,14.70374943,1.45191604,0.00731768,0.57696785,36.96424557,2.63331121,1.00775507,8.019506558029896,13.41588321416863,0.01208094,0.00146150,0.01435179,0.04463660,0.00000000,4.11980941,0.03547496,25.05395845,0.79475049,9.689202360097292,6.65313560,92.00000000,1.23198053,0.00001060,0.00421252,NA,NA,0.00761531,0.93632032,NA
10.28993999,10.0752133624506,0.06006276,0.00210850,39.16372449,16.05939063,10.423487821106995,MS,0.03386117,0.02197630,38.45790505,11.65077435,4.09228315,1.69920689,0.08040646,1,3.51048893,0.02360054,14.78983416,1.44789701,0.00743356,0.57701074,37.08223758,2.62229735,11.63663196,8.810161918545708,13.567918016532731,0.01210883,0.00146133,0.01435769,0.04469709,0.00000000,4.09228315,0.03570937,25.30107914,0.79891952,9.796970100682996,6.64956750,93.00000000,11.65077435,0.00016161,0.00429318,NA,NA,0.00761860,0.93006435,NA
10.40977098,10.753036208437642,0.06008447,0.00210367,40.11663899,16.22003195,11.500696375092389,MS,0.03412158,0.02198525,39.21242735,23.41212080,4.04495057,1.68170857,0.08101097,1,3.50118598,0.02398570,15.03983704,1.42878234,0.00768441,0.57705253,37.43203092,2.59677051,23.42696641,10.220762808236476,14.02089083358514,0.01218164,0.00146295,0.01436345,0.04484363,0.00000000,4.04495057,0.03616735,25.83168876,0.80652138,10.15003230094418,6.65423933,94.00000000,23.41212080,0.00058693,0.00454745,NA,NA,0.00762181,0.91930695,NA
10.50730967,11.527924991834476,0.06010617,0.00210162,41.04862282,16.38611310,12.550566040323407,MS,0.03443745,0.02199419,40.00948883,27.96003302,4.00684146,1.65985856,0.08174334,1,3.49652014,0.02437466,15.45806289,1.40327658,0.00799074,0.57709374,37.94826713,2.57100370,27.97935541,11.497863542838157,14.638702195983061,0.01228812,0.00146902,0.01436920,0.04508056,0.00000000,4.00684146,0.03666278,26.46964404,0.81327233,10.69623932229129,6.67912539,95.00000000,27.96003302,0.00084766,0.00494342,NA,NA,0.00762499,0.91064579,NA
10.59700919,12.377534567045918,0.06012949,0.00209996,41.92481441,16.56947423,13.577007173726699,MS,0.03479522,0.02200375,40.80944481,31.64578536,3.97226896,1.63482998,0.08256967,1,3.49239480,0.02475303,16.01380638,1.37303147,0.00833824,0.57713627,38.58676536,2.54325722,31.66660515,12.665294732201083,15.393843947600026,0.01242139,0.00147667,0.01437537,0.04539525,0.00000000,3.97226896,0.03717442,27.17727054,0.81890562,11.395279705359643,6.71098445,96.00000000,31.64578536,0.00111631,0.00544349,NA,NA,0.00762838,0.90278840,NA
10.63774998,13.03158079787819,0.06015865,0.00210457,42.44753590,16.67748178,14.220279330818414,MS,0.03509894,0.02201560,41.35537389,26.83946756,3.95640232,1.62365010,0.08327807,1,3.49836711,0.02499118,16.60419670,1.35405604,0.00862913,0.57718497,39.18043426,2.52716053,26.86560593,13.290605658205331,16.071638460400415,0.01254951,0.00148526,0.01438304,0.04573738,0.00000000,3.95640232,0.03754069,27.76171143,0.82078798,12.055911332645836,6.74640216,97.00000000,26.83946756,0.00086266,0.00591539,NA,NA,0.00763256,0.89918235,NA
10.65993263,13.480460790682635,0.06019321,0.00210943,42.64660154,16.74416301,14.558547875235895,MS,0.03532064,0.02202947,41.64080477,20.23378249,3.94784085,1.62247275,0.08379873,1,3.50443188,0.02509364,17.12661979,1.34459801,0.00883563,0.57723564,39.64631810,2.51725770,20.26453474,13.52230141295376,16.613416033667157,0.01265443,0.00149023,0.01439205,0.04605066,0.00000000,3.94784085,0.03774807,28.16930707,0.81970747,12.59674475446943,6.76472805,98.00000000,20.23378249,0.00055659,0.00627896,NA,NA,0.00763742,0.89723656,NA
10.68496563,13.83346888497899,0.06023162,0.00211217,42.74620290,16.80610108,14.801502910033355,MS,0.03549740,0.02204467,41.82120625,16.74580042,3.93849147,1.62314704,0.08421398,1,3.50675232,0.02515458,17.56326867,1.33806936,0.00899549,0.57728272,39.99436254,2.50810339,16.76838410,13.669438275885176,17.03730034224071,0.01273667,0.00149234,0.01440195,0.04632274,0.00000000,3.93849147,0.03789124,28.47788609,0.81798363,13.041632902263341,6.76963411,99.00000000,16.74580042,0.00043338,0.00655003,NA,NA,0.00764272,0.89511170,NA
