mstruct,Dry_Mass,nitrates,organ,S_grain_structure,Unloading_Sucrose,starch,Respi_growth,S_cytokinins,axis,N_tot,Conc_Nitrates,AA_consumption_mstruct,cytokinins,R_residual,Conc_Amino_Acids,regul_transpiration,sucrose_consumption_mstruct,RGR_Structure,R_Nnit_upt,Conc_cytokinins,S_Proteins,plant,synthetized_mstruct,amino_acids,HATS_LATS,Export_cytokinins,Conc_Sucrose,R_grain_growth_starch,Export_Amino_Acids,Uptake_Nitrates,N_exudation,sum_respi,R_Nnit_red,S_grain_starch,sucrose,S_Amino_Acids,Total_Organic_Nitrogen,Nstruct,Unloading_Amino_Acids,R_grain_growth_struct,senesced_mstruct,structure,age_from_flowering,t,Export_Nitrates,Proteins_N_Mass,WSC_g,C_exudation,proteins
NA,NA,NA,phloem,NA,NA,NA,NA,NA,MS,0.00000000,NA,NA,NA,NA,0.0,NA,NA,NA,NA,NA,NA,1,NA,0.00000000,NA,NA,0.0,NA,NA,NA,NA,NA,NA,NA,0.00000000,NA,NA,NA,NA,NA,NA,NA,NA,0.00000000,NA,NA,0.0,NA,NA
0.03445606,NA,21.90533730,roots,NA,NA,NA,0.69137825,NA,MS,0.00050954,635.7470576984781,0.02002061,8.60000000,0.09538222,50.39492662836251,NA,2.00766633,NA,NA,249.5932667609237,NA,1,NA,2.17051312,NA,0.00000000,483.4315533186538,NA,0.00000000,NA,NA,NA,NA,NA,199.88574592,NA,14.49031944,0.00017248,NA,NA,0.00000000,NA,NA,0.00000000,0.00000000,NA,0.005711021311927687,NA,NA
NA,NA,NA,phloem,NA,NA,NA,NA,NA,MS,0.00006700,NA,NA,NA,NA,70.23978585907687,NA,NA,NA,NA,NA,NA,1,NA,4.78536809,NA,NA,147.72452370446882,NA,NA,NA,NA,NA,NA,NA,96.61754579,NA,NA,NA,NA,NA,NA,NA,NA,1.00000000,NA,NA,0.0027605013082917626,NA,NA
0.03451618,NA,21.81661837,roots,NA,-587.33817769,NA,0.74146433,0.98151355,MS,0.00050498,632.0693840555037,0.02147097,8.59052293,0.06118968,44.31796562307793,0.00084029,2.15310934,NA,0.10813474,248.88396737358454,NA,1,NA,1.91210840,1.07596896,0.04339775,425.74338990654064,NA,0.26028921,0.27237969,0.00000000,0.24622782,0.07588625,NA,176.34040749,1.11038917,14.25338569,0.00017278,0.00000000,NA,0.00000000,NA,NA,1.00000000,0.32998074,NA,0.0050382973569496675,0.00000000,NA
NA,NA,NA,phloem,NA,NA,NA,NA,NA,MS,0.00007612,NA,NA,NA,NA,79.72993444691218,NA,NA,NA,NA,NA,NA,1,NA,5.43749694,NA,NA,197.30444145630017,NA,NA,NA,NA,NA,NA,NA,129.17715431,NA,NA,NA,NA,NA,NA,NA,NA,2.00000000,NA,NA,0.0036907758374170978,NA,NA
0.03456736,NA,21.81867379,roots,NA,-343.34949437,NA,0.63120761,0.90959381,MS,0.00050331,631.1930295758481,0.01827821,8.59459500,0.05592765,41.016314401355366,0.00053077,1.83293915,NA,0.09574735,248.6332810632698,NA,1,NA,1.77228190,1.00359948,0.02742513,389.73279376739356,NA,0.15238847,0.24117721,0.00000000,0.22244989,0.07029385,NA,161.66438401,1.02703679,14.13183740,0.00017303,0.00000000,NA,0.00000000,NA,NA,2.00000000,0.20845155,NA,0.004618982400337311,0.00000000,NA
NA,NA,NA,phloem,NA,NA,NA,NA,NA,MS,0.00008198,NA,NA,NA,NA,85.76676236097065,NA,NA,NA,NA,NA,NA,1,NA,5.85602302,NA,NA,226.43146823667217,NA,NA,NA,NA,NA,NA,NA,148.41977697,NA,NA,NA,NA,NA,NA,NA,NA,3.00000000,NA,NA,0.004240565056397438,NA,NA
0.03462542,NA,21.96471301,roots,NA,-213.51344037,NA,0.71608642,0.97086610,MS,0.00050521,634.3523122339794,0.02073609,8.61947817,0.05801482,40.23877485727173,0.00016937,2.07941544,NA,0.09812671,248.93500328384388,NA,1,NA,1.74160542,1.07268368,0.00877700,363.69425442961114,NA,0.04778715,0.24717056,0.00000000,0.23122532,0.07504295,NA,151.11678038,1.09458557,14.12189702,0.00017332,0.00000000,NA,0.00000000,NA,NA,3.00000000,0.06696446,NA,0.004317622296521219,0.00000000,NA
NA,NA,NA,phloem,NA,NA,NA,NA,NA,MS,0.00008535,NA,NA,NA,NA,89.18493041897419,NA,NA,NA,NA,NA,NA,1,NA,6.09613493,NA,NA,241.9529595643697,NA,NA,NA,NA,NA,NA,NA,158.76883742,NA,NA,NA,NA,NA,NA,NA,NA,4.00000000,NA,NA,0.004536252497850317,NA,NA
0.03468037,NA,22.15215145,roots,NA,-146.46192479,NA,0.67779514,0.94613455,MS,0.00050825,638.7518251034944,0.01962727,8.65089987,0.05616999,40.39835718236261,0.00002729,1.96822288,NA,0.09228498,249.44656474158464,NA,1,NA,1.75128761,1.04492760,0.00141909,343.7237511806259,NA,0.00774108,0.23245587,0.00000000,0.22151118,0.07317254,NA,143.04561416,1.06561222,14.15120648,0.00017360,0.00000000,NA,0.00000000,NA,NA,4.00000000,0.01087971,NA,0.004087017547328005,0.00000000,NA
NA,NA,NA,phloem,NA,NA,NA,NA,NA,MS,0.00008700,NA,NA,NA,NA,90.82118667273855,NA,NA,NA,NA,NA,NA,1,NA,6.21451130,NA,NA,250.34936528495933,NA,NA,NA,NA,NA,NA,NA,164.45138590,NA,NA,NA,NA,NA,NA,NA,NA,5.00000000,NA,NA,0.004698611025806096,NA,NA
0.03473272,NA,22.33476798,roots,NA,-105.03976043,NA,0.64567097,0.92530523,MS,0.00051127,643.0468173939261,0.01869704,8.68257267,0.05466046,40.679623413737644,0.00000935,1.87493876,NA,0.08750616,249.98248145560547,NA,1,NA,1.76614269,1.02150086,0.00048831,327.60100261003555,NA,0.00267649,0.22041855,0.00000000,0.21366565,0.07162832,NA,136.54170461,1.04155149,14.18475860,0.00017386,0.00000000,NA,0.00000000,NA,NA,5.00000000,0.00376079,NA,0.003901191560329273,0.00000000,NA
NA,NA,NA,phloem,NA,NA,NA,NA,NA,MS,0.00008771,NA,NA,NA,NA,91.46571072374606,NA,NA,NA,NA,NA,NA,1,NA,6.26497405,NA,NA,255.13991471233285,NA,NA,NA,NA,NA,NA,NA,167.76856982,NA,NA,NA,NA,NA,NA,NA,NA,6.00000000,NA,NA,0.004793387709036901,NA,NA
0.03478329,NA,22.50937314,roots,NA,-76.55318744,NA,0.62361095,0.91115219,MS,0.00051419,647.1318467938681,0.01805823,8.71395472,0.05356571,40.984618911189955,0.00000628,1.81087952,NA,0.08384521,250.52130837408382,NA,1,NA,1.78197473,1.00564529,0.00032920,314.1288421013749,NA,0.00181404,0.21119699,0.00000000,0.20790311,0.07061987,NA,131.11720628,1.02539470,14.21864887,0.00017411,0.00000000,NA,0.00000000,NA,NA,6.00000000,0.00254605,NA,0.0037462058937318414,0.00000000,NA
NA,NA,NA,phloem,NA,NA,NA,NA,NA,MS,0.00008781,NA,NA,NA,NA,91.48361626715406,NA,NA,NA,NA,NA,NA,1,NA,6.27242300,NA,NA,257.81063120724633,NA,NA,NA,NA,NA,NA,NA,169.69305573,NA,NA,NA,NA,NA,NA,NA,NA,7.00000000,NA,NA,0.004848373020967818,NA,NA
0.03483269,NA,22.67801067,roots,NA,-56.01381785,NA,0.60931626,0.90207593,MS,0.00051704,651.055362718462,0.01764429,8.74522398,0.05278241,41.31272046439412,0.00000319,1.76936972,NA,0.08099093,251.0636867160387,NA,1,NA,1.79879156,0.99556449,0.00016759,302.55486022874214,NA,0.00092889,0.20400738,0.00000000,0.20366628,0.07002056,NA,126.46560172,1.01525080,14.25311000,0.00017436,0.00000000,NA,0.00000000,NA,NA,7.00000000,0.00130120,NA,0.0036133029062516285,0.00000000,NA
NA,NA,NA,phloem,NA,NA,NA,NA,NA,MS,0.00008757,NA,NA,NA,NA,91.14472273111642,NA,NA,NA,NA,NA,NA,1,NA,6.25530534,NA,NA,259.2012967366994,NA,NA,NA,NA,NA,NA,NA,170.77543042,NA,NA,NA,NA,NA,NA,NA,NA,8.00000000,NA,NA,0.0048792980120239545,NA,NA
0.03488140,NA,22.84085100,roots,NA,-40.15311948,NA,0.60072968,0.89670447,MS,0.00051980,654.8146397827245,0.01739565,8.77634649,0.05222580,41.642674012531174,0.00000319,1.74443550,NA,0.07872344,251.605343753428,NA,1,NA,1.81569343,0.98976790,0.00016831,292.42372622625624,NA,0.00093827,0.19829583,0.00000000,0.20054693,0.06972306,NA,122.40178556,1.00952558,14.28740751,0.00017460,0.00000000,NA,0.00000000,NA,NA,8.00000000,0.00131146,NA,0.003497193873171229,0.00000000,NA
NA,NA,NA,phloem,NA,NA,NA,NA,NA,MS,0.00008707,NA,NA,NA,NA,90.53399313489493,NA,NA,NA,NA,NA,NA,1,NA,6.21939603,NA,NA,259.75155784820714,NA,NA,NA,NA,NA,NA,NA,171.30337912,NA,NA,NA,NA,NA,NA,NA,NA,9.00000000,NA,NA,0.004894382260500275,NA,NA
0.03492949,NA,22.99845531,roots,NA,-28.18921715,NA,0.59309131,0.89176319,MS,0.00052248,658.4252069041481,0.01717446,8.80733049,0.05172863,41.97356831688611,0.00000330,1.72225472,NA,0.07668876,252.14599518638417,NA,1,NA,1.83264406,0.98464220,0.00017489,283.3972804967552,NA,0.00098060,0.19317069,0.00000000,0.19776586,0.06947172,NA,118.78706260,1.00450163,14.32153260,0.00017484,0.00000000,NA,0.00000000,NA,NA,9.00000000,0.00136732,NA,0.003393916074370253,0.00000000,NA
NA,NA,NA,phloem,NA,NA,NA,NA,NA,MS,0.00008639,NA,NA,NA,NA,89.73813073461602,NA,NA,NA,NA,NA,NA,1,NA,6.17062790,NA,NA,259.68358596967147,NA,NA,NA,NA,NA,NA,NA,171.42259788,NA,NA,NA,NA,NA,NA,NA,NA,10.00000000,NA,NA,0.004897788510744708,NA,NA
0.03497715,NA,23.15152861,roots,NA,-18.39656542,NA,0.58783173,0.88830277,MS,0.00052510,661.9043761432562,0.01702215,8.83822904,0.05133422,42.30535905556975,0.00000337,1.70698162,NA,0.07494140,252.68579778499318,NA,1,NA,1.84965111,0.98133451,0.00017924,275.2668887119335,NA,0.00101078,0.18876927,0.00000000,0.19550135,0.06934742,NA,115.53661489,1.00133796,14.35556180,0.00017508,0.00000000,NA,0.00000000,NA,NA,10.00000000,0.00140574,NA,0.003301046139843552,0.00000000,NA
NA,NA,NA,phloem,NA,NA,NA,NA,NA,MS,0.00008561,NA,NA,NA,NA,88.83500945795055,NA,NA,NA,NA,NA,NA,1,NA,6.11497316,NA,NA,258.83425806669214,NA,NA,NA,NA,NA,NA,NA,171.04224661,NA,NA,NA,NA,NA,NA,NA,NA,11.00000000,NA,NA,0.0048869213316782125,NA,NA
0.03502458,NA,23.30073125,roots,NA,-10.55295792,NA,0.58498037,0.88636388,MS,0.00052766,665.267955412793,0.01693959,8.86910221,0.05103800,42.63866305746429,0.00000331,1.69870167,NA,0.07344861,253.22507826446852,NA,1,NA,1.86675162,0.97989886,0.00017636,267.84283126975623,NA,0.00100024,0.18500909,0.00000000,0.19371945,0.06935358,NA,112.57299458,1.00007077,14.38960190,0.00017532,0.00000000,NA,0.00000000,NA,NA,11.00000000,0.00138722,NA,0.003216371273639679,0.00000000,NA
NA,NA,NA,phloem,NA,NA,NA,NA,NA,MS,0.00008474,NA,NA,NA,NA,87.82414875555347,NA,NA,NA,NA,NA,NA,1,NA,6.05253086,NA,NA,257.23137385851174,NA,NA,NA,NA,NA,NA,NA,170.18380671,NA,NA,NA,NA,NA,NA,NA,NA,12.00000000,NA,NA,0.004862394477522274,NA,NA
0.03507147,NA,23.44430664,roots,NA,-4.71505752,NA,0.57828152,0.88155377,MS,0.00053013,668.4723410190322,0.01674560,8.89965008,0.05062592,42.94821224984538,0.00000697,1.67924917,NA,0.07183076,253.75755482385213,NA,1,NA,1.88282109,0.97554202,0.00037267,260.99662986529796,NA,0.00212450,0.18093389,0.00000000,0.19148716,0.06914568,NA,109.84242092,0.99573991,14.42241697,0.00017555,0.00000000,NA,0.00000000,NA,NA,12.00000000,0.00293929,NA,0.0031383548834300347,0.00000000,NA
NA,NA,NA,phloem,NA,NA,NA,NA,NA,MS,0.00008380,NA,NA,NA,NA,86.75656107030699,NA,NA,NA,NA,NA,NA,1,NA,5.98589319,NA,NA,255.4427992019703,NA,NA,NA,NA,NA,NA,NA,169.19656121,NA,NA,NA,NA,NA,NA,NA,NA,13.00000000,NA,NA,0.004834187463153112,NA,NA
0.03511749,NA,23.58055184,roots,NA,0.04362767,NA,0.56757908,0.87378132,MS,0.00053247,671.4760342530022,0.01643569,8.92957790,0.05008998,43.21084386884046,0.00001414,1.64817074,NA,0.07008731,254.2772363833292,NA,1,NA,1.89682039,0.96818074,0.00075884,254.67772580893916,NA,0.00434351,0.17654235,0.00015421,0.18878516,0.06871335,NA,107.32370499,0.98821731,14.45285196,0.00017578,0.00154347,NA,0.00000000,NA,NA,13.00000000,0.00599965,NA,0.003066391571008111,0.00872553,NA
NA,NA,NA,phloem,NA,NA,NA,NA,NA,MS,0.00008280,NA,NA,NA,NA,85.616040069786,NA,NA,NA,NA,NA,NA,1,NA,5.91395937,NA,NA,253.50805765702344,NA,NA,NA,NA,NA,NA,NA,168.10715574,NA,NA,NA,NA,NA,NA,NA,NA,14.00000000,NA,NA,0.004803061592580216,NA,NA
0.03516283,NA,23.71299018,roots,NA,4.06950670,NA,0.55925007,0.86750454,MS,0.00053481,674.3765549688079,0.01619450,8.95932016,0.04965531,43.576236394453765,0.00001414,1.62398446,NA,0.06854876,254.7951742299336,NA,1,NA,1.91532990,0.96268287,0.00076188,248.73231216584975,NA,0.00438884,0.17266691,0.01485313,0.18649215,0.06840702,NA,104.95359306,0.98254313,14.48755598,0.00017601,0.14316403,NA,0.00000000,NA,NA,14.00000000,0.00603740,NA,0.0029986740873004926,0.81390134,NA
NA,NA,NA,phloem,NA,NA,NA,NA,NA,MS,0.00008167,NA,NA,NA,NA,84.35267123271598,NA,NA,NA,NA,NA,NA,1,NA,5.83331387,NA,NA,251.4157532043154,NA,NA,NA,NA,NA,NA,NA,166.90918006,NA,NA,NA,NA,NA,NA,NA,NA,15.00000000,NA,NA,0.004768833715940248,NA,NA
0.03520784,NA,23.84198716,roots,NA,7.70043702,NA,0.55513900,0.86406850,MS,0.00053715,677.1782723991663,0.01607545,8.98894340,0.04937901,44.02716154708396,0.00001476,1.61204649,NA,0.06730359,255.31081446147869,NA,1,NA,1.93762681,0.96057905,0.00079741,243.0890628887444,NA,0.00463171,0.16953044,0.02905557,0.18488734,0.06833518,NA,102.70370244,0.98025652,14.52592833,0.00017624,0.26912280,NA,0.00000000,NA,NA,15.00000000,0.00633244,NA,0.002934391498347167,1.54008740,NA
NA,NA,NA,phloem,NA,NA,NA,NA,NA,MS,0.00008045,NA,NA,NA,NA,83.0049813265806,NA,NA,NA,NA,NA,NA,1,NA,5.74666047,NA,NA,249.17610684150193,NA,NA,NA,NA,NA,NA,NA,165.61093588,NA,NA,NA,NA,NA,NA,NA,NA,16.00000000,NA,NA,0.004731741025039102,NA,NA
0.03525296,NA,23.96669264,roots,NA,10.94894083,NA,0.55646435,0.86434935,MS,0.00053946,679.8490282956485,0.01611383,9.01838249,0.04929298,44.52510606789942,0.00001898,1.61589512,NA,0.06640125,255.81913456950045,NA,1,NA,1.96205240,0.96296605,0.00102901,237.66542002160654,NA,0.00603252,0.16725755,0.04273364,0.18412900,0.06857196,NA,100.54092311,0.98239409,14.56646775,0.00017646,0.37992567,NA,0.00000000,NA,NA,16.00000000,0.00818755,NA,0.0028725978030345522,2.18978817,NA
NA,NA,NA,phloem,NA,NA,NA,NA,NA,MS,0.00007918,NA,NA,NA,NA,81.60209130385083,NA,NA,NA,NA,NA,NA,1,NA,5.65603507,NA,NA,246.79931434143094,NA,NA,NA,NA,NA,NA,NA,164.21997690,NA,NA,NA,NA,NA,NA,NA,NA,17.00000000,NA,NA,0.004691999339896559,NA,NA
0.03529846,NA,24.08917582,roots,NA,13.85937300,NA,0.56110920,0.86690561,MS,0.00054179,682.4427171062273,0.01624834,9.04792358,0.04933037,45.0861508925308,0.00001939,1.62938313,NA,0.06570848,256.3263102029413,NA,1,NA,1.98933952,0.96824696,0.00105470,232.4042063657072,NA,0.00624862,0.16551255,0.05601464,0.18389937,0.06900752,NA,98.44212236,0.98735986,14.61000322,0.00017669,0.47734205,NA,0.00000000,NA,NA,17.00000000,0.00840726,NA,0.0028126320675565765,2.77187460,NA
NA,NA,NA,phloem,NA,NA,NA,NA,NA,MS,0.00007786,NA,NA,NA,NA,80.1414571232866,NA,NA,NA,NA,NA,NA,1,NA,5.56126886,NA,NA,244.28450378180662,NA,NA,NA,NA,NA,NA,NA,162.73606421,NA,NA,NA,NA,NA,NA,NA,NA,18.00000000,NA,NA,0.004649601834625955,NA,NA
0.03534450,NA,24.20791951,roots,NA,16.53182908,NA,0.56783252,0.87089565,MS,0.00054408,684.9133618768788,0.01644303,9.07739269,0.04944567,45.67185808723297,0.00002393,1.64890672,NA,0.06515542,256.82618204156137,NA,1,NA,2.01781117,0.97561349,0.00130590,227.2680171577681,NA,0.00782211,0.16411945,0.06921337,0.18402886,0.06957931,NA,96.39208996,0.99424421,14.65491789,0.00017692,0.56495127,NA,0.00000000,NA,NA,18.00000000,0.01042697,NA,0.00275405971325657,3.30636582,NA
NA,NA,NA,phloem,NA,NA,NA,NA,NA,MS,0.00007649,NA,NA,NA,NA,78.6364997612186,NA,NA,NA,NA,NA,NA,1,NA,5.46327363,NA,NA,241.645115663,NA,NA,NA,NA,NA,NA,NA,161.16770921,NA,NA,NA,NA,NA,NA,NA,NA,19.00000000,NA,NA,0.004604791691592158,NA,NA
0.03539107,NA,24.32461812,roots,NA,18.95904952,NA,0.57432732,0.87467690,MS,0.00054637,687.309565404868,0.01663110,9.10699254,0.04956582,46.30234846634862,0.00002461,1.66776671,NA,0.06461122,257.3246187425496,NA,1,NA,2.04836183,0.98320699,0.00134730,222.24287491947916,NA,0.00816567,0.16274866,0.08229065,0.18417650,0.07015852,NA,94.38494678,1.00120177,14.70209965,0.00017715,0.64267511,NA,0.00000000,NA,NA,19.00000000,0.01077429,NA,0.0026967127650825338,3.79180990,NA
NA,NA,NA,phloem,NA,NA,NA,NA,NA,MS,0.00007506,NA,NA,NA,NA,77.08001482039712,NA,NA,NA,NA,NA,NA,1,NA,5.36154700,NA,NA,238.8787805336099,NA,NA,NA,NA,NA,NA,NA,159.51338615,NA,NA,NA,NA,NA,NA,NA,NA,20.00000000,NA,NA,0.004557525318434159,NA,NA
0.03543826,NA,24.43749813,roots,NA,21.21576324,NA,0.58206326,0.87932138,MS,0.00054862,689.5795105099568,0.01685511,9.13651102,0.04973474,46.93808394320506,0.00002972,1.69023080,NA,0.06415733,257.81488602157157,NA,1,NA,2.07925504,0.99236542,0.00163245,217.30469058932462,NA,0.01001070,0.16160536,0.09547149,0.18456581,0.07083474,NA,92.41080205,1.00950554,14.74984798,0.00017739,0.71310198,NA,0.00000000,NA,NA,20.00000000,0.01307287,NA,0.002640308630114438,4.24315265,NA
NA,NA,NA,phloem,NA,NA,NA,NA,NA,MS,0.00007404,NA,NA,NA,NA,75.93423411404534,NA,NA,NA,NA,NA,NA,1,NA,5.28829310,NA,NA,236.44044566815543,NA,NA,NA,NA,NA,NA,NA,158.07780709,NA,NA,NA,NA,NA,NA,NA,NA,21.00000000,NA,NA,0.004516508773942345,NA,NA
0.03548631,NA,24.54891937,roots,NA,23.52162110,NA,0.59263799,0.88607044,MS,0.00055088,691.7855935671075,0.01716133,9.16627705,0.05001515,47.61525539347161,0.00003019,1.72093834,NA,0.06387360,258.3045840892958,NA,1,NA,2.11211226,1.00450252,0.00166365,212.42777266557565,NA,0.01032959,0.16089067,0.10984008,0.18543282,0.07171311,NA,90.45933848,1.02063978,14.79986652,0.00017763,0.78688608,NA,0.00000000,NA,NA,21.00000000,0.01334000,NA,0.0025845525279151477,4.70432422,NA
NA,NA,NA,phloem,NA,NA,NA,NA,NA,MS,0.00007276,NA,NA,NA,NA,74.53087135204161,NA,NA,NA,NA,NA,NA,1,NA,5.19705045,NA,NA,235.41823580257156,NA,NA,NA,NA,NA,NA,NA,157.59123832,NA,NA,NA,NA,NA,NA,NA,NA,22.00000000,NA,NA,0.004502606809175609,NA,NA
0.03553550,NA,24.65016413,roots,NA,27.54897233,NA,0.60669284,0.89562086,MS,0.00055295,693.6770798096375,0.01756833,9.19524662,0.05042516,48.204593254185774,0.00005137,1.76175167,NA,0.06383940,258.76224552092594,NA,1,NA,2.14121810,1.02074796,0.00283963,207.69143314595374,NA,0.01781788,0.16080453,0.13320913,0.18695932,0.07285329,NA,88.56503518,1.03543176,14.84654069,0.00017787,0.90851116,NA,0.00000000,NA,NA,22.00000000,0.02279148,NA,0.002530429576686903,5.50979447,NA
NA,NA,NA,phloem,NA,NA,NA,NA,NA,MS,0.00007150,NA,NA,NA,NA,73.14219573819327,NA,NA,NA,NA,NA,NA,1,NA,5.10715714,NA,NA,234.57990597638457,NA,NA,NA,NA,NA,NA,NA,157.24370496,NA,NA,NA,NA,NA,NA,NA,NA,23.00000000,NA,NA,0.004492677284565657,NA,NA
0.03558601,NA,24.75099341,roots,NA,31.24349982,NA,0.62294788,0.90700493,MS,0.00055507,695.5259003071154,0.01803903,9.22466603,0.05094158,48.85855601139993,0.00005110,1.80895404,NA,0.06395173,259.2216820268536,NA,1,NA,2.17335148,1.03977603,0.00283401,203.05130588322015,NA,0.01799191,0.16108749,0.15662219,0.18890504,0.07418330,NA,86.70943582,1.05283823,14.89671311,0.00017813,1.01476535,NA,0.00000000,NA,NA,23.00000000,0.02276657,NA,0.0024774124518701776,6.24869996,NA
NA,NA,NA,phloem,NA,NA,NA,NA,NA,MS,0.00007024,NA,NA,NA,NA,71.7551485797591,NA,NA,NA,NA,NA,NA,1,NA,5.01728377,NA,NA,233.38756511173122,NA,NA,NA,NA,NA,NA,NA,156.66231625,NA,NA,NA,NA,NA,NA,NA,NA,24.00000000,NA,NA,0.004476066178550646,NA,NA
0.03563750,NA,24.85537070,roots,NA,34.56322337,NA,0.63501760,0.91525971,MS,0.00055732,697.4498879954706,0.01838854,9.25496930,0.05134747,49.643809468115535,0.00004104,1.84400283,NA,0.06385352,259.6974867457176,NA,1,NA,2.21147660,1.05573556,0.00228332,198.5254878461635,NA,0.01470176,0.16084010,0.18006190,0.19030466,0.07529773,NA,84.89942596,1.06711063,14.95322677,0.00017838,1.10692542,NA,0.00000000,NA,NA,24.00000000,0.01835966,NA,0.0024256978846619887,6.91264467,NA
NA,NA,NA,phloem,NA,NA,NA,NA,NA,MS,0.00006894,NA,NA,NA,NA,70.32188311538017,NA,NA,NA,NA,NA,NA,1,NA,4.92400442,NA,NA,233.10938938075893,NA,NA,NA,NA,NA,NA,NA,156.69637224,NA,NA,NA,NA,NA,NA,NA,NA,25.00000000,NA,NA,0.004477039206933289,NA,NA
0.03568957,NA,24.95201559,roots,NA,38.83868172,NA,0.64216993,0.91976481,MS,0.00055944,699.1403030221728,0.01859565,9.28467021,0.05159219,50.37782555289549,0.00005530,1.86477222,NA,0.06355206,260.1508131452535,NA,1,NA,2.24745356,1.06809789,0.00308687,194.22780305218785,NA,0.02013440,0.16008077,0.20987044,0.19109097,0.07613431,NA,83.18287729,1.07739246,15.00779937,0.00017864,1.22046119,NA,0.00000000,NA,NA,25.00000000,0.02483769,NA,0.00237665363673112,7.76773634,NA
NA,NA,NA,phloem,NA,NA,NA,NA,NA,MS,0.00006761,NA,NA,NA,NA,68.87274837552027,NA,NA,NA,NA,NA,NA,1,NA,4.82943666,NA,NA,233.67624746227852,NA,NA,NA,NA,NA,NA,NA,157.30222420,NA,NA,NA,NA,NA,NA,NA,NA,26.00000000,NA,NA,0.004494349262851666,NA,NA
0.03574228,NA,25.03799198,roots,NA,44.14487081,NA,0.65009647,0.92504980,MS,0.00056135,700.5147072994033,0.01882519,9.31339803,0.05187938,51.012225948707005,0.00007659,1.88778978,NA,0.06338025,260.5709077248411,NA,1,NA,2.27911650,1.08205269,0.00428828,190.21875142729073,NA,0.02827728,0.15964798,0.24663798,0.19214367,0.07705798,NA,81.58621979,1.08885541,15.05828751,0.00017891,1.35532004,NA,0.00000000,NA,NA,26.00000000,0.03451660,NA,0.0023310348510472943,8.82897416,NA
NA,NA,NA,phloem,NA,NA,NA,NA,NA,MS,0.00006636,NA,NA,NA,NA,67.4873744951829,NA,NA,NA,NA,NA,NA,1,NA,4.73990833,NA,NA,233.42166545910706,NA,NA,NA,NA,NA,NA,NA,157.38371982,NA,NA,NA,NA,NA,NA,NA,NA,27.00000000,NA,NA,0.00449667770906984,NA,NA
0.03579601,NA,25.13701224,roots,NA,47.99768243,NA,0.66264229,0.93410198,MS,0.00056363,702.2295124735775,0.01918848,9.34416804,0.05240126,51.9386447539421,0.00004636,1.92422109,NA,0.06346363,261.0393990439605,NA,1,NA,2.32399509,1.10041900,0.00260460,186.35440254304265,NA,0.01745547,0.15985802,0.27869552,0.19397185,0.07832896,NA,80.04892100,1.10515341,15.12235457,0.00017918,1.44554097,NA,0.00000000,NA,NA,27.00000000,0.02097817,NA,0.0022871120286595712,9.59953649,NA
NA,NA,NA,phloem,NA,NA,NA,NA,NA,MS,0.00006502,NA,NA,NA,NA,66.01867385378601,NA,NA,NA,NA,NA,NA,1,NA,4.64397502,NA,NA,231.42877496073305,NA,NA,NA,NA,NA,NA,NA,156.28297456,NA,NA,NA,NA,NA,NA,NA,NA,28.00000000,NA,NA,0.004465227844683407,NA,NA
0.03585039,NA,25.24341515,roots,NA,50.01768263,NA,0.67069959,0.93931689,MS,0.00056613,704.1322794472791,0.01942180,9.37620462,0.05278694,53.03216096354685,0.00002776,1.94761837,NA,0.06328817,261.5370499787872,NA,1,NA,2.37652941,1.11467097,0.00156465,182.55820891054532,NA,0.01068632,0.15941605,0.30270548,0.19514687,0.07932175,NA,78.53739062,1.11746316,15.19431070,0.00017945,1.48628390,NA,0.00000000,NA,NA,28.00000000,0.01261219,NA,0.002243925446179217,10.00353653,NA
NA,NA,NA,phloem,NA,NA,NA,NA,NA,MS,0.00006357,NA,NA,NA,NA,64.45538015343466,NA,NA,NA,NA,NA,NA,1,NA,4.54094255,NA,NA,228.08013568926046,NA,NA,NA,NA,NA,NA,NA,154.25723011,NA,NA,NA,NA,NA,NA,NA,NA,29.00000000,NA,NA,0.004407349431836454,NA,NA
0.03590505,NA,25.34980334,roots,NA,50.18326199,NA,0.67414424,0.94034446,MS,0.00056863,706.0233805793532,0.01952155,9.40850568,0.05299423,54.13405705140162,0.00002444,1.95762116,NA,0.06284699,262.03852151021584,NA,1,NA,2.42960739,1.12484577,0.00138238,178.75331492556927,NA,0.00961922,0.15830476,0.31661692,0.19560309,0.08001388,NA,77.01775614,1.12549770,15.26691023,0.00017972,1.47726826,NA,0.00000000,NA,NA,29.00000000,0.01115157,NA,0.00220050731820966,10.03665240,NA
NA,NA,NA,phloem,NA,NA,NA,NA,NA,MS,0.00006212,NA,NA,NA,NA,62.88347696522852,NA,NA,NA,NA,NA,NA,1,NA,4.43698588,NA,NA,224.15238278780154,NA,NA,NA,NA,NA,NA,NA,151.83297183,NA,NA,NA,NA,NA,NA,NA,NA,30.00000000,NA,NA,0.004338084909359442,NA,NA
0.03595961,NA,25.45409710,roots,NA,49.35569537,NA,0.67291251,0.93706559,MS,0.00057109,707.8524547784423,0.01948588,9.44072156,0.05300987,55.19865611947224,0.00002462,1.95404439,NA,0.06214328,262.53682884211264,NA,1,NA,2.48115257,1.13090422,0.00139756,174.92074070712752,NA,0.00989722,0.15653218,0.32447649,0.19530303,0.08039538,NA,75.48097611,1.12914815,15.33794130,0.00018000,1.44231204,NA,0.00000000,NA,NA,30.00000000,0.01128171,NA,0.0021565993173035137,9.87113907,NA
NA,NA,NA,phloem,NA,NA,NA,NA,NA,MS,0.00006070,NA,NA,NA,NA,61.354680904954606,NA,NA,NA,NA,NA,NA,1,NA,4.33574687,NA,NA,219.9624892845031,NA,NA,NA,NA,NA,NA,NA,149.22310634,NA,NA,NA,NA,NA,NA,NA,NA,31.00000000,NA,NA,0.004263517323903179,NA,NA
0.03601398,NA,25.54962112,roots,NA,47.98637082,NA,0.67060548,0.93248941,MS,0.00057331,709.4361636966289,0.01941908,9.47199074,0.05295448,56.09019554258485,0.00003917,1.94734510,NA,0.06139795,263.00870545017096,NA,1,NA,2.52503911,1.13686990,0.00223073,171.0348846635171,NA,0.01602397,0.15465478,0.32785282,0.19486462,0.08072986,NA,73.91576678,1.13213414,15.40124691,0.00018027,1.39426636,NA,0.00000000,NA,NA,31.00000000,0.01801541,NA,0.0021118790508146737,9.59727416,NA
NA,NA,NA,phloem,NA,NA,NA,NA,NA,MS,0.00005931,NA,NA,NA,NA,59.85637452186798,NA,NA,NA,NA,NA,NA,1,NA,4.23625211,NA,NA,215.68042829979584,NA,NA,NA,NA,NA,NA,NA,146.53904622,NA,NA,NA,NA,NA,NA,NA,NA,32.00000000,NA,NA,0.004186829891953519,NA,NA
0.03606736,NA,25.63710218,roots,NA,46.98446981,NA,0.65839164,0.91915339,MS,0.00057533,710.8116219487296,0.01906540,9.50220289,0.05248432,56.84766641042011,0.00005001,1.91187782,NA,0.06013446,263.4570865958242,NA,1,NA,2.56293191,1.13311896,0.00285673,167.21974596039902,NA,0.02076246,0.15147219,0.33276541,0.19277148,0.08034608,NA,72.37410726,1.12508438,15.45820511,0.00018053,1.35825955,NA,0.00000000,NA,NA,32.00000000,0.02307640,NA,0.0020678316360010223,9.39689396,NA
NA,NA,NA,phloem,NA,NA,NA,NA,NA,MS,0.00005804,NA,NA,NA,NA,58.49319508710882,NA,NA,NA,NA,NA,NA,1,NA,4.14600683,NA,NA,211.40472375997106,NA,NA,NA,NA,NA,NA,NA,143.85023939,NA,NA,NA,NA,NA,NA,NA,NA,33.00000000,NA,NA,0.004110006839832306,NA,NA
0.03612037,NA,25.71859114,roots,NA,45.03296904,NA,0.65374258,0.91177040,MS,0.00057719,712.0245542089631,0.01893077,9.53172623,0.05229485,57.482333776337846,0.00005811,1.89837757,NA,0.05930613,263.8878265475078,NA,1,NA,2.59535404,1.13816826,0.00333015,163.33492875580075,NA,0.02443343,0.14938572,0.33017537,0.19198013,0.08055230,NA,70.79661890,1.12631675,15.50955800,0.00018080,1.29792622,NA,0.00000000,NA,NA,33.00000000,0.02690249,NA,0.0020227605399884205,9.00659381,NA
NA,NA,NA,phloem,NA,NA,NA,NA,NA,MS,0.00005686,NA,NA,NA,NA,57.21591853063998,NA,NA,NA,NA,NA,NA,1,NA,4.06145644,NA,NA,207.18074621732984,NA,NA,NA,NA,NA,NA,NA,141.18402259,NA,NA,NA,NA,NA,NA,NA,NA,34.00000000,NA,NA,0.0040338292167437124,NA,NA
0.03617208,NA,25.79022933,roots,NA,43.61830729,NA,0.63768502,0.89428236,MS,0.00057880,712.9872732189389,0.01846578,9.55984801,0.05162059,57.94899063678371,0.00007222,1.85174865,NA,0.05788781,264.28807112695273,NA,1,NA,2.62016907,1.13164787,0.00415103,159.53029896171896,NA,0.03065705,0.14581313,0.33008840,0.18927175,0.07990700,NA,69.24650384,1.11569682,15.55283882,0.00018106,1.25477269,NA,0.00000000,NA,NA,34.00000000,0.03352847,NA,0.0019784715382337,8.72366146,NA
NA,NA,NA,phloem,NA,NA,NA,NA,NA,MS,0.00005576,NA,NA,NA,NA,56.03321119925516,NA,NA,NA,NA,NA,NA,1,NA,3.98318531,NA,NA,203.0384477660951,NA,NA,NA,NA,NA,NA,NA,138.55892869,NA,NA,NA,NA,NA,NA,NA,NA,35.00000000,NA,NA,0.00395882653391663,NA,NA
0.03622190,NA,25.86237109,roots,NA,42.29739344,NA,0.61445432,0.87044192,MS,0.00058044,713.9982719009639,0.01779308,9.58768882,0.05066463,58.47170298293327,0.00006265,1.78428993,NA,0.05610882,264.6931800598042,NA,1,NA,2.64744492,1.11702352,0.00361121,155.88293280527446,NA,0.02686966,0.14133204,0.33053659,0.18532538,0.07869833,NA,67.75650441,1.09730946,15.59790775,0.00018131,1.21593287,NA,0.00000000,NA,NA,35.00000000,0.02916494,NA,0.0019359001260535814,8.45947869,NA
NA,NA,NA,phloem,NA,NA,NA,NA,NA,MS,0.00005472,NA,NA,NA,NA,54.9007510106567,NA,NA,NA,NA,NA,NA,1,NA,3.90824519,NA,NA,198.9301516645642,NA,NA,NA,NA,NA,NA,NA,135.94879519,NA,NA,NA,NA,NA,NA,NA,NA,36.00000000,NA,NA,0.0038842512912631625,NA,NA
0.03627133,NA,25.94109199,roots,NA,41.04267514,NA,0.60967285,0.86195696,MS,0.00058227,715.1955224981751,0.01765462,9.61632509,0.05048731,59.14075791905426,0.00004401,1.77040521,NA,0.05534773,265.1219404677229,NA,1,NA,2.68139235,1.12284744,0.00254458,152.21103825212035,NA,0.01911894,0.13941493,0.33222718,0.18460609,0.07893753,NA,66.25075948,1.09914474,15.64950980,0.00018155,1.17989157,NA,0.00000000,NA,NA,36.00000000,0.02055177,NA,0.001892878842340229,8.20853503,NA
NA,NA,NA,phloem,NA,NA,NA,NA,NA,MS,0.00005368,NA,NA,NA,NA,53.78859764197348,NA,NA,NA,NA,NA,NA,1,NA,3.83453878,NA,NA,194.85067968789178,NA,NA,NA,NA,NA,NA,NA,133.35093656,NA,NA,NA,NA,NA,NA,NA,NA,37.00000000,NA,NA,0.003810026758997499,NA,NA
0.03632054,NA,26.00201740,roots,NA,39.86967270,NA,0.60698272,0.85475777,MS,0.00058362,715.9038596763631,0.01757672,9.64275912,0.05035259,59.45581497028853,0.00007829,1.76259345,NA,0.05475039,265.49049500881966,NA,1,NA,2.69933440,1.13275292,0.00453849,148.49830225038718,NA,0.03423443,0.13791031,0.33256327,0.18438100,0.07939204,NA,64.72246886,1.10397553,15.68502857,0.00018180,1.14646218,NA,0.00000000,NA,NA,37.00000000,0.03664131,NA,0.0018492133959472526,7.97393454,NA
NA,NA,NA,phloem,NA,NA,NA,NA,NA,MS,0.00005278,NA,NA,NA,NA,52.80500670381242,NA,NA,NA,NA,NA,NA,1,NA,3.76967847,NA,NA,190.87115289433655,NA,NA,NA,NA,NA,NA,NA,130.80993709,NA,NA,NA,NA,NA,NA,NA,NA,38.00000000,NA,NA,0.0037374267739280205,NA,NA
0.03636841,NA,26.04707160,roots,NA,38.43472815,NA,0.59031357,0.83506713,MS,0.00058456,716.2005103607464,0.01709402,9.66691681,0.04959473,59.48321723433944,0.00010560,1.71418857,NA,0.05343410,265.8053411842995,NA,1,NA,2.70413731,1.12761031,0.00613696,144.86661448199888,NA,0.04625837,0.13459470,0.32878252,0.18169994,0.07874026,NA,63.22281583,1.09347121,15.70692550,0.00018204,1.10761132,NA,0.00000000,NA,NA,38.00000000,0.04950830,NA,0.0018063661666828622,7.68694563,NA
NA,NA,NA,phloem,NA,NA,NA,NA,NA,MS,0.00005204,NA,NA,NA,NA,51.997192634445966,NA,NA,NA,NA,NA,NA,1,NA,3.71691886,NA,NA,187.21041944777028,NA,NA,NA,NA,NA,NA,NA,128.47080144,NA,NA,NA,NA,NA,NA,NA,NA,39.00000000,NA,NA,0.0036705943269785286,NA,NA
0.03641341,NA,26.10250256,roots,NA,36.75753421,NA,0.55498893,0.79945097,MS,0.00058580,716.837709149119,0.01607111,9.69168077,0.04809706,59.789247676956506,0.00007334,1.61161071,NA,0.05112205,266.1569413043201,NA,1,NA,2.72141269,1.09947618,0.00427297,141.48476121278125,NA,0.03233116,0.12877090,0.32360748,0.17565348,0.07653628,NA,61.82330469,1.06155098,15.74027199,0.00018226,1.06346945,NA,0.00000000,NA,NA,39.00000000,0.03445613,NA,0.0017663801340128435,7.35150684,NA
NA,NA,NA,phloem,NA,NA,NA,NA,NA,MS,0.00005125,NA,NA,NA,NA,51.14540369278505,NA,NA,NA,NA,NA,NA,1,NA,3.66070748,NA,NA,183.4608685585267,NA,NA,NA,NA,NA,NA,NA,126.05877839,NA,NA,NA,NA,NA,NA,NA,NA,40.00000000,NA,NA,0.003601679382469192,NA,NA
0.03645663,NA,26.14841529,roots,NA,36.26937366,NA,0.53310136,0.77546021,MS,0.00058681,717.2471770500456,0.01543730,9.71481971,0.04715649,59.956683019519524,0.00008654,1.54805226,NA,0.04961269,266.47607278019984,NA,1,NA,2.73227330,1.08681385,0.00505446,138.29617738779342,NA,0.03830541,0.12496900,0.32758668,0.17209111,0.07540058,NA,60.50175161,1.04455902,15.76656989,0.00018248,1.05325126,NA,0.00000000,NA,NA,40.00000000,0.04073229,NA,0.0017286214745750115,7.25387473,NA
NA,NA,NA,phloem,NA,NA,NA,NA,NA,MS,0.00005057,NA,NA,NA,NA,50.406051090643814,NA,NA,NA,NA,NA,NA,1,NA,3.61235905,NA,NA,179.81447656082082,NA,NA,NA,NA,NA,NA,NA,123.70980486,NA,NA,NA,NA,NA,NA,NA,NA,41.00000000,NA,NA,0.003534565853060295,NA,NA
0.03649913,NA,26.19382777,roots,NA,34.61004661,NA,0.52417100,0.76157887,MS,0.00058781,717.6562065895083,0.01517870,9.73766904,0.04674475,60.13059204871942,0.00008319,1.52211972,NA,0.04879105,266.79180622137966,NA,1,NA,2.74339293,1.08930079,0.00487029,135.09299369783113,NA,0.03697293,0.12289937,0.32093982,0.17076289,0.07530493,NA,59.16932220,1.04201914,15.79286822,0.00018269,1.01062252,NA,0.00000000,NA,NA,41.00000000,0.03922404,NA,0.0016905520627755976,6.92200932,NA
NA,NA,NA,phloem,NA,NA,NA,NA,NA,MS,0.00004998,NA,NA,NA,NA,49.75777644820408,NA,NA,NA,NA,NA,NA,1,NA,3.57033341,NA,NA,176.26981306340505,NA,NA,NA,NA,NA,NA,NA,121.42188932,NA,NA,NA,NA,NA,NA,NA,NA,42.00000000,NA,NA,0.0034691968378190753,NA,NA
0.03654052,NA,26.25098670,roots,NA,32.99232008,NA,0.51041917,0.74330826,MS,0.00058915,718.4076598041406,0.01478048,9.76164691,0.04616834,60.57187417790728,0.00005295,1.48218631,NA,0.04770610,267.1458406753902,NA,1,NA,2.76665943,1.08584379,0.00310743,131.9252230545985,NA,0.02373173,0.12016649,0.31558387,0.16858788,0.07482439,NA,57.84738893,1.03419716,15.83091520,0.00018290,0.97011818,NA,0.00000000,NA,NA,42.00000000,0.02501940,NA,0.001652782540994163,6.59846402,NA
NA,NA,NA,phloem,NA,NA,NA,NA,NA,MS,0.00004941,NA,NA,NA,NA,49.129945420158535,NA,NA,NA,NA,NA,NA,1,NA,3.52956475,NA,NA,172.83915473507633,NA,NA,NA,NA,NA,NA,NA,119.20328907,NA,NA,NA,NA,NA,NA,NA,NA,43.00000000,NA,NA,0.0034058082592588503,NA,NA
0.03658061,NA,26.30245452,roots,NA,31.57753760,NA,0.49443475,0.72289965,MS,0.00059034,719.0273149674688,0.01431761,9.78452435,0.04548720,60.92629223480887,0.00005935,1.43576978,NA,0.04653279,267.4784691933982,NA,1,NA,2.78590082,1.07990701,0.00349096,128.82768619606847,NA,0.02678347,0.11721107,0.31112332,0.16607976,0.07415599,NA,56.55113713,1.02383547,15.86447420,0.00018310,0.93499906,NA,0.00000000,NA,NA,43.00000000,0.02809668,NA,0.0016157467752621617,6.31550752,NA
NA,NA,NA,phloem,NA,NA,NA,NA,NA,MS,0.00004889,NA,NA,NA,NA,48.55495671322332,NA,NA,NA,NA,NA,NA,1,NA,3.49231248,NA,NA,169.54630887529746,NA,NA,NA,NA,NA,NA,NA,117.06824222,NA,NA,NA,NA,NA,NA,NA,NA,44.00000000,NA,NA,0.0033448069204620972,NA,NA
0.03661865,NA,26.35145625,roots,NA,30.30107211,NA,0.46924450,0.69497446,MS,0.00059148,719.618407286236,0.01358816,9.80651496,0.04441354,61.27702283111064,0.00005739,1.36262080,NA,0.04490572,267.8010888872431,NA,1,NA,2.80485249,1.06199723,0.00338348,125.89997030272549,NA,0.02607687,0.11311264,0.30724780,0.16190196,0.07267362,NA,55.32344686,1.00232651,15.89701403,0.00018329,0.90392416,NA,0.00000000,NA,NA,44.00000000,0.02722122,NA,0.0015806699103832482,6.06021442,NA
NA,NA,NA,phloem,NA,NA,NA,NA,NA,MS,0.00005051,NA,NA,NA,NA,50.10539782733282,NA,NA,NA,NA,NA,NA,1,NA,3.60774772,NA,NA,171.74577797499924,NA,NA,NA,NA,NA,NA,NA,118.71591628,NA,NA,NA,NA,NA,NA,NA,NA,45.00000000,NA,NA,0.0033918833221693342,NA,NA
0.03665393,NA,26.28110466,roots,NA,34.44215619,NA,0.43505865,0.66216390,MS,0.00058947,717.0065138703177,0.01259822,9.81285919,0.04274228,59.3473616553074,0.00030207,1.26334986,NA,0.04314478,267.71644689058473,NA,1,NA,2.71914235,1.03603436,0.01782089,123.5904674979281,NA,0.13306436,0.10867704,0.34456054,0.15648351,0.07039897,NA,54.36091218,0.97001977,15.82390212,0.00018347,1.04668872,NA,0.00000000,NA,NA,45.00000000,0.14289956,NA,0.0015531689195433104,6.88843124,NA
NA,NA,NA,phloem,NA,NA,NA,NA,NA,MS,0.00005162,NA,NA,NA,NA,51.158165484366826,NA,NA,NA,NA,NA,NA,1,NA,3.68743551,NA,NA,182.73618932639658,NA,NA,NA,NA,NA,NA,NA,126.44605047,NA,NA,NA,NA,NA,NA,NA,NA,46.00000000,NA,NA,0.003612744299244955,NA,NA
0.03668784,NA,26.05456856,roots,NA,47.07369036,NA,0.41819736,0.64723869,MS,0.00058355,710.1691444481959,0.01210996,9.79907084,0.04159669,54.74816994637693,0.00063356,1.21438701,NA,0.04272770,267.09318721670223,NA,1,NA,2.51073980,1.03500431,0.03732425,122.29258724479077,NA,0.25769379,0.10762645,0.43904242,0.15439016,0.06954328,NA,53.83980349,0.95734378,15.62760952,0.00018364,1.37276884,NA,0.00000000,NA,NA,46.00000000,0.29712803,NA,0.0015382800997551912,9.41473807,NA
NA,NA,NA,phloem,NA,NA,NA,NA,NA,MS,0.00005403,NA,NA,NA,NA,53.485972930623184,NA,NA,NA,NA,NA,NA,1,NA,3.85940094,NA,NA,197.9361306519244,NA,NA,NA,NA,NA,NA,NA,137.11226580,NA,NA,NA,NA,NA,NA,NA,NA,47.00000000,NA,NA,0.003917493308513568,NA,NA
0.03672247,NA,25.81919131,roots,NA,64.96095503,NA,0.42718557,0.65686917,MS,0.00057781,703.0896880593459,0.01237024,9.78392773,0.04167686,50.621114364537156,0.00066223,1.24048752,NA,0.04385883,266.42889834794795,NA,1,NA,2.32366556,1.06378075,0.03895306,122.10118583859906,NA,0.24928608,0.11047565,0.56107767,0.15679166,0.07078479,NA,53.80628839,0.97351549,15.45290553,0.00018381,1.82850433,NA,0.00000000,NA,NA,47.00000000,0.30776875,NA,0.0015373225254639322,12.99219101,NA
NA,NA,NA,phloem,NA,NA,NA,NA,NA,MS,0.00005694,NA,NA,NA,NA,56.30520868181817,NA,NA,NA,NA,NA,NA,1,NA,4.06744843,NA,NA,219.06869590708635,NA,NA,NA,NA,NA,NA,NA,151.92352869,NA,NA,NA,NA,NA,NA,NA,NA,48.00000000,NA,NA,0.0043406722481922535,NA,NA
0.03675871,NA,25.37637564,roots,NA,94.06595055,NA,0.44696865,0.68214512,MS,0.00056755,690.3499563553346,0.01294311,9.74217206,0.04204749,43.97930465890422,0.00113053,1.29793483,NA,0.04628050,265.03028444877145,NA,1,NA,2.02077828,1.11084041,0.06621492,123.65679825698253,NA,0.37009634,0.11657558,0.69698202,0.16200086,0.07286883,NA,54.54557650,1.00118961,15.16296135,0.00018399,2.51842757,NA,0.00000000,NA,NA,48.00000000,0.51639641,NA,0.0015584450428619708,18.81319011,NA
NA,NA,NA,phloem,NA,NA,NA,NA,NA,MS,0.00006166,NA,NA,NA,NA,60.89903319849883,NA,NA,NA,NA,NA,NA,1,NA,4.40459631,NA,NA,239.5196389841584,NA,NA,NA,NA,NA,NA,NA,166.30605977,NA,NA,NA,NA,NA,NA,NA,NA,49.00000000,NA,NA,0.0047516017076272305,NA,NA
0.03679723,NA,25.00417421,roots,NA,123.06702979,NA,0.47502763,0.71839631,MS,0.00055978,679.5124341223172,0.01375563,9.70917504,0.04304768,39.66596989831949,0.00100587,1.37941420,NA,0.04928649,263.8561509524031,NA,1,NA,1.82449719,1.15825859,0.05871402,126.87156389386801,NA,0.29730262,0.12414734,0.80159365,0.16815063,0.07529195,NA,56.02226290,1.03339951,14.98043589,0.00018418,3.25941572,NA,0.00000000,NA,NA,49.00000000,0.45271568,NA,0.0016006360828659805,24.61340596,NA
NA,NA,NA,phloem,NA,NA,NA,NA,NA,MS,0.00006648,NA,NA,NA,NA,65.57275350279147,NA,NA,NA,NA,NA,NA,1,NA,4.74853725,NA,NA,254.88970702107494,NA,NA,NA,NA,NA,NA,NA,177.19846687,NA,NA,NA,NA,NA,NA,NA,NA,50.00000000,NA,NA,0.00506281333904466,NA,NA
0.03683752,NA,24.77353792,roots,NA,143.39734479,NA,0.49694077,0.74888854,MS,0.00055574,672.5082835667605,0.01439018,9.69448983,0.04400354,38.050210074616,0.00071363,1.44304692,NA,0.05169321,263.1688997461121,NA,1,NA,1.75209426,1.18168277,0.04159255,131.22942756669775,NA,0.20255551,0.13020960,0.86621499,0.17247925,0.07661142,NA,58.01000129,1.05035947,14.92242313,0.00018438,3.84273999,NA,0.00000000,NA,NA,50.00000000,0.31822340,NA,0.0016574286082614317,28.67946896,NA
NA,NA,NA,phloem,NA,NA,NA,NA,NA,MS,0.00007013,NA,NA,NA,NA,69.09102042636793,NA,NA,NA,NA,NA,NA,1,NA,5.00963317,NA,NA,265.21791887527263,NA,NA,NA,NA,NA,NA,NA,184.61135699,NA,NA,NA,NA,NA,NA,NA,NA,51.00000000,NA,NA,0.005274610199680254,NA,NA
0.03687892,NA,24.62264272,roots,NA,154.15038916,NA,0.51065068,0.76953688,MS,0.00055369,667.6616182543916,0.01478718,9.69025380,0.04466899,37.78457875592074,0.00054867,1.48285861,NA,0.05338565,262.7585759431404,NA,1,NA,1.74181831,1.18419502,0.03196421,136.17423612642708,NA,0.15482022,0.13447268,0.89109299,0.17485726,0.07681612,NA,60.26351323,1.05198349,14.92693436,0.00018459,4.18304115,NA,0.00000000,NA,NA,51.00000000,0.24317391,NA,0.001721814663603083,30.83007783,NA
NA,NA,NA,phloem,NA,NA,NA,NA,NA,MS,0.00007248,NA,NA,NA,NA,71.30635774662242,NA,NA,NA,NA,NA,NA,1,NA,5.17684370,NA,NA,264.8145849943511,NA,NA,NA,NA,NA,NA,NA,184.56524911,NA,NA,NA,NA,NA,NA,NA,NA,52.00000000,NA,NA,0.005273292831757302,NA,NA
0.03692131,NA,24.65008965,roots,NA,146.28349530,NA,0.52279874,0.78309074,MS,0.00055566,667.6384706668581,0.01513896,9.70959608,0.04541016,39.86806085494285,0.00015385,1.51813488,NA,0.05436466,262.9807830128562,NA,1,NA,1.83997649,1.17593425,0.00898100,140.48157753990924,NA,0.04585976,0.13693868,0.86488791,0.17612658,0.07669383,NA,62.24117331,1.04910290,15.04023151,0.00018480,4.10308438,NA,0.00000000,NA,NA,52.00000000,0.06826460,NA,0.0017783192372922126,29.25669906,NA
NA,NA,NA,phloem,NA,NA,NA,NA,NA,MS,0.00007280,NA,NA,NA,NA,71.53514306732315,NA,NA,NA,NA,NA,NA,1,NA,5.19989180,NA,NA,260.6752744099462,NA,NA,NA,NA,NA,NA,NA,181.90554144,NA,NA,NA,NA,NA,NA,NA,NA,53.00000000,NA,NA,0.0051973011840440115,NA,NA
0.03696313,NA,24.70468310,roots,NA,131.41740302,NA,0.51569497,0.77770092,MS,0.00055809,668.3602013086594,0.01493325,9.73240494,0.04535163,42.06289811331975,0.00009334,1.49750653,NA,0.05403626,263.3003669394221,NA,1,NA,1.94347031,1.14662628,0.00546120,143.8729827254171,NA,0.02938612,0.13611148,0.80044517,0.17418913,0.07515556,NA,63.81594425,1.02689774,15.15865858,0.00018501,3.75665453,NA,0.00000000,NA,NA,53.00000000,0.04150506,NA,0.0018233126929032848,26.28348060,NA
NA,NA,NA,phloem,NA,NA,NA,NA,NA,MS,0.00007226,NA,NA,NA,NA,70.9204650121972,NA,NA,NA,NA,NA,NA,1,NA,5.16116869,NA,NA,255.6713452057433,NA,NA,NA,NA,NA,NA,NA,178.61987007,NA,NA,NA,NA,NA,NA,NA,NA,54.00000000,NA,NA,0.005103424859090072,NA,NA
0.03700358,NA,24.76749971,roots,NA,117.97181869,NA,0.49887824,0.76444649,MS,0.00056053,669.3271811686313,0.01444628,9.75604273,0.04494729,44.12715091489353,0.00007282,1.44867307,NA,0.05316371,263.6513436937956,NA,1,NA,2.04107802,1.11165951,0.00427100,146.53707171542575,NA,0.02407751,0.13391363,0.74010854,0.17095844,0.07317726,NA,65.06874934,0.99877407,15.27071257,0.00018521,3.40876106,NA,0.00000000,NA,NA,54.00000000,0.03246322,NA,0.0018591071240382905,23.59436374,NA
NA,NA,NA,phloem,NA,NA,NA,NA,NA,MS,0.00007133,NA,NA,NA,NA,69.92959288450795,NA,NA,NA,NA,NA,NA,1,NA,5.09493901,NA,NA,250.39192667878677,NA,NA,NA,NA,NA,NA,NA,175.13362822,NA,NA,NA,NA,NA,NA,NA,NA,55.00000000,NA,NA,0.00500381794906096,NA,NA
0.03704325,NA,24.84327044,roots,NA,105.95472410,NA,0.48932277,0.75706631,MS,0.00056314,670.6557710785885,0.01416958,9.78125464,0.04485138,46.162493282445446,0.00004272,1.42092531,NA,0.05267138,264.04956989290235,NA,1,NA,2.13751106,1.08974452,0.00251221,148.49742625918054,NA,0.01479335,0.13267351,0.68619795,0.16921349,0.07201324,NA,66.00993020,0.98183403,15.38131519,0.00018541,3.08240549,NA,0.00000000,NA,NA,55.00000000,0.01910401,NA,0.0018859980057577264,21.19094482,NA
NA,NA,NA,phloem,NA,NA,NA,NA,NA,MS,0.00007012,NA,NA,NA,NA,68.67042373306681,NA,NA,NA,NA,NA,NA,1,NA,5.00880771,NA,NA,245.15602831631503,NA,NA,NA,NA,NA,NA,NA,171.66368921,NA,NA,NA,NA,NA,NA,NA,NA,56.00000000,NA,NA,0.004904676834443881,NA,NA
0.03708198,NA,24.91592177,roots,NA,97.83076111,NA,0.47761280,0.74842740,MS,0.00056557,671.9146022009496,0.01383049,9.80590299,0.04467940,47.983012704853294,0.00004794,1.38692117,NA,0.05209029,264.43851722324615,NA,1,NA,2.22413121,1.06892361,0.00282611,150.03407977461399,NA,0.01727260,0.13120979,0.65182616,0.16734923,0.07086944,NA,66.76272340,0.96523024,15.48176583,0.00018561,2.85450856,NA,0.00000000,NA,NA,56.00000000,0.02149967,NA,0.0019075063829306817,19.56615222,NA
NA,NA,NA,phloem,NA,NA,NA,NA,NA,MS,0.00006881,NA,NA,NA,NA,67.31336565178593,NA,NA,NA,NA,NA,NA,1,NA,4.91523441,NA,NA,240.0709204365114,NA,NA,NA,NA,NA,NA,NA,168.28822106,NA,NA,NA,NA,NA,NA,NA,NA,57.00000000,NA,NA,0.004808234887398959,NA,NA
0.03712022,NA,24.98623044,roots,NA,89.76361136,NA,0.47167718,0.74385323,MS,0.00056782,673.1164242360692,0.01365861,9.83017944,0.04468904,49.594778408195104,0.00005233,1.36968498,NA,0.05178211,264.8200677076859,NA,1,NA,2.30121142,1.05666816,0.00309248,151.0944424765994,NA,0.01950735,0.13043354,0.61382779,0.16645507,0.07024431,NA,67.30390919,0.95573039,15.57250464,0.00018580,2.62174731,NA,0.00000000,NA,NA,57.00000000,0.02353423,NA,0.0019229688339920342,17.95272227,NA
NA,NA,NA,phloem,NA,NA,NA,NA,NA,MS,0.00006748,NA,NA,NA,NA,65.93967307391007,NA,NA,NA,NA,NA,NA,1,NA,4.82017544,NA,NA,235.18156971622767,NA,NA,NA,NA,NA,NA,NA,165.04051651,NA,NA,NA,NA,NA,NA,NA,NA,58.00000000,NA,NA,0.004715443328824606,NA,NA
0.03715819,NA,25.05623336,roots,NA,82.41317846,NA,0.46828904,0.74083132,MS,0.00056997,674.3125296083232,0.01356049,9.85439173,0.04476262,51.046837175545924,0.00005236,1.35984629,NA,0.05156536,265.2010667615659,NA,1,NA,2.37101012,1.04889971,0.00310211,151.70165807119423,NA,0.02011205,0.12988755,0.57774200,0.16596914,0.06987950,NA,67.64350913,0.94979533,15.65586383,0.00018599,2.40696035,NA,0.00000000,NA,NA,58.00000000,0.02361545,NA,0.0019326716895028263,16.48263569,NA
NA,NA,NA,phloem,NA,NA,NA,NA,NA,MS,0.00006623,NA,NA,NA,NA,64.64579642112449,NA,NA,NA,NA,NA,NA,1,NA,4.73065318,NA,NA,230.58419128557466,NA,NA,NA,NA,NA,NA,NA,161.98752924,NA,NA,NA,NA,NA,NA,NA,NA,59.00000000,NA,NA,0.004628215121053349,NA,NA
0.03719616,NA,25.13223662,roots,NA,74.90144810,NA,0.46825975,0.73972165,MS,0.00057217,675.6675520240876,0.01355965,9.87942141,0.04493330,52.45469497405501,0.00003867,1.35976123,NA,0.05144980,265.60327987461244,NA,1,NA,2.43889136,1.04594163,0.00229678,151.81271155393628,NA,0.01527833,0.12959648,0.53916936,0.16596178,0.06981121,NA,67.76219418,0.94789859,15.73730472,0.00018618,2.18740773,NA,0.00000000,NA,NA,59.00000000,0.01749331,NA,0.0019360626908863662,14.98028962,NA
NA,NA,NA,phloem,NA,NA,NA,NA,NA,MS,0.00006502,NA,NA,NA,NA,63.398928331642146,NA,NA,NA,NA,NA,NA,1,NA,4.64444583,NA,NA,226.1476447172872,NA,NA,NA,NA,NA,NA,NA,159.04326648,NA,NA,NA,NA,NA,NA,NA,NA,60.00000000,NA,NA,0.004544093327904886,NA,NA
0.03723411,NA,25.21214400,roots,NA,68.57858723,NA,0.46811241,0.73814874,MS,0.00057440,677.1248816429978,0.01355538,9.90499586,0.04508161,53.810995467688414,0.00002925,1.35933339,NA,0.05127717,266.01938921836404,NA,1,NA,2.50450582,1.04409386,0.00174173,151.50833896660154,NA,0.01186712,0.12916164,0.50743660,0.16592829,0.06979517,NA,67.69534239,0.94671475,15.81647456,0.00018637,2.00265966,NA,0.00000000,NA,NA,60.00000000,0.01327365,NA,0.0019341526397508206,13.71571745,NA
NA,NA,NA,phloem,NA,NA,NA,NA,NA,MS,0.00006385,NA,NA,NA,NA,62.190867222603494,NA,NA,NA,NA,NA,NA,1,NA,4.56083867,NA,NA,221.91393836319725,NA,NA,NA,NA,NA,NA,NA,156.23340988,NA,NA,NA,NA,NA,NA,NA,NA,61.00000000,NA,NA,0.004463811710905091,NA,NA
0.03727168,NA,25.29303882,roots,NA,63.43069194,NA,0.46336681,0.73292721,MS,0.00057659,678.6127417169093,0.01341796,9.93066482,0.04504315,55.095670955204206,0.00002508,1.34555281,NA,0.05083734,266.4399375395118,NA,1,NA,2.56688546,1.03838744,0.00149744,150.911587373069,NA,0.01042977,0.12805375,0.48245088,0.16516736,0.06950170,NA,67.49674569,0.94178391,15.89227216,0.00018656,1.85169839,NA,0.00000000,NA,NA,61.00000000,0.01141896,NA,0.0019284784482944846,12.68613839,NA
NA,NA,NA,phloem,NA,NA,NA,NA,NA,MS,0.00006272,NA,NA,NA,NA,61.02196293823247,NA,NA,NA,NA,NA,NA,1,NA,4.47983742,NA,NA,217.8690196262313,NA,NA,NA,NA,NA,NA,NA,153.54751462,NA,NA,NA,NA,NA,NA,NA,NA,62.00000000,NA,NA,0.00438707184625345,NA,NA
0.03730860,NA,25.37279625,roots,NA,59.05936952,NA,0.45525353,0.72504737,MS,0.00057871,680.0791109034599,0.01318302,9.95609830,0.04486143,56.291143264019354,0.00002475,1.32199296,NA,0.05020822,266.85803221812364,NA,1,NA,2.62517935,1.02990552,0.00148144,150.10677725858116,NA,0.01052571,0.12646906,0.46141036,0.16387270,0.06900392,NA,67.20327587,0.93411355,15.96374906,0.00018674,1.72309121,NA,0.00000000,NA,NA,62.00000000,0.01130363,NA,0.0019200935961914212,11.81187390,NA
NA,NA,NA,phloem,NA,NA,NA,NA,NA,MS,0.00006162,NA,NA,NA,NA,59.892781629649804,NA,NA,NA,NA,NA,NA,1,NA,4.40148076,NA,NA,213.99602473321926,NA,NA,NA,NA,NA,NA,NA,150.97368768,NA,NA,NA,NA,NA,NA,NA,NA,63.00000000,NA,NA,0.004313533933590107,NA,NA
0.03734470,NA,25.45272606,roots,NA,55.31867145,NA,0.44532533,0.71573107,MS,0.00058080,681.5618883901667,0.01289552,9.98143903,0.04460105,57.44089279150705,0.00002108,1.29316287,NA,0.04947612,267.2785782016002,NA,1,NA,2.68139133,1.02004817,0.00126498,149.15333047332328,NA,0.00915684,0.12462500,0.44383212,0.16228772,0.06840280,NA,66.84104132,0.92508081,16.03285656,0.00018692,1.61275830,NA,0.00000000,NA,NA,63.00000000,0.00965778,NA,0.0019097440376888216,11.06373429,NA
NA,NA,NA,phloem,NA,NA,NA,NA,NA,MS,0.00006055,NA,NA,NA,NA,58.792567433901155,NA,NA,NA,NA,NA,NA,1,NA,4.32500609,NA,NA,210.2698021704085,NA,NA,NA,NA,NA,NA,NA,148.49520709,NA,NA,NA,NA,NA,NA,NA,NA,64.00000000,NA,NA,0.004242720202689916,NA,NA
0.03738011,NA,25.53283784,roots,NA,52.10296962,NA,0.43669328,0.70724401,MS,0.00058286,683.0594582668216,0.01264556,10.00670581,0.04437805,58.55485652397625,0.00001758,1.26809659,NA,0.04880039,267.7013457980078,NA,1,NA,2.73598374,1.01195938,0.00105746,148.07354180519857,NA,0.00779079,0.12292289,0.42924643,0.16090360,0.06791050,NA,66.42006376,0.91755298,16.10009453,0.00018710,1.51752818,NA,0.00000000,NA,NA,64.00000000,0.00807838,NA,0.0018977161073628146,10.42059392,NA
NA,NA,NA,phloem,NA,NA,NA,NA,NA,MS,0.00005952,NA,NA,NA,NA,57.737276613085065,NA,NA,NA,NA,NA,NA,1,NA,4.25162069,NA,NA,206.68395799487786,NA,NA,NA,NA,NA,NA,NA,146.10874824,NA,NA,NA,NA,NA,NA,NA,NA,65.00000000,NA,NA,0.004174535664076204,NA,NA
0.03741499,NA,25.61177962,roots,NA,48.96434414,NA,0.43012903,0.70001236,MS,0.00058486,684.5326610677026,0.01245547,10.03174907,0.04421340,59.605794211561545,0.00001734,1.24903492,NA,0.04821393,268.12115320864535,NA,1,NA,2.78768741,1.00642844,0.00104601,146.85248435160193,NA,0.00783250,0.12144568,0.41404342,0.15982739,0.06757555,NA,65.93380295,0.91217631,16.16425368,0.00018727,1.42481420,NA,0.00000000,NA,NA,65.00000000,0.00799564,NA,0.001883822941481343,9.79286883,NA
NA,NA,NA,phloem,NA,NA,NA,NA,NA,MS,0.00005852,NA,NA,NA,NA,56.705318069676366,NA,NA,NA,NA,NA,NA,1,NA,4.17974478,NA,NA,203.18889168469414,NA,NA,NA,NA,NA,NA,NA,143.77956593,NA,NA,NA,NA,NA,NA,NA,NA,66.00000000,NA,NA,0.004107987598003089,NA,NA
0.03744931,NA,25.68933291,roots,NA,46.48376664,NA,0.42330017,0.69246514,MS,0.00058681,685.9761861418418,0.01225773,10.05653205,0.04402814,60.60247466107037,0.00001748,1.22920485,NA,0.04761134,268.53719878110724,NA,1,NA,2.83690086,1.00102949,0.00105656,145.53644081775033,NA,0.00803133,0.11992782,0.40325400,0.15871075,0.06723806,NA,65.40286654,0.90678891,16.22572485,0.00018744,1.35130663,NA,0.00000000,NA,NA,66.00000000,0.00808078,NA,0.0018686533296515388,9.29675333,NA
NA,NA,NA,phloem,NA,NA,NA,NA,NA,MS,0.00005757,NA,NA,NA,NA,55.732307232840164,NA,NA,NA,NA,NA,NA,1,NA,4.11199745,NA,NA,199.72898026781866,NA,NA,NA,NA,NA,NA,NA,141.46797322,NA,NA,NA,NA,NA,NA,NA,NA,67.00000000,NA,NA,0.004041942091893597,NA,NA
0.03748293,NA,25.76395249,roots,NA,43.68205997,NA,0.41463440,0.68333867,MS,0.00058866,687.3516853813358,0.01200679,10.08081841,0.04375344,61.51279264865826,0.00002055,1.20404067,NA,0.04690951,268.94427500272496,NA,1,NA,2.88209933,0.99402296,0.00124524,144.1214915977964,NA,0.00959314,0.11815997,0.38841730,0.15728655,0.06677732,NA,64.82514278,0.89976753,16.28293011,0.00018761,1.26969034,NA,0.00000000,NA,NA,67.00000000,0.00952844,NA,0.0018521469364708681,8.73641199,NA
NA,NA,NA,phloem,NA,NA,NA,NA,NA,MS,0.00005666,NA,NA,NA,NA,54.7998978205093,NA,NA,NA,NA,NA,NA,1,NA,4.04702752,NA,NA,196.50406678998957,NA,NA,NA,NA,NA,NA,NA,139.31541891,NA,NA,NA,NA,NA,NA,NA,NA,68.00000000,NA,NA,0.00398044054028549,NA,NA
0.03751573,NA,25.83690919,roots,NA,41.58748037,NA,0.40455257,0.67316700,MS,0.00059045,688.6954017237867,0.01171484,10.10474448,0.04341961,62.37894400395891,0.00002056,1.17476444,NA,0.04614513,269.34688694356987,NA,1,NA,2.92523935,0.98581295,0.00124889,142.66817318167705,NA,0.00974218,0.11623458,0.37881947,0.15564707,0.06622811,NA,64.22760412,0.89158717,16.33778497,0.00018778,1.20809081,NA,0.00000000,NA,NA,68.00000000,0.00956077,NA,0.0018350744033401633,8.31749607,NA
NA,NA,NA,phloem,NA,NA,NA,NA,NA,MS,0.00005715,NA,NA,NA,NA,55.223503786250106,NA,NA,NA,NA,NA,NA,1,NA,4.08208035,NA,NA,193.78957302434253,NA,NA,NA,NA,NA,NA,NA,137.51789953,NA,NA,NA,NA,NA,NA,NA,NA,69.00000000,NA,NA,0.0039290828436519595,NA,NA
0.03754769,NA,25.90020699,roots,NA,40.04153477,NA,0.39425951,0.66284285,MS,0.00059197,689.7948641749595,0.01141678,10.12725405,0.04305460,63.05730519821708,0.00003778,1.14487481,NA,0.04539378,269.71706575816023,NA,1,NA,2.95957056,0.97778127,0.00230041,141.21475237464736,NA,0.01811501,0.11434201,0.37249875,0.15399630,0.06566815,NA,63.62746097,0.88329605,16.38353296,0.00018794,1.18859263,NA,0.00000000,NA,NA,69.00000000,0.01761451,NA,0.0018179274562044824,8.00830695,NA
NA,NA,NA,phloem,NA,NA,NA,NA,NA,MS,0.00005695,NA,NA,NA,NA,54.985552652462935,NA,NA,NA,NA,NA,NA,1,NA,4.06819034,NA,NA,192.97475333497246,NA,NA,NA,NA,NA,NA,NA,137.06431401,NA,NA,NA,NA,NA,NA,NA,NA,70.00000000,NA,NA,0.003916123257398261,NA,NA
0.03757908,NA,25.95330035,roots,NA,40.31137783,NA,0.38706407,0.65500410,MS,0.00059322,690.6316364369624,0.01120842,10.14831715,0.04279346,63.536244800057155,0.00005687,1.12398025,NA,0.04483694,270.05231657894524,NA,1,NA,2.98454190,0.97336224,0.00346987,139.8522604360031,NA,0.02749744,0.11293940,0.38153858,0.15287021,0.06533410,NA,63.06622855,0.87806893,16.41971272,0.00018809,1.19647743,NA,0.00000000,NA,NA,70.00000000,0.02656836,NA,0.001801892244395392,8.06227557,NA
NA,NA,NA,phloem,NA,NA,NA,NA,NA,MS,0.00005674,NA,NA,NA,NA,54.72644264422064,NA,NA,NA,NA,NA,NA,1,NA,4.05270034,NA,NA,195.28463537794497,NA,NA,NA,NA,NA,NA,NA,138.83104174,NA,NA,NA,NA,NA,NA,NA,NA,71.00000000,NA,NA,0.003966601192671858,NA,NA
0.03761033,NA,25.97946322,roots,NA,44.09154394,NA,0.38545064,0.65192616,MS,0.00059374,690.7533778560053,0.01116170,10.16582528,0.04271072,63.4776234845425,0.00011318,1.11929509,NA,0.04465634,270.2934272048237,NA,1,NA,2.98426804,0.97559186,0.00691735,138.7608842325628,NA,0.05471808,0.11248448,0.42021124,0.15274477,0.06540602,NA,62.62611353,0.87830501,16.43060056,0.00018825,1.28710275,NA,0.00000000,NA,NA,71.00000000,0.05292742,NA,0.0017893175294551088,8.81830879,NA
NA,NA,NA,phloem,NA,NA,NA,NA,NA,MS,0.00005658,NA,NA,NA,NA,54.527367141238194,NA,NA,NA,NA,NA,NA,1,NA,4.04172308,NA,NA,199.8642338859737,NA,NA,NA,NA,NA,NA,NA,142.21923649,NA,NA,NA,NA,NA,NA,NA,NA,72.00000000,NA,NA,0.004063406756833411,NA,NA
0.03764230,NA,25.98599348,roots,NA,49.94910348,NA,0.39432594,0.65707831,MS,0.00059374,690.3401521416934,0.01141870,10.18088288,0.04300943,63.046700461549065,0.00015631,1.14506771,NA,0.04507645,270.46386506453405,NA,1,NA,2.96652879,0.98928014,0.00956716,137.97861403339388,NA,0.07511769,0.11354269,0.47548525,0.15432606,0.06622362,NA,62.32599428,0.88852885,16.42428001,0.00018841,1.41950168,NA,0.00000000,NA,NA,72.00000000,0.07311230,NA,0.0017807426937666334,9.98982070,NA
NA,NA,NA,phloem,NA,NA,NA,NA,NA,MS,0.00005656,NA,NA,NA,NA,54.45612343350789,NA,NA,NA,NA,NA,NA,1,NA,4.04035409,NA,NA,206.2659218715495,NA,NA,NA,NA,NA,NA,NA,146.91678656,NA,NA,NA,NA,NA,NA,NA,NA,73.00000000,NA,NA,0.00419762247320982,NA,NA
0.03767547,NA,25.96529821,roots,NA,57.56517339,NA,0.40901628,0.66745409,MS,0.00059303,689.1831830752186,0.01184410,10.19257238,0.04350643,62.09776316908584,0.00021753,1.18772642,NA,0.04590464,270.5360600465376,NA,1,NA,2.92445278,1.00989447,0.01332982,137.56691010425334,NA,0.10305790,0.11562881,0.54135301,0.15695901,0.06746771,NA,62.19477084,0.90442409,16.39404810,0.00018857,1.58309809,NA,0.00000000,NA,NA,73.00000000,0.10166875,NA,0.0017769934526918577,11.51303468,NA
NA,NA,NA,phloem,NA,NA,NA,NA,NA,MS,0.00005681,NA,NA,NA,NA,54.63758053497465,NA,NA,NA,NA,NA,NA,1,NA,4.05782166,NA,NA,212.4564153112141,NA,NA,NA,NA,NA,NA,NA,151.47556409,NA,NA,NA,NA,NA,NA,NA,NA,74.00000000,NA,NA,0.004327873259680871,NA,NA
0.03770923,NA,25.94987591,roots,NA,64.99484028,NA,0.41643034,0.67356666,MS,0.00059253,688.1571131165327,0.01205879,10.20504070,0.04377753,61.3471025485963,0.00020828,1.20925583,NA,0.04643193,270.62446724701397,NA,1,NA,2.89169012,1.02139792,0.01277828,137.5830347451742,NA,0.09756756,0.11695700,0.60376344,0.15841260,0.06814778,NA,62.25780616,0.91272265,16.37334424,0.00018874,1.74112222,NA,0.00000000,NA,NA,74.00000000,0.09728513,NA,0.0017787944615744139,12.99896806,NA
NA,NA,NA,phloem,NA,NA,NA,NA,NA,MS,0.00005713,NA,NA,NA,NA,54.891732196907405,NA,NA,NA,NA,NA,NA,1,NA,4.08073286,NA,NA,218.0278019469671,NA,NA,NA,NA,NA,NA,NA,155.60170061,NA,NA,NA,NA,NA,NA,NA,NA,75.00000000,NA,NA,0.004445762874610098,NA,NA
0.03774307,NA,25.93201362,roots,NA,71.08622107,NA,0.41738629,0.67558764,MS,0.00059200,687.0668205697813,0.01208648,10.21717883,0.04381277,60.62001082389296,0.00021456,1.21203177,NA,0.04668003,270.70341214670503,NA,1,NA,2.85998192,1.02434848,0.01317922,137.99943429857584,NA,0.09940721,0.11758194,0.65055331,0.15883056,0.06828520,NA,62.50227378,0.91374309,16.35372251,0.00018891,1.86427190,NA,0.00000000,NA,NA,75.00000000,0.10014940,NA,0.0017857792508941817,14.21724421,NA
NA,NA,NA,phloem,NA,NA,NA,NA,NA,MS,0.00005754,NA,NA,NA,NA,55.23657440073734,NA,NA,NA,NA,NA,NA,1,NA,4.11030470,NA,NA,220.890043438151,NA,NA,NA,NA,NA,NA,NA,157.79551462,NA,NA,NA,NA,NA,NA,NA,NA,76.00000000,NA,NA,0.004508443274927372,NA,NA
0.03777588,NA,25.94324246,roots,NA,73.47488061,NA,0.40462627,0.66771459,MS,0.00059231,686.7673667844244,0.01171698,10.23294839,0.04339093,60.55426616009068,0.00015065,1.17497845,NA,0.04619149,270.88576257330465,NA,1,NA,2.85936346,1.00948770,0.00926782,138.69998419260875,NA,0.06978178,0.11635136,0.66829157,0.15688159,0.06732859,NA,62.87416951,0.90016008,16.36482103,0.00018908,1.91389564,NA,0.00000000,NA,NA,76.00000000,0.07034843,NA,0.001796404843208265,14.69497612,NA
NA,NA,NA,phloem,NA,NA,NA,NA,NA,MS,0.00005756,NA,NA,NA,NA,55.200413464535174,NA,NA,NA,NA,NA,NA,1,NA,4.11129465,NA,NA,219.89903274979514,NA,NA,NA,NA,NA,NA,NA,157.22833810,NA,NA,NA,NA,NA,NA,NA,NA,77.00000000,NA,NA,0.004492238231550678,NA,NA
0.03780663,NA,25.99441831,roots,NA,70.07368469,NA,0.37917864,0.65038480,MS,0.00059372,687.5625111340187,0.01098008,10.25361653,0.04256556,61.32116265648856,0.00006068,1.10108207,NA,0.04497795,271.2121595664057,NA,1,NA,2.89793278,0.97887061,0.00374091,139.41904439261455,NA,0.02848945,0.11329457,0.64209900,0.15282794,0.06541293,NA,63.25156305,0.87383709,16.41437043,0.00018923,1.83232595,NA,0.00000000,NA,NA,77.00000000,0.02839444,NA,0.0018071875157782491,14.01473694,NA
NA,NA,NA,phloem,NA,NA,NA,NA,NA,MS,0.00005730,NA,NA,NA,NA,54.90755499129578,NA,NA,NA,NA,NA,NA,1,NA,4.09278041,NA,NA,217.7720545601599,NA,NA,NA,NA,NA,NA,NA,155.83310352,NA,NA,NA,NA,NA,NA,NA,NA,78.00000000,NA,NA,0.0044523743863383565,NA,NA
0.03783437,NA,26.04533926,roots,NA,65.77776374,NA,0.34214908,0.62582185,MS,0.00059511,688.4042514891029,0.00990779,10.27374726,0.04134302,62.08090635626192,0.00005496,0.99355337,NA,0.04326086,271.5453702063215,NA,1,NA,2.93598976,0.93723957,0.00339487,140.2053333204316,NA,0.02614233,0.10896942,0.60678017,0.14724408,0.06276066,NA,63.65496083,0.83779124,16.46233520,0.00018937,1.72757865,NA,0.00000000,NA,NA,78.00000000,0.02576779,NA,0.0018187131666444257,13.15555275,NA
NA,NA,NA,phloem,NA,NA,NA,NA,NA,MS,0.00005695,NA,NA,NA,NA,54.53347029246752,NA,NA,NA,NA,NA,NA,1,NA,4.06783302,NA,NA,215.2015638075987,NA,NA,NA,NA,NA,NA,NA,154.10496725,NA,NA,NA,NA,NA,NA,NA,NA,79.00000000,NA,NA,0.004402999064313598,NA,NA
0.03785930,NA,26.09806034,roots,NA,60.65121038,NA,0.30744621,0.60377479,MS,0.00059652,689.3435317145068,0.00890288,10.29366500,0.04024709,62.863021348449145,0.00004551,0.89278105,NA,0.04171230,271.89267297948277,NA,1,NA,2.97493711,0.89968746,0.00281628,140.9798660238537,NA,0.02193208,0.10506876,0.56342536,0.14221981,0.06037706,NA,64.04878056,0.80544195,16.51018544,0.00018949,1.60098017,NA,0.00000000,NA,NA,79.00000000,0.02137803,NA,0.0018299651589297904,12.13024208,NA
NA,NA,NA,phloem,NA,NA,NA,NA,NA,MS,0.00005652,NA,NA,NA,NA,54.09080832804353,NA,NA,NA,NA,NA,NA,1,NA,4.03744684,NA,NA,212.50655799414915,NA,NA,NA,NA,NA,NA,NA,152.27440644,NA,NA,NA,NA,NA,NA,NA,NA,80.00000000,NA,NA,0.004350697326919849,NA,NA
0.03788188,NA,26.15320474,roots,NA,56.74380470,NA,0.27856174,0.58646794,MS,0.00059797,690.3882219421431,0.00806646,10.31354995,0.03940114,63.6873554821273,0.00003590,0.80890457,NA,0.04048634,272.2554837743377,NA,1,NA,3.01574606,0.86933673,0.00222618,141.76768933648356,NA,0.01754056,0.10198071,0.53107171,0.13824678,0.05847560,NA,64.44512152,0.77961098,16.55906084,0.00018961,1.50452135,NA,0.00000000,NA,NA,80.00000000,0.01690173,NA,0.0018412891861739476,11.34876094,NA
NA,NA,NA,phloem,NA,NA,NA,NA,NA,MS,0.00005604,NA,NA,NA,NA,53.59895609091618,NA,NA,NA,NA,NA,NA,1,NA,4.00307329,NA,NA,209.8201905377124,NA,NA,NA,NA,NA,NA,NA,150.43736589,NA,NA,NA,NA,NA,NA,NA,NA,81.00000000,NA,NA,0.004298210453971483,NA,NA
0.03790217,NA,26.20787149,roots,NA,53.08483697,NA,0.25027800,0.57022406,MS,0.00059940,691.4608999579254,0.00724743,10.33303736,0.03860267,64.49305680774887,0.00003269,0.72677254,NA,0.03933363,272.62386861520014,NA,1,NA,3.05553384,0.84072002,0.00203061,142.5787754673099,NA,0.01618013,0.09907714,0.50025027,0.13451206,0.05668510,NA,64.84854703,0.75533499,16.60609606,0.00018971,1.41256457,NA,0.00000000,NA,NA,81.00000000,0.01542000,NA,0.0018528156294101777,10.61696739,NA
NA,NA,NA,phloem,NA,NA,NA,NA,NA,MS,0.00005557,NA,NA,NA,NA,53.11446938802961,NA,NA,NA,NA,NA,NA,1,NA,3.96898462,NA,NA,207.23783704746214,NA,NA,NA,NA,NA,NA,NA,148.66435563,NA,NA,NA,NA,NA,NA,NA,NA,82.00000000,NA,NA,0.004247553018100302,NA,NA
0.03792056,NA,26.26427621,roots,NA,48.98234458,NA,0.22676745,0.55727570,MS,0.00060084,692.6130755318949,0.00656663,10.35249065,0.03798049,65.31509616826696,0.00002562,0.65850116,NA,0.03840490,273.004682574106,NA,1,NA,3.09598134,0.81737579,0.00159466,143.33789827729188,NA,0.01285041,0.09673777,0.46499777,0.13152216,0.05524400,NA,65.22544176,0.73577523,16.65311018,0.00018980,1.30771207,NA,0.00000000,NA,NA,82.00000000,0.01211272,NA,0.0018635840503559923,9.79646892,NA
NA,NA,NA,phloem,NA,NA,NA,NA,NA,MS,0.00005506,NA,NA,NA,NA,52.604810617643295,NA,NA,NA,NA,NA,NA,1,NA,3.93280515,NA,NA,204.7464372939461,NA,NA,NA,NA,NA,NA,NA,146.94829623,NA,NA,NA,NA,NA,NA,NA,NA,83.00000000,NA,NA,0.004198522749414153,NA,NA
0.03793747,NA,26.32076796,roots,NA,46.05083408,NA,0.20857738,0.54785541,MS,0.00060227,693.7933992794356,0.00603989,10.37176719,0.03754566,66.12356705057205,0.00002295,0.60567971,NA,0.03771899,273.3910966223535,NA,1,NA,3.13570125,0.79949120,0.00143082,144.07261808194764,NA,0.01165632,0.09501005,0.44032271,0.12932739,0.05416562,NA,65.58901173,0.72109117,16.69886998,0.00018988,1.23246722,NA,0.00000000,NA,NA,83.00000000,0.01087133,NA,0.0018739717635764814,9.21016682,NA
NA,NA,NA,phloem,NA,NA,NA,NA,NA,MS,0.00005453,NA,NA,NA,NA,52.07958496890775,NA,NA,NA,NA,NA,NA,1,NA,3.89534928,NA,NA,202.32384302634557,NA,NA,NA,NA,NA,NA,NA,145.27710916,NA,NA,NA,NA,NA,NA,NA,NA,84.00000000,NA,NA,0.004150774547513953,NA,NA
0.03795374,NA,26.37963674,roots,NA,43.30986347,NA,0.20068490,0.54441910,MS,0.00060375,695.0470186797382,0.00581134,10.39129968,0.03744155,66.95566275206261,0.00001696,0.58276106,NA,0.03744123,273.7885260603129,NA,1,NA,3.17652262,0.79084959,0.00105939,144.6988340703443,NA,0.00872638,0.09431040,0.41751094,0.12848609,0.05370757,NA,65.90235038,0.71468667,16.74550269,0.00018997,1.16127755,NA,0.00000000,NA,NA,84.00000000,0.00805209,NA,0.001882924296682098,8.66197269,NA
NA,NA,NA,phloem,NA,NA,NA,NA,NA,MS,0.00005403,NA,NA,NA,NA,51.5744683671311,NA,NA,NA,NA,NA,NA,1,NA,3.85933941,NA,NA,199.99631916864655,NA,NA,NA,NA,NA,NA,NA,143.67177276,NA,NA,NA,NA,NA,NA,NA,NA,85.00000000,NA,NA,0.00410490779301252,NA,NA
0.03796984,NA,26.43870258,roots,NA,40.06713016,NA,0.19854819,0.54393159,MS,0.00060520,696.3079304947695,0.00574946,10.41086875,0.03749977,67.74711142785372,0.00001628,0.57655633,NA,0.03736383,274.18782935692724,NA,1,NA,3.21543395,0.78733942,0.00101915,145.1292202873599,NA,0.00848179,0.09411544,0.38965739,0.12834849,0.05358463,NA,66.12640396,0.71274844,16.79016348,0.00019005,1.07629113,NA,0.00000000,NA,NA,85.00000000,0.00774900,NA,0.0018893258274331553,8.01342603,NA
NA,NA,NA,phloem,NA,NA,NA,NA,NA,MS,0.00005352,NA,NA,NA,NA,51.05991022572487,NA,NA,NA,NA,NA,NA,1,NA,3.82255249,NA,NA,197.73468738800767,NA,NA,NA,NA,NA,NA,NA,142.11093766,NA,NA,NA,NA,NA,NA,NA,NA,86.00000000,NA,NA,0.004060312504574937,NA,NA
0.03798564,NA,26.49849803,roots,NA,37.93042015,NA,0.19477231,0.54233713,MS,0.00060666,697.5926031587348,0.00564012,10.43052167,0.03749870,68.52932355929448,0.00001415,0.56559172,NA,0.03720765,274.5912149288654,NA,1,NA,3.25391234,0.78265102,0.00088746,145.4529427760721,NA,0.00746011,0.09372204,0.37230627,0.12798379,0.05337572,NA,66.30146879,0.70967445,16.83428200,0.00019013,1.02026645,NA,0.00000000,NA,NA,86.00000000,0.00675022,NA,0.001894327679663538,7.58608403,NA
NA,NA,NA,phloem,NA,NA,NA,NA,NA,MS,0.00005301,NA,NA,NA,NA,50.55415232516204,NA,NA,NA,NA,NA,NA,1,NA,3.78635762,NA,NA,195.55341002088903,NA,NA,NA,NA,NA,NA,NA,140.60521364,NA,NA,NA,NA,NA,NA,NA,NA,87.00000000,NA,NA,0.004017291818176404,NA,NA
0.03800114,NA,26.55914374,roots,NA,35.67659732,NA,0.19125117,0.54065904,MS,0.00060812,698.9038333362975,0.00553816,10.45027482,0.03749458,69.30451929704533,0.00001172,0.55536681,NA,0.03704256,274.9989683887275,NA,1,NA,3.29206359,0.77829235,0.00073609,145.65986780937195,NA,0.00624835,0.09330619,0.35364200,0.12762319,0.05318310,NA,66.42289565,0.70682486,16.87797141,0.00019020,0.96073504,NA,0.00000000,NA,NA,87.00000000,0.00560104,NA,0.0018977970184339197,7.13531946,NA
NA,NA,NA,phloem,NA,NA,NA,NA,NA,MS,0.00005255,NA,NA,NA,NA,50.095660588870324,NA,NA,NA,NA,NA,NA,1,NA,3.75363672,NA,NA,193.4881051681747,NA,NA,NA,NA,NA,NA,NA,139.18025737,NA,NA,NA,NA,NA,NA,NA,NA,88.00000000,NA,NA,0.003976578781924592,NA,NA
0.03801634,NA,26.62078822,roots,NA,32.94939639,NA,0.18741560,0.53849710,MS,0.00060959,700.2459942237617,0.00542709,10.47014027,0.03746573,70.07254037868088,0.00000881,0.54422885,NA,0.03684031,275.411596370299,NA,1,NA,3.32987670,0.77378117,0.00055473,145.72146366850257,NA,0.00475391,0.09279675,0.33008863,0.12718289,0.05297259,NA,66.47755656,0.70374565,16.92121161,0.00019028,0.88863224,NA,0.00000000,NA,NA,88.00000000,0.00422280,NA,0.0018993587587304121,6.58987928,NA
NA,NA,NA,phloem,NA,NA,NA,NA,NA,MS,0.00005212,NA,NA,NA,NA,49.66016209310121,NA,NA,NA,NA,NA,NA,1,NA,3.72256724,NA,NA,191.5167823173303,NA,NA,NA,NA,NA,NA,NA,137.82007702,NA,NA,NA,NA,NA,NA,NA,NA,89.00000000,NA,NA,0.003937716486410167,NA,NA
0.03803114,NA,26.68309464,roots,NA,30.84575239,NA,0.18251004,0.53557707,MS,0.00061106,701.6118252334853,0.00528504,10.49005845,0.03739571,70.8374353954389,0.00000639,0.52998379,NA,0.03658347,275.8281658492028,NA,1,NA,3.36753516,0.76852225,0.00040271,145.68934584565997,NA,0.00348355,0.09214981,0.31245621,0.12659055,0.05270603,NA,66.48877566,0.69993189,16.96415511,0.00019035,0.83315428,NA,0.00000000,NA,NA,89.00000000,0.00306693,NA,0.0018996793044962588,6.16915048,NA
NA,NA,NA,phloem,NA,NA,NA,NA,NA,MS,0.00005164,NA,NA,NA,NA,49.19047151998726,NA,NA,NA,NA,NA,NA,1,NA,3.68886355,NA,NA,189.57449509636567,NA,NA,NA,NA,NA,NA,NA,136.47803044,NA,NA,NA,NA,NA,NA,NA,NA,90.00000000,NA,NA,0.003899372298217477,NA,NA
0.03804553,NA,26.74471023,roots,NA,29.90227688,NA,0.17749577,0.53262936,MS,0.00061251,702.9659478540053,0.00513984,10.50985002,0.03732130,71.58293251357726,0.00000675,0.51542306,NA,0.03632529,276.24403540617084,NA,1,NA,3.40426303,0.76329767,0.00042656,145.64183547730383,NA,0.00372304,0.09149947,0.30618673,0.12599388,0.05243918,NA,66.49224532,0.69612473,17.00602281,0.00019042,0.80822839,NA,0.00000000,NA,NA,90.00000000,0.00324990,NA,0.0018997784376539504,5.98045538,NA
NA,NA,NA,phloem,NA,NA,NA,NA,NA,MS,0.00005121,NA,NA,NA,NA,48.761970618650196,NA,NA,NA,NA,NA,NA,1,NA,3.65819661,NA,NA,187.68949838012193,NA,NA,NA,NA,NA,NA,NA,135.17519387,NA,NA,NA,NA,NA,NA,NA,NA,91.00000000,NA,NA,0.003862148396256396,NA,NA
0.03805968,NA,26.80607276,roots,NA,27.88131181,NA,0.17457989,0.53061322,MS,0.00061394,704.3167723738595,0.00505540,10.52959521,0.03729775,72.30260246124283,0.00000643,0.50695574,NA,0.03612934,276.6600903766009,NA,1,NA,3.43976762,0.75982448,0.00040724,145.48753832466343,NA,0.00358475,0.09100589,0.28866897,0.12562368,0.05228533,NA,66.44651425,0.69382435,17.04658281,0.00019050,0.75454170,NA,0.00000000,NA,NA,91.00000000,0.00310399,NA,0.0018984718357996603,5.57626236,NA
NA,NA,NA,phloem,NA,NA,NA,NA,NA,MS,0.00005173,NA,NA,NA,NA,49.23060625909131,NA,NA,NA,NA,NA,NA,1,NA,3.69478443,NA,NA,186.0237075460373,NA,NA,NA,NA,NA,NA,NA,134.02735589,NA,NA,NA,NA,NA,NA,NA,NA,92.00000000,NA,NA,0.003829353025507936,NA,NA
0.03807335,NA,26.86479260,roots,NA,26.43890711,NA,0.16854026,0.52679041,MS,0.00061528,705.6062585221273,0.00488051,10.54893973,0.03716698,72.9623312841529,0.00001060,0.48941747,NA,0.03581309,277.06887617314516,NA,1,NA,3.47240028,0.75397568,0.00067211,145.29417996240898,NA,0.00596151,0.09020928,0.27660036,0.12485918,0.05196073,NA,66.38203044,0.68926934,17.08409598,0.00019056,0.72885167,NA,0.00000000,NA,NA,92.00000000,0.00512469,NA,0.001896629441170021,5.28778142,NA
NA,NA,NA,phloem,NA,NA,NA,NA,NA,MS,0.00005159,NA,NA,NA,NA,49.08527080299179,NA,NA,NA,NA,NA,NA,1,NA,3.68524598,NA,NA,189.91979841776669,NA,NA,NA,NA,NA,NA,NA,136.88528465,NA,NA,NA,NA,NA,NA,NA,NA,93.00000000,NA,NA,0.0039110081329790155,NA,NA
0.03808646,NA,26.85011806,roots,NA,30.29374849,NA,0.16173445,0.52333814,MS,0.00061445,704.9780147235895,0.00468343,10.55857032,0.03687523,71.89782729352086,0.00016161,0.46965435,NA,0.03562405,277.2263394027755,NA,1,NA,3.42291729,0.74946974,0.01025868,145.42159946006,NA,0.08961457,0.08973312,0.31203164,0.12421128,0.05161505,NA,66.46312990,0.68444814,17.03929642,0.00019063,0.81557280,NA,0.00000000,NA,NA,93.00000000,0.07810627,NA,0.0018989465685232134,6.05874970,NA
NA,NA,NA,phloem,NA,NA,NA,NA,NA,MS,0.00005194,NA,NA,NA,NA,49.39814749576198,NA,NA,NA,NA,NA,NA,1,NA,3.71007695,NA,NA,202.0689147888259,NA,NA,NA,NA,NA,NA,NA,145.69444636,NA,NA,NA,NA,NA,NA,NA,NA,94.00000000,NA,NA,0.004162698467313956,NA,NA
0.03809922,NA,26.63181282,roots,NA,42.14625895,NA,0.15735281,0.52299298,MS,0.00060778,699.0120240519058,0.00455655,10.54119666,0.03629217,66.35880211917312,0.00058693,0.45693070,NA,0.03592959,276.6774933195185,NA,1,NA,3.16027324,0.75193711,0.03719579,146.37981513057085,NA,0.30048618,0.09050275,0.39804772,0.12421461,0.05143468,NA,66.92348118,0.68182795,16.78120892,0.00019069,1.07324519,NA,0.00000000,NA,NA,94.00000000,0.28135724,NA,0.0019120994624236478,8.42925179,NA
NA,NA,NA,phloem,NA,NA,NA,NA,NA,MS,0.00005414,NA,NA,NA,NA,51.46957401577557,NA,NA,NA,NA,NA,NA,1,NA,3.86704863,NA,NA,220.4205037752074,NA,NA,NA,NA,NA,NA,NA,158.98358403,NA,NA,NA,NA,NA,NA,NA,NA,95.00000000,NA,NA,0.004542388115131154,NA,NA
0.03811198,NA,26.29425760,roots,NA,61.03268090,NA,0.15740284,0.52765372,MS,0.00059828,689.9210175810085,0.00455800,10.50756905,0.03578685,59.07456160368595,0.00084766,0.45707598,NA,0.03677212,275.7025066961942,NA,1,NA,2.81431081,0.76039469,0.05354825,148.59593655591001,NA,0.38646589,0.09262498,0.50549258,0.12482940,0.05152725,NA,67.95942843,0.68282632,16.43980448,0.00019076,1.48453280,NA,0.00000000,NA,NA,95.00000000,0.40119685,NA,0.0019416979551851203,12.20653618,NA
NA,NA,NA,phloem,NA,NA,NA,NA,NA,MS,0.00005796,NA,NA,NA,NA,55.08433016158192,NA,NA,NA,NA,NA,NA,1,NA,4.14024087,NA,NA,243.217721171339,NA,NA,NA,NA,NA,NA,NA,175.49469107,NA,NA,NA,NA,NA,NA,NA,NA,96.00000000,NA,NA,0.005014134030461492,NA,NA
0.03812574,NA,25.84049490,roots,NA,88.35075247,NA,0.16970099,0.54222848,MS,0.00058654,677.7702848784446,0.00491412,10.45773501,0.03569247,50.87845277510677,0.00111631,0.49278810,NA,0.03855428,274.2959088304074,NA,1,NA,2.42472344,0.78091304,0.07018427,152.51675660497085,NA,0.43849071,0.09711407,0.61402401,0.12742135,0.05231942,NA,69.77777385,0.69307374,16.05513124,0.00019083,2.08435591,NA,0.00000000,NA,NA,96.00000000,0.51922609,NA,0.00199365068137162,17.67015049,NA
NA,NA,NA,phloem,NA,NA,NA,NA,NA,MS,0.00006357,NA,NA,NA,NA,60.38250842909908,NA,NA,NA,NA,NA,NA,1,NA,4.54066297,NA,NA,263.96544592178986,NA,NA,NA,NA,NA,NA,NA,190.55766813,NA,NA,NA,NA,NA,NA,NA,NA,97.00000000,NA,NA,0.005444504803718325,NA,NA
0.03814306,NA,25.51815289,roots,NA,113.09515880,NA,0.21352952,0.57653876,MS,0.00057900,669.0117734161456,0.00618329,10.42537490,0.03696066,46.19871413535994,0.00086266,0.62006003,NA,0.04171851,273.32301752740943,NA,1,NA,2.20270012,0.82308830,0.05406902,157.67537207500632,NA,0.30782806,0.10508440,0.69034916,0.13400963,0.05482681,NA,72.17064474,0.72595934,15.83929120,0.00019091,2.69486400,NA,0.00000000,NA,NA,97.00000000,0.39624113,NA,0.0020620184210850324,22.61903176,NA
NA,NA,NA,phloem,NA,NA,NA,NA,NA,MS,0.00006877,NA,NA,NA,NA,65.2816639099593,NA,NA,NA,NA,NA,NA,1,NA,4.91189108,NA,NA,279.56541475824986,NA,NA,NA,NA,NA,NA,NA,201.93527459,NA,NA,NA,NA,NA,NA,NA,NA,98.00000000,NA,NA,0.005769579273964624,NA,NA
0.03816374,NA,25.34591795,roots,NA,132.98473882,NA,0.25510437,0.61048460,MS,0.00057560,664.1361276851674,0.00738719,10.41357121,0.03852725,44.52746381338239,0.00055659,0.74078762,NA,0.04483049,272.86559007468395,NA,1,NA,2.12416814,0.85858437,0.03484629,163.76760048546677,NA,0.19153221,0.11292314,0.75328712,0.14070799,0.05717643,NA,74.99980788,0.75666023,15.76814642,0.00019102,3.23473229,NA,0.00000000,NA,NA,98.00000000,0.25393259,NA,0.0021428516537124825,26.59694776,NA
NA,NA,NA,phloem,NA,NA,NA,NA,NA,MS,0.00007248,NA,NA,NA,NA,68.76564454641165,NA,NA,NA,NA,NA,NA,1,NA,5.17733254,NA,NA,291.1804889390201,NA,NA,NA,NA,NA,NA,NA,210.45926363,NA,NA,NA,NA,NA,NA,NA,NA,99.00000000,NA,NA,0.006013121817877945,NA,NA
0.03818695,NA,25.23687437,roots,NA,143.15055290,NA,0.28627855,0.63732416,MS,0.00057388,660.8769160345622,0.00828992,10.41054693,0.03989853,44.03634116938559,0.00043338,0.83131311,NA,0.04748670,272.62053326153347,NA,1,NA,2.10201700,0.88245337,0.02712452,170.24120198645826,NA,0.14757770,0.11961385,0.77143323,0.14628796,0.05886763,NA,78.01190915,0.77856766,15.75428520,0.00019113,3.52152717,NA,0.00000000,NA,NA,99.00000000,0.19686911,NA,0.0022289116901179646,28.63011058,NA
