aaaa,jj,mm,jjmm,heure,minute,PAR (µmol m-2 s-1),PAR_corrige,Rg Diffus  (W m-2),Rg Diffus  (µmol m-2 s-1),Rd:PAR,Temp air,Humidité relative,Vitesse vent (m s-1)
2009,30,5,30/05,1,0,0.011,0,0.338,0,NA,13.43,61.91,3.33
2009,30,5,30/05,2,0,0.109,0,0.338,0,NA,12.78,60.46,3.14
2009,30,5,30/05,3,0,0.153,0,0.338,0,NA,11.77,59.58,2.88
2009,30,5,30/05,4,0,0.665,0,0.338,0,NA,10.56,63.19,2.19
2009,30,5,30/05,5,0,59.805,59.805,23.99,48.4598,0.810296798,10.75,64.38,2.52
2009,30,5,30/05,6,0,306.1,306.1,46.215,93.3543,0.304979745,12.22,60.92,3.84
2009,30,5,30/05,7,0,617.15,617.15,41.915,84.6683,0.137192417,14.10,55.96,4.20
2009,30,5,30/05,8,0,932.5,932.5,42.46,85.7692,0.091977694,15.56,51.60,4.63
2009,30,5,30/05,9,0,1215.5,1215.5,50.28,101.5656,0.0835587,16.80,51.81,4.30
2009,30,5,30/05,10,0,1444,1444,46.21,93.3442,0.064642798,17.81,49.62,4.61
2009,30,5,30/05,11,0,1600.5,1600.5,47.265,95.4753,0.059653421,19.02,46.34,4.87
2009,30,5,30/05,12,0,1674.5,1674.5,52.505,106.0601,0.06333837,19.86,47.91,5.10
2009,30,5,30/05,13,0,1660,1660,50.72,102.4544,0.061719518,20.73,45.07,4.95
2009,30,5,30/05,14,0,1559.5,1559.5,48.305,97.5761,0.062568836,21.34,44.90,4.74
2009,30,5,30/05,15,0,1378.5,1378.5,58.055,117.2711,0.085071527,21.70,45.43,4.56
2009,30,5,30/05,16,0,1125,1125,39.2,79.184,0.070385778,21.88,45.38,4.29
2009,30,5,30/05,17,0,821.5,821.5,39.965,80.7293,0.098270603,21.69,46.20,4.51
2009,30,5,30/05,18,0,495.05,495.05,46.54,94.0108,0.189901626,21.31,46.38,3.95
2009,30,5,30/05,19,0,192.7,192.7,43.97,88.8194,0.460920602,19.75,51.82,2.64
2009,30,5,30/05,20,0,12.725,0,5.751,0,NA,17.73,57.30,1.92
2009,30,5,30/05,21,0,0.022,0,0.337,0,NA,17.01,59.29,2.47
2009,30,5,30/05,22,0,0.283,0,0.337,0,NA,16.42,61.55,2.44
2009,30,5,30/05,23,0,0,0,0.337,0,NA,14.77,68.04,2.22
2009,30,5,30/05,0,0,0.087,0,0.338,0,NA,14.59,68.90,3.15
2009,31,5,31/05,1,0,0.349,0,0.338,0,NA,14.04,70.95,2.90
2009,31,5,31/05,2,0,0.164,0,0.338,0,NA,13.14,74.85,1.84
2009,31,5,31/05,3,0,0.066,0,0.338,0,NA,12.02,79.45,1.77
2009,31,5,31/05,4,0,0.36,0,0.338,0,NA,10.83,85.20,1.52
2009,31,5,31/05,5,0,57.89,57.89,25.705,51.9241,0.896944205,11.30,84.35,1.98
2009,31,5,31/05,6,0,296.75,296.75,58.105,117.3721,0.39552519,13.43,76.00,2.68
2009,31,5,31/05,7,0,611.3,611.3,57.815,116.7863,0.191045804,15.58,68.75,3.11
2009,31,5,31/05,8,0,930.5,930.5,59.03,119.2406,0.128146803,17.35,64.51,3.36
2009,31,5,31/05,9,0,1219.5,1219.5,67.375,136.0975,0.111601066,19.06,59.34,3.65
2009,31,5,31/05,10,0,1450.5,1450.5,64.18,129.6436,0.089378559,20.58,52.79,4.04
2009,31,5,31/05,11,0,1611,1611,63.395,128.0579,0.079489696,21.38,46.44,4.56
2009,31,5,31/05,12,0,1689,1689,68.31,137.9862,0.08169698,21.90,43.86,3.91
2009,31,5,31/05,13,0,1675.5,1675.5,67.315,135.9763,0.081155655,22.37,42.75,3.51
2009,31,5,31/05,14,0,1563.5,1563.5,82.65,166.953,0.10678158,22.66,42.72,3.84
2009,31,5,31/05,15,0,1392.5,1392.5,93.1,188.062,0.135053501,22.71,42.92,3.92
2009,31,5,31/05,16,0,1117.5,1117.5,68.105,137.5721,0.123107025,22.27,43.45,3.95
2009,31,5,31/05,17,0,814,814,75.25,152.005,0.186738329,21.94,47.43,3.56
2009,31,5,31/05,18,0,480.4,480.4,69.29,139.9658,0.291352623,21.09,51.67,3.29
2009,31,5,31/05,19,0,181.15,181.15,53.35,107.767,0.594904775,19.46,58.77,1.03
2009,31,5,31/05,20,0,13.463,0,5.903,0,NA,17.78,63.89,0.84
2009,31,5,31/05,21,0,0.153,0,0.337,0,NA,16.10,71.24,0.60
2009,31,5,31/05,22,0,0.098,0,0.337,0,NA,15.12,75.20,0.56
2009,31,5,31/05,23,0,0.197,0,0.338,0,NA,14.43,80.00,0.97
2009,31,5,31/05,0,0,0.273,0,0.338,0,NA,13.57,84.70,1.18
2009,1,6,01/06,1,0,0.24,0,0.338,0,NA,12.85,88.05,1.30
2009,1,6,01/06,2,0,0.099,0,0.338,0,NA,12.44,89.15,1.55
2009,1,6,01/06,3,0,0,0,0.338,0,NA,11.79,91.65,1.50
2009,1,6,01/06,4,0,0.905,0,0.338,0,NA,10.85,94.50,1.06
2009,1,6,01/06,5,0,57.535,57.535,26.25,53.025,0.921612931,11.76,91.60,1.65
2009,1,6,01/06,6,0,303.9,303.9,59.035,119.2507,0.392401119,13.43,85.40,2.71
2009,1,6,01/06,7,0,616.2,616.2,61.32,123.8664,0.201016553,15.51,75.15,2.96
2009,1,6,01/06,8,0,941.5,941.5,61.485,124.1997,0.131916835,17.64,63.62,3.35
2009,1,6,01/06,9,0,1236,1236,64.245,129.7749,0.104995874,19.19,54.02,4.10
2009,1,6,01/06,10,0,1466,1466,64.235,129.7547,0.088509345,20.43,49.55,3.88
2009,1,6,01/06,11,0,1626.5,1626.5,62.875,127.0075,0.078086382,20.99,46.96,3.89
2009,1,6,01/06,12,0,1704.5,1704.5,67.965,137.2893,0.080545204,21.56,43.29,3.64
2009,1,6,01/06,13,0,1694.5,1694.5,64.325,129.9365,0.076681322,22.08,40.68,3.25
2009,1,6,01/06,14,0,1588,1588,61.025,123.2705,0.077626259,22.39,45.09,3.54
2009,1,6,01/06,15,0,1392.5,1392.5,87.35,176.447,0.126712388,22.92,46.10,3.49
2009,1,6,01/06,16,0,1138.5,1138.5,69.075,139.5315,0.122557312,23.06,46.93,3.41
2009,1,6,01/06,17,0,830,830,92.35,186.547,0.224755422,22.89,48.60,3.52
2009,1,6,01/06,18,0,441.95,441.95,127.75,258.055,0.583900894,21.69,55.09,2.15
2009,1,6,01/06,19,0,183.2,183.2,60.135,121.4727,0.66306059,20.48,58.75,1.03
2009,1,6,01/06,20,0,13.757,0,6.149,0,NA,18.27,69.13,1.14
2009,1,6,01/06,21,0,0,0,0.337,0,NA,17.15,74.95,0.71
2009,1,6,01/06,22,0,0.142,0,0.337,0,NA,17.07,76.10,0.92
2009,1,6,01/06,23,0,0.294,0,0.337,0,NA,15.94,80.65,0.91
2009,1,6,01/06,0,0,0.142,0,0.337,0,NA,15.32,82.70,0.41
2009,2,6,02/06,1,0,0.393,0,0.338,0,NA,15.61,82.70,2.02
2009,2,6,02/06,2,0,0.24,0,0.338,0,NA,14.93,83.80,1.72
2009,2,6,02/06,3,0,0.011,0,0.338,0,NA,14.48,86.65,2.18
2009,2,6,02/06,4,0,0.567,0,0.338,0,NA,13.11,91.60,1.34
2009,2,6,02/06,5,0,56.395,56.395,27.125,54.7925,0.97158436,13.61,92.75,1.68
2009,2,6,02/06,6,0,280.4,280.4,79.85,161.297,0.575238944,15.46,87.90,2.06
2009,2,6,02/06,7,0,601.35,601.35,85.9,173.518,0.288547435,17.49,79.95,2.56
2009,2,6,02/06,8,0,916.5,916.5,97.65,197.253,0.215224223,19.15,73.75,2.98
2009,2,6,02/06,9,0,1212.5,1212.5,107.15,216.443,0.178509691,20.81,66.90,2.87
2009,2,6,02/06,10,0,1439,1439,122.95,248.359,0.172591383,21.95,62.27,3.21
2009,2,6,02/06,11,0,1601,1601,122.8,248.056,0.154938164,23.06,57.92,3.21
2009,2,6,02/06,12,0,1734.5,1734.5,168,339.36,0.195652926,23.77,52.82,3.63
2009,2,6,02/06,13,0,1492,1492,239.4,483.588,0.324120643,23.88,51.34,3.94
2009,2,6,02/06,14,0,1111.5,1111.5,234.85,474.397,0.426807917,24.30,49.18,3.57
2009,2,6,02/06,15,0,1350.5,1350.5,245.55,496.011,0.367279526,24.22,48.73,2.91
2009,2,6,02/06,16,0,848.15,848.15,139.95,282.699,0.333312504,24.68,47.89,3.58
2009,2,6,02/06,17,0,698.9,698.9,162.6,328.452,0.469955645,23.80,49.72,2.71
2009,2,6,02/06,18,0,489.1,489.1,114.3,230.886,0.472062973,23.15,49.99,3.33
2009,2,6,02/06,19,0,186.2,186.2,62.07,125.3814,0.673369495,21.41,53.02,2.28
2009,2,6,02/06,20,0,15.775,0,7.191,0,NA,19.01,57.92,1.34
2009,2,6,02/06,21,0,0.436,0,0.337,0,NA,17.33,63.28,1.00
2009,2,6,02/06,22,0,0,0,0.337,0,NA,16.36,66.15,1.04
2009,2,6,02/06,23,0,0.338,0,0.337,0,NA,15.34,70.04,1.26
2009,2,6,02/06,0,0,0.229,0,0.338,0,NA,13.27,80.35,1.38
2009,3,6,03/06,1,0,0.066,0,0.338,0,NA,13.12,82.00,1.37
2009,3,6,03/06,2,0,0.251,0,0.338,0,NA,11.95,87.15,0.51
2009,3,6,03/06,3,0,0.208,0,0.358,0,NA,10.81,89.90,0.83
2009,3,6,03/06,4,0,0.458,0,0.338,0,NA,11.10,89.25,0.55
2009,3,6,03/06,5,0,54.93,54.93,24.895,50.2879,0.915490624,11.71,89.10,0.81
2009,3,6,03/06,6,0,307.4,307.4,67.755,136.8651,0.445234548,14.58,82.80,1.78
2009,3,6,03/06,7,0,621.75,621.75,70.75,142.915,0.229859268,16.26,77.05,2.44
2009,3,6,03/06,8,0,944.5,944.5,78.5,158.57,0.167887771,17.98,71.15,2.37
2009,3,6,03/06,9,0,1225,1225,96.75,195.435,0.159538776,19.87,65.87,2.51
2009,3,6,03/06,10,0,1487,1487,72.2,145.844,0.098079354,21.43,55.97,3.30
2009,3,6,03/06,11,0,1650.5,1650.5,66.185,133.6937,0.081001939,22.24,48.08,3.37
2009,3,6,03/06,12,0,1722.5,1722.5,68.175,137.7135,0.079949782,23.06,44.03,2.85
2009,3,6,03/06,13,0,1662,1662,81.55,164.731,0.099116125,23.59,44.49,2.87
2009,3,6,03/06,14,0,1511,1511,132.85,268.357,0.17760225,23.75,46.17,3.30
2009,3,6,03/06,15,0,1096,1096,330.2,667.004,0.608580292,23.99,45.07,3.08
2009,3,6,03/06,16,0,926.5,926.5,236.6,477.932,0.515846735,23.01,45.49,2.94
2009,3,6,03/06,17,0,581.5,581.5,216.15,436.623,0.750856406,22.96,47.34,2.36
2009,3,6,03/06,18,0,592.4,592.4,109.85,221.897,0.374572924,22.48,50.11,2.15
2009,3,6,03/06,19,0,143.8,143.8,56.305,113.7361,0.790932545,20.49,57.08,0.63
2009,3,6,03/06,20,0,16.205,0,7.436,0,NA,18.94,61.76,0.32
2009,3,6,03/06,21,0,0,0,0.337,0,NA,17.59,64.94,0.36
2009,3,6,03/06,22,0,0,0,0.337,0,NA,15.92,71.05,0.63
2009,3,6,03/06,23,0,0.207,0,0.338,0,NA,15.77,71.75,0.36
2009,3,6,03/06,0,0,0,0,0.338,0,NA,14.29,78.40,0.06
2009,4,6,04/06,1,0,0.469,0,0.338,0,NA,11.68,88.60,0.00
2009,4,6,04/06,2,0,0.316,0,0.338,0,NA,12.15,90.70,0.00
2009,4,6,04/06,3,0,0.436,0,0.338,0,NA,11.44,91.60,0.56
2009,4,6,04/06,4,0,0.567,0,0.338,0,NA,10.70,93.60,0.95
2009,4,6,04/06,5,0,60.755,60.755,28.445,57.4589,0.945747675,12.16,91.60,1.73
2009,4,6,04/06,6,0,290.25,290.25,79.5,160.59,0.553281654,14.58,85.15,1.08
2009,4,6,04/06,7,0,601.45,601.45,100.65,203.313,0.338038075,16.11,79.35,2.61
2009,4,6,04/06,8,0,894,894,142.45,287.749,0.32186689,17.37,74.55,2.66
2009,4,6,04/06,9,0,1216,1216,150.45,303.909,0.249925164,18.82,70.34,3.12
2009,4,6,04/06,10,0,1457,1457,139,280.78,0.19271105,19.93,65.46,2.48
2009,4,6,04/06,11,0,1471.5,1471.5,230.1,464.802,0.315869521,20.40,61.49,2.78
2009,4,6,04/06,12,0,1307.5,1307.5,310.4,627.008,0.479547228,20.63,58.25,2.99
2009,4,6,04/06,13,0,1211,1211,407.4,822.948,0.679560694,20.97,56.29,2.48
2009,4,6,04/06,14,0,860,860,313.85,633.977,0.737182558,21.13,54.41,2.15
2009,4,6,04/06,15,0,1028,1028,367.7,742.754,0.722523346,20.67,55.28,2.38
2009,4,6,04/06,16,0,752.45,752.45,297.6,601.152,0.798926174,20.80,56.67,3.40
2009,4,6,04/06,17,0,888,888,146.6,296.132,0.333481982,20.49,53.45,3.16
2009,4,6,04/06,18,0,511.75,511.75,101.6,205.232,0.40103957,19.82,55.55,2.10
2009,4,6,04/06,19,0,199.85,199.85,78.8,159.176,0.796477358,18.14,58.45,1.73
2009,4,6,04/06,20,0,15.199,0,6.655,0,NA,15.83,63.83,1.62
2009,4,6,04/06,21,0,0,0,0.337,0,NA,14.39,69.09,1.53
2009,4,6,04/06,22,0,0,0,0.338,0,NA,13.78,72.25,1.21
2009,4,6,04/06,23,0,0,0,0.338,0,NA,13.07,74.20,0.99
2009,4,6,04/06,0,0,0.142,0,0.338,0,NA,12.27,77.20,1.04
2009,5,6,05/06,1,0,0.131,0,0.338,0,NA,11.98,79.25,1.33
2009,5,6,05/06,2,0,0.207,0,0.338,0,NA,11.79,80.95,1.51
2009,5,6,05/06,3,0,0.175,0,0.338,0,NA,11.70,80.35,1.78
2009,5,6,05/06,4,0,0.284,0,0.338,0,NA,11.47,79.65,2.28
2009,5,6,05/06,5,0,33.765,33.765,15.905,32.1281,0.951520806,11.23,77.90,2.53
2009,5,6,05/06,6,0,300.45,300.45,80.5,162.61,0.541221501,12.71,71.20,3.29
2009,5,6,05/06,7,0,527.15,527.15,193.65,391.173,0.742052547,13.57,70.24,2.85
2009,5,6,05/06,8,0,661.7,661.7,295.9,597.718,0.903306634,15.46,62.56,3.66
2009,5,6,05/06,9,0,1173.5,1173.5,327.6,661.752,0.563913081,16.25,59.83,3.61
2009,5,6,05/06,10,0,997.5,997.5,473.75,956.975,0.959373434,16.60,61.28,3.44
2009,5,6,05/06,11,0,871.75,871.75,325.6,657.712,0.754473186,17.24,60.82,3.67
2009,5,6,05/06,12,0,1352,1352,423.55,855.571,0.632818787,18.24,58.95,2.91
2009,5,6,05/06,13,0,1510.5,1510.5,291.35,588.527,0.389623966,19.34,57.66,2.85
2009,5,6,05/06,14,0,1669.5,1669.5,180.35,364.307,0.218213237,20.58,54.80,1.88
2009,5,6,05/06,15,0,937.5,937.5,392.75,793.355,0.846245333,20.07,55.19,1.48
2009,5,6,05/06,16,0,159.15,159.15,79.305,160.1961,1,18.42,73.29,0.00
2009,5,6,05/06,17,0,105.3,105.3,52.99,107.0398,1,16.45,82.85,0.74
2009,5,6,05/06,18,0,58.86,58.86,28.77,58.1154,0.987349643,15.73,92.35,0.20
2009,5,6,05/06,19,0,27.04,27.04,12.395,25.0379,0.92595784,15.59,92.90,0.00
2009,5,6,05/06,20,0,2.376,0,0.454,0,NA,15.16,92.90,1.13
2009,5,6,05/06,21,0,0.109,0,0.337,0,NA,14.63,95.45,0.89
2009,5,6,05/06,22,0,0.175,0,0.337,0,NA,13.64,94.50,1.71
2009,5,6,05/06,23,0,0.229,0,0.338,0,NA,12.95,94.90,1.32
2009,5,6,05/06,0,0,0,0,0.338,0,NA,12.84,95.00,0.54
2009,6,6,06/06,1,0,0.033,0,0.338,0,NA,12.76,96.40,0.49
2009,6,6,06/06,2,0,0.621,0,0.338,0,NA,12.77,97.00,1.57
2009,6,6,06/06,3,0,0.305,0,0.338,0,NA,12.72,96.85,1.01
2009,6,6,06/06,4,0,0.425,0,0.338,0,NA,12.20,97.35,0.88
2009,6,6,06/06,5,0,32.835,32.835,15.255,30.8151,0.938483326,12.17,98.20,1.37
2009,6,6,06/06,6,0,86.3,86.3,42.89,86.6378,1,12.41,97.85,1.78
2009,6,6,06/06,7,0,211,211,105.5,213.11,1,13.26,96.30,0.33
2009,6,6,06/06,8,0,229,229,117.75,237.855,1,14.05,94.20,0.07
2009,6,6,06/06,9,0,266.2,266.2,133.65,269.973,1,13.86,92.90,1.07
2009,6,6,06/06,10,0,466.2,466.2,240.35,485.507,1,14.90,89.50,1.28
2009,6,6,06/06,11,0,283.65,283.65,141.2,285.224,1,14.53,87.35,1.78
2009,6,6,06/06,12,0,1687,1687,417.65,843.653,0.500090694,15.94,76.95,1.01
2009,6,6,06/06,13,0,1087.8,1087.8,406.1,820.322,0.75411105,17.14,73.90,2.01
2009,6,6,06/06,14,0,1765.5,1765.5,246.35,497.627,0.281861796,15.46,79.90,4.32
2009,6,6,06/06,15,0,168.3,168.3,85.24,172.1848,1,13.51,96.05,2.07
2009,6,6,06/06,16,0,434.8,434.8,198.2,400.364,0.920800368,14.77,93.40,3.07
2009,6,6,06/06,17,0,637.65,637.65,167,337.34,0.529036305,15.48,84.70,2.21
2009,6,6,06/06,18,0,303.3,303.3,117.75,237.855,0.784223541,15.20,82.70,2.28
2009,6,6,06/06,19,0,183.9,183.9,80.8,163.216,0.887525829,14.41,85.75,2.93
2009,6,6,06/06,20,0,13.775,0,5.894,0,NA,12.74,95.70,1.03
2009,6,6,06/06,21,0,0.066,0,0.338,0,NA,13.34,94.90,0.83
2009,6,6,06/06,22,0,0.077,0,0.338,0,NA,13.42,96.70,1.91
2009,6,6,06/06,23,0,0.055,0,0.338,0,NA,13.50,96.10,2.75
2009,6,6,06/06,0,0,0.185,0,0.338,0,NA,13.36,97.05,1.46
2009,7,6,07/06,1,0,0.295,0,0.338,0,NA,12.96,96.30,2.46
2009,7,6,07/06,2,0,0.12,0,0.338,0,NA,12.03,95.70,1.93
2009,7,6,07/06,3,0,0.469,0,0.338,0,NA,10.59,96.30,1.15
2009,7,6,07/06,4,0,0.48,0,0.338,0,NA,10.08,97.25,1.25
2009,7,6,07/06,5,0,49.475,49.475,24.205,48.8941,0.988258717,10.10,96.60,0.86
2009,7,6,07/06,6,0,204.95,204.95,97.75,197.455,0.963430105,10.73,94.30,1.11
2009,7,6,07/06,7,0,589.15,589.15,128.35,259.267,0.440069592,12.07,87.55,1.57
2009,7,6,07/06,8,0,920,920,83.5,168.67,0.183336957,13.24,72.50,2.78
2009,7,6,07/06,9,0,1076.5,1076.5,172.2,347.844,0.323124942,14.24,64.75,4.30
2009,7,6,07/06,10,0,1427.5,1427.5,132.3,267.246,0.187212609,15.51,58.13,4.67
2009,7,6,07/06,11,0,671.2,671.2,269.25,543.885,0.810317342,13.15,78.60,4.55
2009,7,6,07/06,12,0,1066.5,1066.5,434.25,877.185,0.822489451,14.60,69.17,5.61
2009,7,6,07/06,13,0,1541,1541,302.45,610.949,0.396462687,13.48,83.65,4.08
2009,7,6,07/06,14,0,1130,1130,395.05,798.001,0.706195575,15.66,73.75,4.90
2009,7,6,07/06,15,0,868.8,868.8,325.5,657.51,0.756802486,14.75,72.85,5.64
2009,7,6,07/06,16,0,607.05,607.05,240.15,485.103,0.799115394,15.81,61.19,5.26
2009,7,6,07/06,17,0,445.55,445.55,206.1,416.322,0.93440018,15.12,59.11,3.65
2009,7,6,07/06,18,0,155.8,155.8,79.95,161.499,1,14.48,61.12,2.75
2009,7,6,07/06,19,0,160.85,160.85,75.22,151.9444,0.944634131,13.49,73.90,1.93
2009,7,6,07/06,20,0,18.155,0,8.38,0,NA,11.74,86.80,1.41
2009,7,6,07/06,21,0,0,0,0.338,0,NA,10.69,91.80,0.49
2009,7,6,07/06,22,0,0.098,0,0.338,0,NA,9.56,95.65,0.35
2009,7,6,07/06,23,0,0.175,0,0.338,0,NA,10.18,96.20,0.57
2009,7,6,07/06,0,0,0.273,0,0.338,0,NA,10.85,94.95,0.46
2009,8,6,08/06,1,0,0.349,0,0.338,0,NA,11.20,96.15,0.00
2009,8,6,08/06,2,0,0.044,0,0.338,0,NA,11.30,96.85,0.00
2009,8,6,08/06,3,0,0,0,0.338,0,NA,11.46,97.60,0.00
2009,8,6,08/06,4,0,0.698,0,0.338,0,NA,11.62,98.05,0.00
2009,8,6,08/06,5,0,12.488,12.488,4.91,9.9182,0.79421845,11.89,98.35,0.02
2009,8,6,08/06,6,0,16.13,16.13,6.991,14.12182,0.87550031,11.99,98.40,0.11
2009,8,6,08/06,7,0,48.055,48.055,24.145,48.7729,1,12.16,98.20,0.38
2009,8,6,08/06,8,0,62.52,62.52,31.855,64.3471,1,12.87,97.85,2.23
2009,8,6,08/06,9,0,253.75,253.75,130.7,264.014,1,14.11,95.40,2.59
2009,8,6,08/06,10,0,553.2,553.2,277.35,560.247,1,16.06,88.50,4.31
2009,8,6,08/06,11,0,643.6,643.6,328.2,662.964,1,15.74,88.70,4.02
2009,8,6,08/06,12,0,443.55,443.55,228.95,462.479,1,15.73,91.85,4.12
2009,8,6,08/06,13,0,776.3,776.3,372.5,752.45,0.969277341,16.07,87.90,2.51
2009,8,6,08/06,14,0,584.9,584.9,300.35,606.707,1,17.79,84.80,3.57
2009,8,6,08/06,15,0,1447,1447,199.1,402.182,0.277941949,18.53,64.45,4.21
2009,8,6,08/06,16,0,1171.5,1171.5,123.15,248.763,0.212345711,19.10,64.30,4.19
2009,8,6,08/06,17,0,967,967,130.9,264.418,0.273441572,18.97,60.47,3.40
2009,8,6,08/06,18,0,605.55,605.55,118.7,239.774,0.395960697,18.32,62.67,2.07
2009,8,6,08/06,19,0,106.05,106.05,45.485,91.8797,0.866380952,16.26,72.32,0.95
2009,8,6,08/06,20,0,17.065,0,7.828,0,NA,13.24,89.85,0.15
2009,8,6,08/06,21,0,0.055,0,0.337,0,NA,11.39,92.50,0.47
2009,8,6,08/06,22,0,0.044,0,0.338,0,NA,12.73,80.20,1.48
2009,8,6,08/06,23,0,0.175,0,0.338,0,NA,12.88,80.70,2.29
2009,8,6,08/06,0,0,0,0,0.338,0,NA,12.80,83.90,2.24
2009,9,6,09/06,1,0,0,0,0.338,0,NA,12.78,86.30,2.87
2009,9,6,09/06,2,0,0.305,0,0.338,0,NA,12.45,90.85,2.87
2009,9,6,09/06,3,0,0,0,0.338,0,NA,12.79,91.75,4.52
2009,9,6,09/06,4,0,0.077,0,0.338,0,NA,12.78,93.00,5.06
2009,9,6,09/06,5,0,34.59,34.59,16.73,33.7946,0.977004915,12.72,90.75,5.15
2009,9,6,09/06,6,0,242.15,242.15,89.285,180.3557,0.744809829,13.47,90.00,4.88
2009,9,6,09/06,7,0,251.25,251.25,126.05,254.621,1,14.00,88.75,5.12
2009,9,6,09/06,8,0,700.2,700.2,221.95,448.339,0.640301342,15.43,80.45,5.50
2009,9,6,09/06,9,0,830.2,830.2,271.5,548.43,0.660599855,16.35,70.14,6.10
2009,9,6,09/06,10,0,1139,1139,324.35,655.187,0.575230026,16.96,68.00,5.30
2009,9,6,09/06,11,0,1364,1364,281.4,568.428,0.41673607,17.46,66.41,5.98
2009,9,6,09/06,12,0,1440,1440,368.4,744.168,0.516783333,16.78,67.93,6.23
2009,9,6,09/06,13,0,1689,1689,255.55,516.211,0.305631143,17.96,61.68,7.12
2009,9,6,09/06,14,0,1422,1422,194,391.88,0.275583685,17.84,61.32,6.79
2009,9,6,09/06,15,0,1453.5,1453.5,151.55,306.131,0.210616443,17.42,61.88,6.64
2009,9,6,09/06,16,0,994.5,994.5,138.7,280.174,0.281723479,17.20,58.56,6.16
2009,9,6,09/06,17,0,884,884,103.05,208.161,0.235476244,16.61,63.72,5.17
2009,9,6,09/06,18,0,523.75,523.75,104.8,211.696,0.40419284,16.15,65.15,4.19
2009,9,6,09/06,19,0,149.5,149.5,57.78,116.7156,0.780706355,14.29,74.90,2.42
2009,9,6,09/06,20,0,18.685,0,8.686,0,NA,12.77,80.35,2.05
2009,9,6,09/06,21,0,0.273,0,0.338,0,NA,11.53,87.50,1.55
2009,9,6,09/06,22,0,0.131,0,0.338,0,NA,10.46,92.10,1.18
2009,9,6,09/06,23,0,0.305,0,0.338,0,NA,10.45,93.45,1.21
2009,9,6,09/06,0,0,0.131,0,0.338,0,NA,10.51,94.90,1.32
2009,10,6,10/06,1,0,0.763,0,0.338,0,NA,10.43,95.40,1.42
2009,10,6,10/06,2,0,0.218,0,0.338,0,NA,11.23,94.55,1.84
2009,10,6,10/06,3,0,0.393,0,0.338,0,NA,11.70,93.00,1.86
2009,10,6,10/06,4,0,0.534,0,0.338,0,NA,12.06,89.10,2.35
2009,10,6,10/06,5,0,14.645,14.645,6.119,12.36038,0.844,11.96,91.25,1.52
2009,10,6,10/06,6,0,168,168,81.95,165.539,0.98535119,12.78,89.20,2.34
2009,10,6,10/06,7,0,347.05,347.05,175.55,354.611,1,14.87,81.00,3.03
2009,10,6,10/06,8,0,747.5,747.5,321.8,650.036,0.869613378,16.92,73.25,4.71
2009,10,6,10/06,9,0,636.3,636.3,301.95,609.939,0.958571429,17.69,74.00,4.20
2009,10,6,10/06,10,0,672.8,672.8,329.45,665.489,0.989133472,18.43,73.25,4.92
2009,10,6,10/06,11,0,1111,1111,422.25,852.945,0.767727273,18.08,78.65,5.46
2009,10,6,10/06,12,0,222.95,222.95,115.85,234.017,1,16.31,95.35,4.47
2009,10,6,10/06,13,0,646.45,646.45,328.55,663.671,1,18.14,89.65,4.91
2009,10,6,10/06,14,0,318.15,318.15,166.5,336.33,1,17.05,93.45,5.47
2009,10,6,10/06,15,0,541.95,541.95,282.2,570.044,1,18.15,88.30,5.86
2009,10,6,10/06,16,0,563.85,563.85,234.45,473.589,0.839920192,18.51,81.35,5.59
2009,10,6,10/06,17,0,524.7,524.7,174.25,351.985,0.670830951,18.48,75.35,7.09
2009,10,6,10/06,18,0,340.75,340.75,112.4,227.048,0.666318415,17.50,77.15,6.64
2009,10,6,10/06,19,0,92.05,92.05,42.595,86.0419,0.934730038,16.34,81.80,5.98
2009,10,6,10/06,20,0,6.256,0,1.884,0,NA,15.62,81.80,6.42
2009,10,6,10/06,21,0,0,0,0.337,0,NA,15.16,84.35,4.66
2009,10,6,10/06,22,0,0.284,0,0.337,0,NA,14.81,85.70,5.46
2009,10,6,10/06,23,0,0.207,0,0.337,0,NA,14.34,83.95,4.92
2009,10,6,10/06,0,0,0.022,0,0.337,0,NA,14.00,86.05,3.56
2009,11,6,11/06,1,0,0.196,0,0.338,0,NA,13.75,87.50,3.31
2009,11,6,11/06,2,0,0.033,0,0.338,0,NA,12.86,92.05,2.93
2009,11,6,11/06,3,0,0.087,0,0.338,0,NA,11.80,95.00,2.19
2009,11,6,11/06,4,0,0.894,0,0.338,0,NA,11.65,96.75,2.22
2009,11,6,11/06,5,0,39.31,39.31,18.64,37.6528,0.957842788,11.71,95.65,2.40
2009,11,6,11/06,6,0,302.85,302.85,99.85,201.697,0.665996368,12.12,93.50,2.12
2009,11,6,11/06,7,0,600.15,600.15,82.25,166.145,0.276839124,14.08,80.15,2.22
2009,11,6,11/06,8,0,965,965,77.5,156.55,0.162227979,15.10,73.40,2.49
2009,11,6,11/06,9,0,1174,1174,123.35,249.167,0.212237649,16.07,67.63,2.55
2009,11,6,11/06,10,0,1486.5,1486.5,149.8,302.596,0.203562731,16.92,63.97,2.58
2009,11,6,11/06,11,0,1461,1461,266.15,537.623,0.367982888,17.77,61.60,2.07
2009,11,6,11/06,12,0,1604,1604,271.55,548.531,0.341976933,18.54,58.77,2.33
2009,11,6,11/06,13,0,1925,1925,262.35,529.947,0.275297143,19.23,56.30,2.40
2009,11,6,11/06,14,0,1208,1208,239.05,482.881,0.399735927,19.72,53.73,1.56
2009,11,6,11/06,15,0,1233,1233,233.35,471.367,0.382292782,19.88,52.93,1.57
2009,11,6,11/06,16,0,813.4,813.4,181,365.62,0.449495943,19.91,53.28,1.82
2009,11,6,11/06,17,0,876,876,76.2,153.924,0.175712329,20.00,56.08,1.98
2009,11,6,11/06,18,0,530.5,530.5,71.3,144.026,0.271491046,19.20,55.08,2.11
2009,11,6,11/06,19,0,223.55,223.55,51.875,104.7875,0.468743011,17.26,64.90,1.15
2009,11,6,11/06,20,0,24.205,0,11.677,0,NA,14.55,75.15,1.41
2009,11,6,11/06,21,0,0.055,0,0.337,0,NA,13.44,79.40,1.34
2009,11,6,11/06,22,0,0.109,0,0.338,0,NA,12.62,82.75,1.06
2009,11,6,11/06,23,0,0.469,0,0.338,0,NA,11.74,88.05,0.65
2009,11,6,11/06,0,0,0.458,0,0.338,0,NA,10.95,92.05,0.08
2009,12,6,12/06,1,0,0.262,0,0.338,0,NA,10.73,94.70,0.00
2009,12,6,12/06,2,0,0.654,0,0.338,0,NA,9.74,97.00,0.00
2009,12,6,12/06,3,0,0.382,0,0.338,0,NA,8.84,97.50,0.00
2009,12,6,12/06,4,0,1.046,0,0.338,0,NA,8.53,97.95,0.00
2009,12,6,12/06,5,0,80.285,80.285,28.925,58.4285,0.727763592,10.07,97.90,0.00
2009,12,6,12/06,6,0,327.15,327.15,64.985,131.2697,0.401252331,14.52,86.60,0.00
2009,12,6,12/06,7,0,649.4,649.4,45.745,92.4049,0.142292732,17.01,71.08,0.00
2009,12,6,12/06,8,0,974,974,48.48,97.9296,0.100543737,17.17,66.60,1.06
2009,12,6,12/06,9,0,1194,1194,159.9,322.998,0.270517588,18.00,67.94,1.62
2009,12,6,12/06,10,0,1204.5,1204.5,288.95,583.679,0.484581984,18.03,72.10,2.17
2009,12,6,12/06,11,0,1293,1293,320.6,647.612,0.500860015,18.41,71.25,2.00
2009,12,6,12/06,12,0,1268.5,1268.5,447.35,903.647,0.712374458,19.18,69.85,2.01
2009,12,6,12/06,13,0,862,862,390.6,789.012,0.915327146,19.52,65.87,1.42
2009,12,6,12/06,14,0,1407,1407,251.25,507.525,0.360714286,20.96,65.26,1.15
2009,12,6,12/06,15,0,1479,1479,150.05,303.101,0.204936444,21.40,61.58,0.97
2009,12,6,12/06,16,0,1193.5,1193.5,49.22,99.4244,0.083304902,21.63,59.98,0.75
2009,12,6,12/06,17,0,880.5,880.5,41.425,83.6785,0.095035207,21.80,60.93,1.11
2009,12,6,12/06,18,0,553.7,553.7,47.96,96.8792,0.17496695,22.25,58.21,0.18
2009,12,6,12/06,19,0,237.6,237.6,47.135,95.2127,0.400726852,20.19,69.41,0.13
2009,12,6,12/06,20,0,24.765,0,12.036,0,NA,16.21,89.40,0.00
2009,12,6,12/06,21,0,0.48,0,0.337,0,NA,14.33,94.65,0.00
2009,12,6,12/06,22,0,0.088,0,0.337,0,NA,14.53,90.10,0.00
2009,12,6,12/06,23,0,0.425,0,0.338,0,NA,13.42,94.70,0.00
2009,12,6,12/06,0,0,0.262,0,0.338,0,NA,13.67,91.25,0.00
2009,13,6,13/06,1,0,0.349,0,0.338,0,NA,13.79,90.25,0.00
2009,13,6,13/06,2,0,0.273,0,0.338,0,NA,13.65,89.40,0.18
2009,13,6,13/06,3,0,0.218,0,0.338,0,NA,12.98,91.55,0.00
2009,13,6,13/06,4,0,1.112,0,0.351,0,NA,12.73,93.40,0.24
2009,13,6,13/06,5,0,86.915,86.915,28.035,56.6307,0.651564172,14.50,87.60,0.22
2009,13,6,13/06,6,0,335,335,46.6,94.132,0.280991045,16.41,82.90,1.31
2009,13,6,13/06,7,0,652.7,652.7,39.985,80.7697,0.123747051,18.49,76.85,1.64
2009,13,6,13/06,8,0,971,971,41.575,83.9815,0.086489701,20.17,71.20,2.53
2009,13,6,13/06,9,0,1258,1258,58.64,118.4528,0.094159618,21.79,67.18,2.96
2009,13,6,13/06,10,0,1390,1390,133.95,270.579,0.194661151,22.96,63.99,2.84
2009,13,6,13/06,11,0,1648,1648,78.8,159.176,0.096587379,24.18,55.31,2.39
2009,13,6,13/06,12,0,1502,1502,279.65,564.893,0.376093875,24.53,55.58,2.45
2009,13,6,13/06,13,0,1483,1483,390.4,788.608,0.531765341,25.57,52.71,1.98
2009,13,6,13/06,14,0,1613.5,1613.5,101.85,205.737,0.127509761,26.12,52.09,1.90
2009,13,6,13/06,15,0,1425.5,1425.5,87.95,177.659,0.124629253,26.50,51.85,1.92
2009,13,6,13/06,16,0,1160.5,1160.5,77.55,156.651,0.134985782,26.81,51.12,1.57
2009,13,6,13/06,17,0,851,851,71.85,145.137,0.170548766,26.49,54.07,1.39
2009,13,6,13/06,18,0,527.2,527.2,87.85,177.457,0.336602807,25.95,58.99,0.52
2009,13,6,13/06,19,0,280.3,280.3,84.15,169.983,0.606432394,25.00,63.67,0.00
2009,13,6,13/06,20,0,24.645,0,11.962,0,NA,23.02,67.46,0.37
2009,13,6,13/06,21,0,0.578,0,0.337,0,NA,19.22,88.00,0.00
2009,13,6,13/06,22,0,0.621,0,0.337,0,NA,17.78,93.15,0.00
2009,13,6,13/06,23,0,0,0,0.337,0,NA,17.07,94.10,0.00
2009,13,6,13/06,0,0,0.251,0,0.337,0,NA,17.01,94.25,0.00
2009,14,6,14/06,1,0,0.36,0,0.337,0,NA,15.78,95.75,0.00
2009,14,6,14/06,2,0,0.327,0,0.337,0,NA,15.54,96.95,0.00
2009,14,6,14/06,3,0,0.131,0,0.337,0,NA,15.14,97.05,0.00
2009,14,6,14/06,4,0,1.036,0,0.338,0,NA,14.25,97.50,0.00
2009,14,6,14/06,5,0,59.015,59.015,29.28,59.1456,1,16.48,95.45,1.22
2009,14,6,14/06,6,0,14.995,14.995,6.296,12.71792,0.848144048,17.00,95.90,2.31
2009,14,6,14/06,7,0,86.85,86.85,43.485,87.8397,1,17.41,95.35,0.70
2009,14,6,14/06,8,0,227.65,227.65,114.35,230.987,1,18.63,94.70,0.15
2009,14,6,14/06,9,0,447.6,447.6,226.6,457.732,1,20.24,91.50,0.46
2009,14,6,14/06,10,0,752.05,752.05,369.65,746.693,0.992876803,21.46,86.15,1.11
2009,14,6,14/06,11,0,509.4,509.4,251.15,507.323,0.995922654,22.13,81.65,1.69
2009,14,6,14/06,12,0,580.4,580.4,293.8,593.476,1,22.50,81.25,1.08
2009,14,6,14/06,13,0,236.15,236.15,120.95,244.319,1,22.36,84.05,0.85
2009,14,6,14/06,14,0,1022,1022,454.7,918.494,0.898722114,23.48,76.15,1.52
2009,14,6,14/06,15,0,827,827,393.95,795.779,0.962247884,23.69,71.20,0.87
2009,14,6,14/06,16,0,652.15,652.15,298.2,602.364,0.923658667,24.13,63.76,0.00
2009,14,6,14/06,17,0,580.4,580.4,249.3,503.586,0.867653343,24.17,63.84,0.00
2009,14,6,14/06,18,0,380.5,380.5,187.6,378.952,0.995931669,22.95,77.00,0.00
2009,14,6,14/06,19,0,95.6,95.6,48.625,98.2225,1,21.76,84.00,0.00
2009,14,6,14/06,20,0,12.034,0,4.865,0,NA,19.89,95.15,0.00
2009,14,6,14/06,21,0,0.295,0,0.337,0,NA,19.67,95.85,0.00
2009,14,6,14/06,22,0,0.403,0,0.337,0,NA,19.61,95.15,0.00
2009,14,6,14/06,23,0,0.077,0,0.337,0,NA,20.02,94.60,2.20
2009,14,6,14/06,0,0,0.066,0,0.337,0,NA,19.48,94.80,2.13
2009,15,6,15/06,1,0,0,0,0.337,0,NA,18.97,96.05,1.64
2009,15,6,15/06,2,0,0.011,0,0.337,0,NA,18.45,93.75,2.51
2009,15,6,15/06,3,0,0.023,0,0.356,0,NA,17.36,88.80,1.63
2009,15,6,15/06,4,0,0.175,0,0.337,0,NA,16.70,86.45,2.56
2009,15,6,15/06,5,0,15.54,15.54,6.815,13.7663,0.885862291,16.61,91.05,0.68
2009,15,6,15/06,6,0,129.95,129.95,67.58,136.5116,1,16.78,91.60,1.70
2009,15,6,15/06,7,0,329.1,329.1,163.4,330.068,1,17.65,85.65,2.94
2009,15,6,15/06,8,0,368.45,368.45,187.9,379.558,1,17.92,85.95,2.89
2009,15,6,15/06,9,0,510.9,510.9,254.1,513.282,1,18.42,82.55,3.20
2009,15,6,15/06,10,0,280.85,280.85,143.9,290.678,1,18.51,82.85,1.45
2009,15,6,15/06,11,0,295.7,295.7,152.75,308.555,1,18.40,85.75,0.98
2009,15,6,15/06,12,0,299.2,299.2,154.4,311.888,1,17.90,88.35,1.64
2009,15,6,15/06,13,0,102.2,102.2,52.775,106.6055,1,17.03,94.35,1.47
2009,15,6,15/06,14,0,301.6,301.6,157.25,317.645,1,17.62,91.70,2.00
2009,15,6,15/06,15,0,1057.5,1057.5,407.75,823.655,0.778869976,20.12,74.30,2.89
2009,15,6,15/06,16,0,637.4,637.4,221.7,447.834,0.702594917,20.61,69.27,3.08
2009,15,6,15/06,17,0,525.75,525.75,183.95,371.579,0.706759867,20.08,67.59,3.19
2009,15,6,15/06,18,0,262.35,262.35,125.05,252.601,0.962839718,19.08,77.50,2.91
2009,15,6,15/06,19,0,207.6,207.6,99.2,200.384,0.965240848,17.37,78.60,2.70
2009,15,6,15/06,20,0,24.465,0,11.961,0,NA,15.56,86.80,0.00
2009,15,6,15/06,21,0,0.109,0,0.337,0,NA,13.10,94.60,0.41
2009,15,6,15/06,22,0,0.033,0,0.338,0,NA,13.98,82.05,1.65
2009,15,6,15/06,23,0,0.044,0,0.338,0,NA,11.82,82.05,0.98
2009,15,6,15/06,0,0,0,0,0.338,0,NA,10.81,87.20,1.16
2009,16,6,16/06,1,0,0,0,0.338,0,NA,10.36,92.20,1.36
2009,16,6,16/06,2,0,0.175,0,0.338,0,NA,10.28,95.20,1.19
2009,16,6,16/06,3,0,0.796,0,0.34,0,NA,10.21,95.20,1.04
2009,16,6,16/06,4,0,0.469,0,0.338,0,NA,10.17,96.15,1.00
2009,16,6,16/06,5,0,34.05,34.05,16.485,33.2997,0.977964758,9.98,97.20,0.84
2009,16,6,16/06,6,0,293.7,293.7,76.485,154.4997,0.526045965,11.92,95.30,0.07
2009,16,6,16/06,7,0,633.1,633.1,64.865,131.0273,0.206961459,14.21,86.80,0.76
2009,16,6,16/06,8,0,922.5,922.5,83.7,169.074,0.183278049,16.00,80.00,0.51
2009,16,6,16/06,9,0,1193,1193,114,230.28,0.193025985,17.50,74.20,1.19
2009,16,6,16/06,10,0,1221.5,1221.5,243.95,492.779,0.403421203,18.43,66.24,1.26
2009,16,6,16/06,11,0,848,848,311.3,628.826,0.741540094,18.44,65.67,1.26
2009,16,6,16/06,12,0,1054.5,1054.5,356.45,720.029,0.682815552,19.82,60.81,1.31
2009,16,6,16/06,13,0,1329.5,1329.5,380.3,768.206,0.57781572,20.15,58.42,1.12
2009,16,6,16/06,14,0,1333,1333,325.35,657.207,0.493028507,20.66,58.17,1.56
2009,16,6,16/06,15,0,1438.5,1438.5,106.9,215.938,0.150113312,21.04,54.76,1.46
2009,16,6,16/06,16,0,1149,1149,86.25,174.225,0.151631854,21.07,54.26,1.25
2009,16,6,16/06,17,0,876.5,876.5,66.12,133.5624,0.152381517,20.85,55.41,0.92
2009,16,6,16/06,18,0,554,554,122.85,248.157,0.447936823,20.35,58.48,0.62
2009,16,6,16/06,19,0,240.95,240.95,90,181.8,0.754513385,19.16,66.38,0.00
2009,16,6,16/06,20,0,34.435,0,17.1,0,NA,17.25,73.65,0.00
2009,16,6,16/06,21,0,0,0,0.337,0,NA,16.18,77.65,0.00
2009,16,6,16/06,22,0,0.044,0,0.337,0,NA,15.27,81.50,0.00
2009,16,6,16/06,23,0,0.022,0,0.338,0,NA,13.87,86.80,0.00
2009,16,6,16/06,0,0,0.164,0,0.338,0,NA,12.97,89.00,0.00
2009,17,6,17/06,1,0,0.545,0,0.338,0,NA,12.88,87.55,0.00
2009,17,6,17/06,2,0,0.229,0,0.338,0,NA,12.57,89.35,0.00
2009,17,6,17/06,3,0,0.087,0,0.338,0,NA,11.98,91.90,0.00
2009,17,6,17/06,4,0,1.167,0,0.338,0,NA,11.79,93.25,0.00
2009,17,6,17/06,5,0,72.87,72.87,29.88,60.3576,0.828291478,12.68,91.65,0.06
2009,17,6,17/06,6,0,311.15,311.15,63.125,127.5125,0.409810381,14.46,87.15,0.26
2009,17,6,17/06,7,0,624,624,61.78,124.7956,0.199992949,16.71,80.70,0.87
2009,17,6,17/06,8,0,937,937,79,159.58,0.170309498,18.93,74.30,0.96
2009,17,6,17/06,9,0,1214,1214,93.85,189.577,0.156158979,21.60,67.07,0.25
2009,17,6,17/06,10,0,1461.5,1461.5,97.8,197.556,0.135173452,23.16,60.31,1.80
2009,17,6,17/06,11,0,1624,1624,112.1,226.442,0.139434729,24.66,49.52,1.96
2009,17,6,17/06,12,0,1666.5,1666.5,156,315.12,0.189090909,24.86,50.27,1.72
2009,17,6,17/06,13,0,1202,1202,306.6,619.332,0.515251248,26.08,51.56,2.41
2009,17,6,17/06,14,0,1612,1612,113.3,228.866,0.141976427,26.83,51.36,2.62
2009,17,6,17/06,15,0,1410.5,1410.5,109.4,220.988,0.15667352,27.18,51.18,2.26
2009,17,6,17/06,16,0,1155,1155,80.3,162.206,0.140438095,27.12,51.92,2.27
2009,17,6,17/06,17,0,853.5,853.5,89.1,179.982,0.21087522,26.92,52.96,1.62
2009,17,6,17/06,18,0,503,503,100,202,0.401590457,24.64,59.68,2.21
2009,17,6,17/06,19,0,146.8,146.8,61.795,124.8259,0.85031267,22.01,70.15,0.00
2009,17,6,17/06,20,0,23.82,0,11.42,0,NA,20.16,73.30,0.11
2009,17,6,17/06,21,0,0.284,0,0.337,0,NA,18.75,77.10,0.57
2009,17,6,17/06,22,0,0.142,0,0.337,0,NA,17.94,76.30,1.37
2009,17,6,17/06,23,0,0.163,0,0.337,0,NA,16.58,82.60,0.77
2009,17,6,17/06,0,0,0.218,0,0.337,0,NA,15.62,83.90,0.00
2009,18,6,18/06,1,0,0.175,0,0.337,0,NA,14.65,86.75,0.07
2009,18,6,18/06,2,0,0.273,0,0.338,0,NA,13.60,91.65,0.00
2009,18,6,18/06,3,0,0.349,0,0.338,0,NA,13.06,93.95,0.00
2009,18,6,18/06,4,0,1.439,0,0.345,0,NA,12.67,95.00,0.05
2009,18,6,18/06,5,0,68.565,68.565,28.055,56.6711,0.826531029,13.05,94.50,0.00
2009,18,6,18/06,6,0,317.9,317.9,57.11,115.3622,0.36288833,14.53,89.90,0.08
2009,18,6,18/06,7,0,655.95,655.95,54.35,109.787,0.167370989,16.82,81.95,0.88
2009,18,6,18/06,8,0,924.5,924.5,72.31,146.0662,0.157994808,18.36,76.50,1.16
2009,18,6,18/06,9,0,1196.5,1196.5,88.55,178.871,0.149495194,20.17,65.97,0.57
2009,18,6,18/06,10,0,1485,1485,55.77,112.6554,0.075862222,21.11,55.53,1.06
2009,18,6,18/06,11,0,1647,1647,55.97,113.0594,0.068645659,22.17,50.99,0.96
2009,18,6,18/06,12,0,1734,1734,53.38,107.8276,0.062184314,23.26,44.18,0.83
2009,18,6,18/06,13,0,1725.5,1725.5,52.06,105.1612,0.060945349,24.10,42.85,0.91
2009,18,6,18/06,14,0,1627.5,1627.5,51.33,103.6866,0.063709124,24.68,43.63,0.73
2009,18,6,18/06,15,0,1445,1445,63.715,128.7043,0.08906872,24.88,44.21,1.17
2009,18,6,18/06,16,0,1193.5,1193.5,45.64,92.1928,0.077245748,24.69,46.49,2.01
2009,18,6,18/06,17,0,897.5,897.5,42.44,85.7288,0.095519554,24.42,49.57,0.94
2009,18,6,18/06,18,0,567.8,567.8,51.375,103.7775,0.182771222,23.79,56.40,0.15
2009,18,6,18/06,19,0,90.85,90.85,45.27,91.4454,1,21.08,76.35,0.66
2009,18,6,18/06,20,0,22.24,0,10.309,0,NA,19.29,84.20,1.38
2009,18,6,18/06,21,0,0.098,0,0.337,0,NA,18.01,88.40,0.02
2009,18,6,18/06,22,0,0.294,0,0.337,0,NA,16.98,91.55,0.00
2009,18,6,18/06,23,0,0.48,0,0.337,0,NA,16.30,94.10,0.00
2009,18,6,18/06,0,0,0.24,0,0.337,0,NA,16.46,95.70,0.00
2009,19,6,19/06,1,0,0.109,0,0.337,0,NA,16.19,96.30,0.00
2009,19,6,19/06,2,0,0.425,0,0.337,0,NA,16.32,96.95,0.00
2009,19,6,19/06,3,0,0.403,0,0.337,0,NA,16.61,92.45,2.36
2009,19,6,19/06,4,0,0.545,0,0.337,0,NA,16.06,94.80,1.82
2009,19,6,19/06,5,0,29.43,29.43,13.755,27.7851,0.944108053,14.06,95.50,2.17
2009,19,6,19/06,6,0,115.25,115.25,57.175,115.4935,1,14.15,93.05,2.79
2009,19,6,19/06,7,0,360.7,360.7,158.9,320.978,0.889875243,14.89,86.30,3.11
2009,19,6,19/06,8,0,307.9,307.9,155.5,314.11,1,15.69,83.85,3.06
2009,19,6,19/06,9,0,455.4,455.4,229.1,462.782,1,14.00,80.45,4.05
2009,19,6,19/06,10,0,278.2,278.2,143.15,289.163,1,12.37,88.60,2.60
2009,19,6,19/06,11,0,595.15,595.15,304,614.08,1,13.63,85.15,1.93
2009,19,6,19/06,12,0,1230,1230,415,838.3,0.681544715,15.88,77.15,3.21
2009,19,6,19/06,13,0,1520.5,1520.5,147,296.94,0.195291023,17.52,66.42,2.96
2009,19,6,19/06,14,0,1545,1545,215.5,435.31,0.281754045,18.81,59.66,2.68
2009,19,6,19/06,15,0,1356.5,1356.5,195.4,394.708,0.290975304,18.89,57.82,2.34
2009,19,6,19/06,16,0,822.95,822.95,193.55,390.971,0.475084756,19.46,51.93,2.98
2009,19,6,19/06,17,0,801.4,801.4,153.1,309.262,0.385902171,18.64,54.03,2.33
2009,19,6,19/06,18,0,477.3,477.3,124.65,251.793,0.527536141,18.51,55.46,2.21
2009,19,6,19/06,19,0,120.4,120.4,61.43,124.0886,1,16.55,63.44,1.63
2009,19,6,19/06,20,0,20.66,0,9.565,0,NA,14.80,69.98,1.35
2009,19,6,19/06,21,0,0.251,0,0.337,0,NA,13.44,74.65,1.03
2009,19,6,19/06,22,0,0.229,0,0.338,0,NA,12.58,76.40,1.47
2009,19,6,19/06,23,0,0.077,0,0.338,0,NA,12.27,75.80,1.89
2009,19,6,19/06,0,0,0.12,0,0.338,0,NA,11.28,79.65,1.60
2009,20,6,20/06,1,0,0.218,0,0.338,0,NA,10.34,83.95,1.42
2009,20,6,20/06,2,0,0.24,0,0.338,0,NA,9.38,88.75,1.32
2009,20,6,20/06,3,0,0,0,0.338,0,NA,8.75,91.70,0.92
2009,20,6,20/06,4,0,0.818,0,0.338,0,NA,8.35,93.75,1.11
2009,20,6,20/06,5,0,60.345,60.345,28.775,58.1255,0.963219819,8.88,94.15,1.05
2009,20,6,20/06,6,0,288.3,288.3,71.165,143.7533,0.498624003,10.86,90.60,1.95
2009,20,6,20/06,7,0,567.9,567.9,129.45,261.489,0.460449023,13.01,82.30,2.70
2009,20,6,20/06,8,0,732.25,732.25,275.75,557.015,0.760689655,14.23,76.60,2.41
2009,20,6,20/06,9,0,1207.5,1207.5,171.3,346.026,0.286563975,15.38,70.05,2.61
2009,20,6,20/06,10,0,1404,1404,221.6,447.632,0.318826211,16.46,60.05,2.54
2009,20,6,20/06,11,0,1102.5,1102.5,298.9,603.778,0.547644444,16.83,58.62,2.40
2009,20,6,20/06,12,0,1227.5,1227.5,303.5,613.07,0.499446029,17.61,56.22,2.60
2009,20,6,20/06,13,0,1744,1744,294.35,594.587,0.340932913,18.50,53.10,2.72
2009,20,6,20/06,14,0,1073.5,1073.5,277.3,560.146,0.521794131,18.79,50.47,2.68
2009,20,6,20/06,15,0,763.5,763.5,358.7,724.574,0.949016372,18.36,52.46,3.42
2009,20,6,20/06,16,0,833.5,833.5,352.25,711.545,0.853683263,18.42,54.93,2.38
2009,20,6,20/06,17,0,472.45,472.45,180.8,365.216,0.773025717,18.08,57.23,1.89
2009,20,6,20/06,18,0,264.65,264.65,109.75,221.695,0.83769129,18.13,56.54,1.68
2009,20,6,20/06,19,0,186.6,186.6,71.665,144.7633,0.775794748,16.67,63.05,0.75
2009,20,6,20/06,20,0,26.93,0,13.206,0,NA,13.66,80.55,0.00
2009,20,6,20/06,21,0,0.218,0,0.337,0,NA,14.17,75.10,1.64
2009,20,6,20/06,22,0,0.077,0,0.338,0,NA,12.53,76.90,0.88
2009,20,6,20/06,23,0,0,0,0.338,0,NA,11.15,81.45,1.34
2009,20,6,20/06,0,0,0.316,0,0.338,0,NA,10.85,82.20,1.56
2009,21,6,21/06,1,0,0,0,0.338,0,NA,10.37,86.95,1.11
2009,21,6,21/06,2,0,0.316,0,0.338,0,NA,10.52,89.00,1.50
2009,21,6,21/06,3,0,0,0,0.338,0,NA,10.10,91.40,0.98
2009,21,6,21/06,4,0,1.221,0,0.338,0,NA,9.78,93.50,1.87
2009,21,6,21/06,5,0,61.505,61.505,29.39,59.3678,0.965251606,10.22,94.45,1.86
2009,21,6,21/06,6,0,159.6,159.6,80.4,162.408,1,11.53,91.95,1.41
2009,21,6,21/06,7,0,160.55,160.55,80.415,162.4383,1,13.17,85.35,1.86
2009,21,6,21/06,8,0,910,910,146.5,295.93,0.325197802,15.01,77.00,1.97
2009,21,6,21/06,9,0,1147,1147,238.35,481.467,0.419761988,15.51,74.55,1.85
2009,21,6,21/06,10,0,1075,1075,307.2,620.544,0.577250233,16.55,66.79,1.23
2009,21,6,21/06,11,0,806.5,806.5,321.5,649.43,0.805244885,17.60,60.00,1.69
2009,21,6,21/06,12,0,1504,1504,310.5,627.21,0.417027926,18.25,57.90,1.43
2009,21,6,21/06,13,0,1179.5,1179.5,329.8,666.196,0.564812209,19.22,53.63,1.94
2009,21,6,21/06,14,0,600.1,600.1,301.45,608.929,1,18.73,54.42,1.63
2009,21,6,21/06,15,0,866.5,866.5,319.55,645.491,0.744940565,19.52,51.73,1.42
2009,21,6,21/06,16,0,756.85,756.85,160.25,323.705,0.427700337,19.82,50.98,1.10
2009,21,6,21/06,17,0,993,993,156.75,316.635,0.318867069,19.70,52.07,1.11
2009,21,6,21/06,18,0,192.35,192.35,79.85,161.297,0.838559917,19.04,57.16,0.78
2009,21,6,21/06,19,0,185,185,61.97,125.1794,0.676645405,17.96,62.52,0.00
2009,21,6,21/06,20,0,30.565,0,14.73,0,NA,14.05,84.60,0.00
2009,21,6,21/06,21,0,0.621,0,0.337,0,NA,12.31,89.35,0.00
2009,21,6,21/06,22,0,0,0,0.338,0,NA,12.64,83.80,0.44
2009,21,6,21/06,23,0,0.186,0,0.338,0,NA,12.90,82.60,0.71
2009,21,6,21/06,0,0,0.251,0,0.338,0,NA,12.17,86.15,0.73
2009,22,6,22/06,1,0,0.327,0,0.338,0,NA,11.96,88.90,1.14
2009,22,6,22/06,2,0,0.055,0,0.338,0,NA,10.75,92.50,0.61
2009,22,6,22/06,3,0,0.284,0,0.338,0,NA,10.48,92.85,0.69
2009,22,6,22/06,4,0,0.818,0,0.338,0,NA,10.53,93.15,1.12
2009,22,6,22/06,5,0,58.32,58.32,27.555,55.6611,0.954408436,10.75,92.95,1.13
2009,22,6,22/06,6,0,156.7,156.7,75.195,151.8939,0.969329292,11.64,92.30,1.37
2009,22,6,22/06,7,0,636.6,636.6,66.01,133.3402,0.209456802,14.69,80.35,1.69
2009,22,6,22/06,8,0,968,968,66.695,134.7239,0.139177583,16.70,71.85,1.95
2009,22,6,22/06,9,0,1262,1262,78.5,158.57,0.125649762,18.33,63.73,2.19
2009,22,6,22/06,10,0,1484,1484,149,300.98,0.202816712,19.15,57.91,2.49
2009,22,6,22/06,11,0,1130,1130,269.2,543.784,0.481224779,19.56,57.83,2.52
2009,22,6,22/06,12,0,1914,1914,159.7,322.594,0.16854441,20.19,54.29,2.29
2009,22,6,22/06,13,0,1371.5,1371.5,251.1,507.222,0.369830113,20.47,51.04,2.47
2009,22,6,22/06,14,0,1080,1080,256.05,517.221,0.478908333,20.60,47.62,3.05
2009,22,6,22/06,15,0,1044,1044,209.9,423.998,0.406128352,20.72,45.98,3.26
2009,22,6,22/06,16,0,1237.5,1237.5,100.65,203.313,0.164293333,21.13,43.60,3.04
2009,22,6,22/06,17,0,810.35,810.35,98.6,199.172,0.245785155,20.66,42.36,2.81
2009,22,6,22/06,18,0,574.75,574.75,65.43,132.1686,0.229958417,19.90,43.17,3.36
2009,22,6,22/06,19,0,251.2,251.2,54.3,109.686,0.436648089,18.19,47.14,1.96
2009,22,6,22/06,20,0,31.785,0,14.87,0,NA,15.91,56.45,0.92
2009,22,6,22/06,21,0,0.055,0,0.337,0,NA,14.43,63.89,0.87
2009,22,6,22/06,22,0,0,0,0.337,0,NA,13.20,70.00,0.37
2009,22,6,22/06,23,0,0.109,0,0.338,0,NA,13.03,71.05,1.50
2009,22,6,22/06,0,0,0.055,0,0.338,0,NA,12.49,72.20,1.82
2009,23,6,23/06,1,0,0.044,0,0.338,0,NA,11.85,75.05,1.50
2009,23,6,23/06,2,0,0.066,0,0.338,0,NA,11.24,77.60,1.44
2009,23,6,23/06,3,0,0,0,0.338,0,NA,10.30,81.55,0.38
2009,23,6,23/06,4,0,0.741,0,0.338,0,NA,8.07,90.55,0.82
2009,23,6,23/06,5,0,70.815,70.815,27.88,56.3176,0.795277837,9.76,86.75,0.34
2009,23,6,23/06,6,0,325.65,325.65,55.915,112.9483,0.346839552,12.49,75.10,2.31
2009,23,6,23/06,7,0,647.35,647.35,55.14,111.3828,0.172059628,14.77,65.55,2.14
2009,23,6,23/06,8,0,976,976,55.735,112.5847,0.115353176,16.75,59.72,3.01
2009,23,6,23/06,9,0,1273.5,1273.5,66.11,133.5422,0.104862348,17.96,53.63,4.38
2009,23,6,23/06,10,0,1522,1522,58.85,118.877,0.078105782,19.56,47.77,3.81
2009,23,6,23/06,11,0,1687,1687,57.61,116.3722,0.068981743,20.52,45.11,4.27
2009,23,6,23/06,12,0,1724.5,1724.5,89.65,181.093,0.105011888,21.38,45.30,4.72
2009,23,6,23/06,13,0,1696,1696,93.4,188.668,0.111242925,22.09,42.75,4.75
2009,23,6,23/06,14,0,1623,1623,102.55,207.151,0.127634627,22.45,40.85,4.87
2009,23,6,23/06,15,0,1480,1480,75.1,151.702,0.102501351,22.71,38.03,4.35
2009,23,6,23/06,16,0,1227.5,1227.5,52.08,105.2016,0.085703951,22.63,38.53,4.93
2009,23,6,23/06,17,0,916,916,54.595,110.2819,0.120395087,22.32,38.85,4.13
2009,23,6,23/06,18,0,578.45,578.45,62.185,125.6137,0.217155675,21.47,41.13,4.05
2009,23,6,23/06,19,0,251.85,251.85,58.14,117.4428,0.466320429,19.95,47.27,2.93
2009,23,6,23/06,20,0,31.995,0,14.835,0,NA,17.76,55.33,2.00
2009,23,6,23/06,21,0,0.12,0,0.337,0,NA,16.39,60.47,1.46
2009,23,6,23/06,22,0,0.022,0,0.337,0,NA,15.17,65.85,0.85
2009,23,6,23/06,23,0,0.229,0,0.337,0,NA,14.51,69.06,0.87
2009,23,6,23/06,0,0,0.055,0,0.338,0,NA,13.69,73.45,0.75
2009,24,6,24/06,1,0,0.207,0,0.338,0,NA,13.07,78.00,0.95
2009,24,6,24/06,2,0,0.055,0,0.338,0,NA,13.00,79.10,1.71
2009,24,6,24/06,3,0,0,0,0.338,0,NA,13.05,79.35,2.07
2009,24,6,24/06,4,0,0.708,0,0.358,0,NA,12.72,82.20,1.69
2009,24,6,24/06,5,0,65.895,65.895,27.265,55.0753,0.83580393,13.18,81.65,1.58
2009,24,6,24/06,6,0,317.5,317.5,58.61,118.3922,0.372888819,15.50,72.35,2.95
2009,24,6,24/06,7,0,641.25,641.25,56.145,113.4129,0.176862222,17.81,62.65,3.59
2009,24,6,24/06,8,0,973.5,973.5,54.67,110.4334,0.113439548,19.32,57.77,3.93
2009,24,6,24/06,9,0,1274.5,1274.5,70.51,142.4302,0.111753786,20.55,51.52,5.02
2009,24,6,24/06,10,0,1520.5,1520.5,87.25,176.245,0.115912529,21.99,48.86,4.38
2009,24,6,24/06,11,0,1730,1730,119.55,241.491,0.139590173,22.82,45.32,4.70
2009,24,6,24/06,12,0,1615.5,1615.5,222.85,450.157,0.278648716,23.92,43.18,3.85
2009,24,6,24/06,13,0,1776,1776,95.55,193.011,0.108677365,24.69,42.32,3.82
2009,24,6,24/06,14,0,1677,1677,155.05,313.201,0.186762671,25.05,42.88,3.61
2009,24,6,24/06,15,0,1316,1316,255.1,515.302,0.391566869,24.67,45.46,3.07
2009,24,6,24/06,16,0,748.4,748.4,230.75,466.115,0.622815339,24.02,48.22,2.25
2009,24,6,24/06,17,0,355.35,355.35,170.9,345.218,0.971487266,23.71,49.62,2.03
2009,24,6,24/06,18,0,307,307,146.35,295.627,0.962954397,23.23,53.37,0.68
2009,24,6,24/06,19,0,132.45,132.45,66.635,134.6027,1,22.33,57.54,0.00
2009,24,6,24/06,20,0,24.485,0,11.5,0,NA,19.28,76.50,0.00
2009,24,6,24/06,21,0,0.207,0,0.337,0,NA,18.47,75.80,0.00
2009,24,6,24/06,22,0,0.218,0,0.337,0,NA,18.07,77.65,0.92
2009,24,6,24/06,23,0,0.087,0,0.337,0,NA,17.79,78.95,1.14
2009,24,6,24/06,0,0,0.174,0,0.337,0,NA,17.58,81.15,0.53
2009,25,6,25/06,1,0,0.142,0,0.337,0,NA,17.51,80.50,1.00
2009,25,6,25/06,2,0,0.153,0,0.337,0,NA,16.60,82.80,0.61
2009,25,6,25/06,3,0,0.055,0,0.337,0,NA,15.85,84.00,0.66
2009,25,6,25/06,4,0,0.556,0,0.337,0,NA,14.64,87.90,0.31
2009,25,6,25/06,5,0,46.285,46.285,21.415,43.2583,0.934607324,14.94,87.75,0.86
2009,25,6,25/06,6,0,241.05,241.05,77.35,156.247,0.648193321,17.21,80.75,1.02
2009,25,6,25/06,7,0,610.3,610.3,86.45,174.629,0.286136326,20.37,69.38,1.00
2009,25,6,25/06,8,0,940,940,111.2,224.624,0.238961702,23.23,57.50,2.18
2009,25,6,25/06,9,0,1250,1250,222.2,448.844,0.3590752,24.42,50.44,2.09
2009,25,6,25/06,10,0,1464,1464,131.95,266.539,0.182062158,24.68,47.97,1.75
2009,25,6,25/06,11,0,1432.5,1432.5,206.8,417.736,0.291613264,25.76,43.31,2.26
2009,25,6,25/06,12,0,989,989,228.8,462.176,0.467316481,25.70,43.09,2.56
2009,25,6,25/06,13,0,1293,1293,220.9,446.218,0.345102862,25.97,42.70,2.90
2009,25,6,25/06,14,0,539.7,539.7,235.3,475.306,0.880685566,24.48,56.52,3.71
2009,25,6,25/06,15,0,1701,1701,414.35,836.987,0.49205585,26.71,44.63,2.84
2009,25,6,25/06,16,0,761.95,761.95,222.95,450.359,0.591061093,25.48,48.92,2.59
2009,25,6,25/06,17,0,936,936,235.3,475.306,0.507805556,25.95,46.70,4.41
2009,25,6,25/06,18,0,617.1,617.1,166.5,336.33,0.545017015,24.67,51.53,3.42
2009,25,6,25/06,19,0,226.2,226.2,93.5,188.87,0.834969054,22.74,61.39,2.43
2009,25,6,25/06,20,0,20.02,0,8.523,0,NA,21.36,68.62,1.04
2009,25,6,25/06,21,0,0.316,0,0.337,0,NA,19.26,79.75,1.67
2009,25,6,25/06,22,0,0.033,0,0.337,0,NA,17.99,83.85,1.90
2009,25,6,25/06,23,0,0.087,0,0.337,0,NA,17.11,84.80,1.74
2009,25,6,25/06,0,0,0,0,0.356,0,NA,15.96,84.90,1.20
2009,26,6,26/06,1,0,0.153,0,0.337,0,NA,15.63,82.60,1.94
2009,26,6,26/06,2,0,0.122,0,0.358,0,NA,15.43,84.05,3.11
2009,26,6,26/06,3,0,0.12,0,0.337,0,NA,14.80,90.10,2.46
2009,26,6,26/06,4,0,0.251,0,0.337,0,NA,14.76,91.75,0.26
2009,26,6,26/06,5,0,38.405,38.405,17.545,35.4409,0.922819945,14.95,92.05,0.70
2009,26,6,26/06,6,0,165,165,80.59,162.7918,0.98661697,15.24,92.25,1.59
2009,26,6,26/06,7,0,239.4,239.4,118.35,239.067,0.998609023,15.68,91.20,1.66
2009,26,6,26/06,8,0,485.85,485.85,228.85,462.277,0.95148091,17.85,84.20,1.91
2009,26,6,26/06,9,0,755,755,321.5,649.43,0.860172185,20.22,75.55,1.02
2009,26,6,26/06,10,0,447,447,224.85,454.197,1,20.27,75.20,1.65
2009,26,6,26/06,11,0,1512,1512,432.3,873.246,0.577543651,21.93,62.85,2.39
2009,26,6,26/06,12,0,871.5,871.5,422.1,852.642,0.978361446,22.55,55.42,3.22
2009,26,6,26/06,13,0,915,915,452.7,914.454,0.999403279,22.64,56.69,4.75
2009,26,6,26/06,14,0,1683,1683,323.65,653.773,0.388456922,23.48,52.85,3.64
2009,26,6,26/06,15,0,541.95,541.95,250.45,505.909,0.933497555,21.85,59.78,3.28
2009,26,6,26/06,16,0,957.75,957.75,307.9,621.958,0.649394936,22.10,51.14,3.34
2009,26,6,26/06,17,0,607.5,607.5,201.75,407.535,0.670839506,22.59,52.21,3.25
2009,26,6,26/06,18,0,661.7,661.7,146.3,295.526,0.446616291,22.24,56.44,2.69
2009,26,6,26/06,19,0,175.25,175.25,71.835,145.1067,0.827998288,19.50,68.02,2.19
2009,26,6,26/06,20,0,28.005,0,13.32,0,NA,17.55,75.50,1.21
2009,26,6,26/06,21,0,0.022,0,0.337,0,NA,16.51,86.15,1.99
2009,26,6,26/06,22,0,0.12,0,0.337,0,NA,15.51,92.40,1.24
2009,26,6,26/06,23,0,0.197,0,0.337,0,NA,14.73,93.55,0.81
2009,26,6,26/06,0,0,0.284,0,0.337,0,NA,14.10,94.60,1.05
2009,27,6,27/06,1,0,0.109,0,0.338,0,NA,13.51,92.70,0.89
2009,27,6,27/06,2,0,0.218,0,0.338,0,NA,13.18,94.35,1.22
2009,27,6,27/06,3,0,0.066,0,0.338,0,NA,13.30,93.65,0.82
2009,27,6,27/06,4,0,0.741,0,0.338,0,NA,12.22,95.95,0.22
2009,27,6,27/06,5,0,57.39,57.39,27,54.54,0.95033978,12.80,96.55,0.00
2009,27,6,27/06,6,0,297,297,81.95,165.539,0.55737037,15.33,91.70,1.18
2009,27,6,27/06,7,0,641.55,641.55,105.8,213.716,0.333124464,17.19,84.75,1.11
2009,27,6,27/06,8,0,984,984,94.25,190.385,0.193480691,19.41,70.79,0.69
2009,27,6,27/06,9,0,1268.5,1268.5,104.45,210.989,0.166329523,21.09,59.16,0.76
2009,27,6,27/06,10,0,1526.5,1526.5,116.35,235.027,0.153964625,22.42,51.98,1.24
2009,27,6,27/06,11,0,1398,1398,237.85,480.457,0.343674535,23.52,47.71,1.36
2009,27,6,27/06,12,0,1933,1933,205.1,414.302,0.214331092,24.28,44.56,1.48
2009,27,6,27/06,13,0,1934,1934,229.2,462.984,0.239391934,24.34,44.83,1.37
2009,27,6,27/06,14,0,1050.85,1050.85,244.3,493.486,0.469606509,25.73,39.21,0.97
2009,27,6,27/06,15,0,1189.5,1189.5,200.35,404.707,0.340232871,25.99,36.63,1.19
2009,27,6,27/06,16,0,1341,1341,146.35,295.627,0.220452647,25.09,41.56,1.55
2009,27,6,27/06,17,0,924.5,924.5,85,171.7,0.185722012,25.57,40.41,0.82
2009,27,6,27/06,18,0,578.25,578.25,112.55,227.351,0.393170774,24.89,44.37,0.92
2009,27,6,27/06,19,0,167.15,167.15,63.945,129.1689,0.77277236,23.27,52.45,0.06
2009,27,6,27/06,20,0,23.295,0,10.776,0,NA,19.31,77.35,0.00
2009,27,6,27/06,21,0,0.124,0,0.355,0,NA,17.47,82.65,0.00
2009,27,6,27/06,22,0,0.087,0,0.337,0,NA,16.98,82.25,0.00
2009,27,6,27/06,23,0,0.164,0,0.337,0,NA,16.53,83.35,0.00
2009,27,6,27/06,0,0,0,0,0.337,0,NA,15.97,86.90,0.00
2009,28,6,28/06,1,0,0.033,0,0.337,0,NA,15.73,87.45,0.00
2009,28,6,28/06,2,0,0.262,0,0.337,0,NA,15.52,88.90,0.00
2009,28,6,28/06,3,0,0.262,0,0.337,0,NA,15.96,88.10,0.03
2009,28,6,28/06,4,0,0.524,0,0.337,0,NA,14.88,92.70,0.00
2009,28,6,28/06,5,0,42.955,42.955,20.245,40.8949,0.952040508,16.01,90.10,0.00
2009,28,6,28/06,6,0,123.1,123.1,55.76,112.6352,0.914989439,18.00,82.50,0.54
2009,28,6,28/06,7,0,635.1,635.1,70.33,142.0666,0.223691702,21.16,68.63,1.65
2009,28,6,28/06,8,0,988.5,988.5,74.7,150.894,0.152649469,23.41,55.48,2.81
2009,28,6,28/06,9,0,1270.5,1270.5,83.45,168.569,0.13267926,25.12,46.69,3.27
2009,28,6,28/06,10,0,1509,1509,71.9,145.238,0.096247846,26.03,42.97,2.98
2009,28,6,28/06,11,0,1685.5,1685.5,74.95,151.399,0.089824384,26.82,40.01,2.57
2009,28,6,28/06,12,0,1770.5,1770.5,78.85,159.277,0.089961593,27.48,37.13,2.75
2009,28,6,28/06,13,0,1760,1760,85.65,173.013,0.098302841,28.24,34.78,2.41
2009,28,6,28/06,14,0,1674,1674,91.5,184.83,0.110412186,28.75,33.36,2.01
2009,28,6,28/06,15,0,1449,1449,134.6,271.892,0.187641132,28.96,33.97,2.24
2009,28,6,28/06,16,0,1204.5,1204.5,90.9,183.618,0.152443337,29.07,33.23,1.69
2009,28,6,28/06,17,0,876.5,876.5,98.85,199.677,0.227811751,28.63,37.85,1.93
2009,28,6,28/06,18,0,570.8,570.8,102.7,207.454,0.363444289,27.65,41.51,1.85
2009,28,6,28/06,19,0,220.6,220.6,78.3,158.166,0.716980961,25.82,49.21,0.37
2009,28,6,28/06,20,0,27.825,0,13.076,0,NA,23.48,58.96,0.20
2009,28,6,28/06,21,0,0,0,0.337,0,NA,22.13,64.38,0.18
2009,28,6,28/06,22,0,0.033,0,0.337,0,NA,20.61,70.34,0.01
2009,28,6,28/06,23,0,0.033,0,0.337,0,NA,17.48,85.60,0.05
2009,28,6,28/06,0,0,0.076,0,0.337,0,NA,16.95,87.95,0.00
2009,29,6,29/06,1,0,0.262,0,0.337,0,NA,17.12,85.45,0.02
2009,29,6,29/06,2,0,0,0,0.337,0,NA,17.64,82.05,0.13
2009,29,6,29/06,3,0,0.109,0,0.337,0,NA,15.35,90.65,0.19
2009,29,6,29/06,4,0,0.49,0,0.337,0,NA,15.09,92.45,0.09
2009,29,6,29/06,5,0,44.525,44.525,20.95,42.319,0.950454801,15.53,92.40,0.42
2009,29,6,29/06,6,0,276.45,276.45,79.55,160.691,0.581266052,18.07,86.50,0.54
2009,29,6,29/06,7,0,531.05,531.05,129.95,262.499,0.494301855,19.44,84.05,1.33
2009,29,6,29/06,8,0,970,970,119.4,241.188,0.248647423,22.37,73.60,0.61
2009,29,6,29/06,9,0,1255.5,1255.5,147.1,297.142,0.236672242,25.26,61.00,0.56
2009,29,6,29/06,10,0,1499.5,1499.5,106,214.12,0.142794265,27.07,51.95,1.16
2009,29,6,29/06,11,0,1645.5,1645.5,126.8,256.136,0.155658462,28.61,43.69,2.68
2009,29,6,29/06,12,0,1736,1736,150.25,303.505,0.174830069,29.49,40.73,1.97
2009,29,6,29/06,13,0,1713,1713,242.4,489.648,0.285842382,30.28,35.87,1.67
2009,29,6,29/06,14,0,1499.5,1499.5,179.15,361.883,0.241335779,29.86,37.71,0.97
2009,29,6,29/06,15,0,1593,1593,165.05,333.401,0.209291274,31.35,31.06,1.57
2009,29,6,29/06,16,0,1265.5,1265.5,87.3,176.346,0.139348874,31.30,29.74,1.81
2009,29,6,29/06,17,0,754.7,754.7,91.55,184.931,0.245039088,30.75,32.94,1.57
2009,29,6,29/06,18,0,232.8,232.8,105.9,213.918,0.918891753,28.45,53.32,1.07
2009,29,6,29/06,19,0,242.6,242.6,86.3,174.326,0.718573784,27.00,54.14,1.83
2009,29,6,29/06,20,0,25.025,0,11.684,0,NA,24.81,61.59,1.28
2009,29,6,29/06,21,0,0.207,0,0.337,0,NA,23.67,64.30,1.21
2009,29,6,29/06,22,0,0,0,0.355,0,NA,21.26,75.15,0.00
2009,29,6,29/06,23,0,0.044,0,0.337,0,NA,19.48,84.15,0.00
2009,29,6,29/06,0,0,0.371,0,0.337,0,NA,18.80,87.05,0.00
2009,30,6,30/06,1,0,0.087,0,0.337,0,NA,18.46,88.65,0.00
2009,30,6,30/06,2,0,0.098,0,0.337,0,NA,18.42,88.30,0.00
2009,30,6,30/06,3,0,0,0,0.337,0,NA,19.55,82.15,0.00
2009,30,6,30/06,4,0,0.502,0,0.337,0,NA,19.12,83.10,0.00
2009,30,6,30/06,5,0,45.59,45.59,21.675,43.7835,0.960375082,19.22,84.30,0.00
2009,30,6,30/06,6,0,285.5,285.5,65.385,132.0777,0.462618914,21.40,77.00,0.02
2009,30,6,30/06,7,0,628.05,628.05,75.9,153.318,0.244117507,24.16,66.82,0.41
2009,30,6,30/06,8,0,960.5,960.5,111.5,225.23,0.234492452,27.36,56.73,0.29
2009,30,6,30/06,9,0,1197,1197,115,232.3,0.194068505,28.53,50.58,0.71
2009,30,6,30/06,10,0,1473.5,1473.5,230.95,466.519,0.31660604,30.09,36.38,0.90
2009,30,6,30/06,11,0,1592,1592,164.45,332.189,0.208661432,30.22,37.10,1.37
2009,30,6,30/06,12,0,1738.5,1738.5,202.85,409.757,0.235695715,31.42,34.56,1.56
2009,30,6,30/06,13,0,712.2,712.2,227.05,458.641,0.643977815,30.82,35.21,0.66
2009,30,6,30/06,14,0,1147.5,1147.5,276.5,558.53,0.486736383,31.44,35.21,2.95
2009,30,6,30/06,15,0,1464,1464,295.05,596.001,0.407104508,28.91,45.99,2.39
2009,30,6,30/06,16,0,1054,1054,266.45,538.229,0.5106537,28.78,49.37,3.32
2009,30,6,30/06,17,0,157.25,157.25,76.61,154.7522,0.984115739,25.70,62.59,1.59
2009,30,6,30/06,18,0,20.51,20.51,9.1,18.382,0.896245734,21.57,79.35,2.83
2009,30,6,30/06,19,0,38.33,38.33,17.835,36.0267,0.939908688,20.97,85.90,0.39
2009,30,6,30/06,20,0,5.088,0,1.324,0,NA,20.38,91.80,0.41
2009,30,6,30/06,21,0,1.046,0,0.337,0,NA,20.51,88.80,0.52
2009,30,6,30/06,22,0,1.503,0,0.337,0,NA,20.29,92.95,1.51
2009,30,6,30/06,23,0,1.057,0,0.337,0,NA,20.23,89.05,0.76
2009,30,6,30/06,0,0,1.373,0,0.337,0,NA,20.08,90.80,0.54
2009,1,7,01/07,1,0,1.046,0,0.337,0,NA,19.98,89.60,0.71
2009,1,7,01/07,2,0,0.196,0,0.337,0,NA,19.06,94.05,0.89
2009,1,7,01/07,3,0,0.545,0,0.337,0,NA,18.74,93.00,0.03
2009,1,7,01/07,4,0,1.046,0,0.337,0,NA,18.58,92.95,0.02
2009,1,7,01/07,5,0,54.78,54.78,25.44,51.3888,0.938094195,18.82,93.80,0.02
2009,1,7,01/07,6,0,264.6,264.6,77.65,156.853,0.592792895,21.05,85.80,0.02
2009,1,7,01/07,7,0,598.1,598.1,93.25,188.365,0.314938973,23.18,77.30,0.10
2009,1,7,01/07,8,0,932,932,106.2,214.524,0.230175966,25.69,68.38,1.39
2009,1,7,01/07,9,0,1241,1241,117.4,237.148,0.191094279,27.96,58.06,1.91
2009,1,7,01/07,10,0,1493,1493,118.9,240.178,0.16086939,29.34,47.70,2.12
2009,1,7,01/07,11,0,1664,1664,110.3,222.806,0.133897837,29.95,41.96,2.31
2009,1,7,01/07,12,0,1643,1643,155.25,313.605,0.190873402,30.90,36.94,1.93
2009,1,7,01/07,13,0,1751,1751,186.75,377.235,0.215439749,31.16,32.91,2.35
2009,1,7,01/07,14,0,1566.5,1566.5,129.15,260.883,0.166538781,31.70,29.95,1.85
2009,1,7,01/07,15,0,1460.5,1460.5,130.15,262.903,0.180008901,31.77,29.06,1.99
2009,1,7,01/07,16,0,1212.5,1212.5,91.5,184.83,0.152437113,31.81,28.34,1.80
2009,1,7,01/07,17,0,897.5,897.5,80.45,162.509,0.181068524,31.52,29.72,1.01
2009,1,7,01/07,18,0,557.5,557.5,97.75,197.455,0.354179372,30.34,32.76,0.05
2009,1,7,01/07,19,0,75.04,75.04,36.12,72.9624,0.972313433,27.19,46.86,0.00
2009,1,7,01/07,20,0,18.83,0,8.092,0,NA,23.01,69.27,0.00
2009,1,7,01/07,21,0,0.164,0,0.337,0,NA,22.73,64.35,0.00
2009,1,7,01/07,22,0,0,0,0.337,0,NA,22.34,63.50,0.00
2009,1,7,01/07,23,0,0.294,0,0.337,0,NA,22.49,61.29,0.00
2009,1,7,01/07,0,0,0.153,0,0.337,0,NA,19.75,75.70,0.00
2009,2,7,02/07,1,0,0.131,0,0.337,0,NA,20.38,71.07,0.00
2009,2,7,02/07,2,0,0.12,0,0.337,0,NA,18.37,80.30,0.00
2009,2,7,02/07,3,0,0.469,0,0.337,0,NA,19.15,76.70,0.00
2009,2,7,02/07,4,0,0.6,0,0.337,0,NA,17.23,85.65,0.00
2009,2,7,02/07,5,0,65.57,65.57,30.43,61.4686,0.937450053,18.66,85.85,0.00
2009,2,7,02/07,6,0,419.7,419.7,147.9,298.758,0.711837026,21.64,70.42,3.56
2009,2,7,02/07,7,0,598.2,598.2,175.35,354.207,0.592121364,23.68,68.86,4.61
2009,2,7,02/07,8,0,687.4,687.4,297.2,600.344,0.87335467,23.06,69.40,3.73
2009,2,7,02/07,9,0,789,789,352.85,712.757,0.903367554,24.10,62.93,0.35
2009,2,7,02/07,10,0,482.25,482.25,236.85,478.437,0.992093313,24.70,58.92,1.71
2009,2,7,02/07,11,0,644.3,644.3,320.6,647.612,1,24.06,62.34,3.71
2009,2,7,02/07,12,0,947,947,436.5,881.73,0.931077086,23.97,66.28,3.64
2009,2,7,02/07,13,0,1204,1204,310.2,626.604,0.520435216,25.11,57.90,3.88
2009,2,7,02/07,14,0,1641,1641,220.75,445.915,0.271733699,25.72,55.07,4.10
2009,2,7,02/07,15,0,1324,1324,191.5,386.83,0.292167674,25.87,52.55,3.99
2009,2,7,02/07,16,0,1059.5,1059.5,223.25,450.965,0.425639453,25.97,51.95,3.60
2009,2,7,02/07,17,0,831.5,831.5,135.05,272.801,0.328082983,25.86,51.45,3.51
2009,2,7,02/07,18,0,560.1,560.1,105.75,213.615,0.381387252,25.15,55.13,3.31
2009,2,7,02/07,19,0,244.4,244.4,68.08,137.5216,0.562690671,23.30,67.82,3.41
2009,2,7,02/07,20,0,30.89,0,14.915,0,NA,20.97,80.50,2.42
2009,2,7,02/07,21,0,0.011,0,0.337,0,NA,19.90,86.05,2.30
2009,2,7,02/07,22,0,0,0,0.337,0,NA,18.84,91.15,1.18
2009,2,7,02/07,23,0,0.273,0,0.337,0,NA,18.09,93.95,0.87
2009,2,7,02/07,0,0,0,0,0.337,0,NA,17.43,95.40,1.07
2009,3,7,03/07,1,0,0.164,0,0.337,0,NA,17.00,96.90,1.25
2009,3,7,03/07,2,0,0.785,0,0.337,0,NA,16.95,97.00,0.82
2009,3,7,03/07,3,0,0,0,0.337,0,NA,16.87,96.80,0.00
2009,3,7,03/07,4,0,1.122,0,0.337,0,NA,16.52,95.60,0.00
2009,3,7,03/07,5,0,33.07,33.07,14.7,29.694,0.897913517,16.72,95.10,0.00
2009,3,7,03/07,6,0,251.75,251.75,82.4,166.448,0.661163853,17.99,84.95,0.76
2009,3,7,03/07,7,0,603.45,603.45,110.65,223.513,0.370391913,19.23,72.50,1.00
2009,3,7,03/07,8,0,967,967,91.65,185.133,0.191450879,20.65,61.31,1.04
2009,3,7,03/07,9,0,1249.5,1249.5,124.75,251.995,0.201676671,21.79,54.83,1.54
2009,3,7,03/07,10,0,1514.5,1514.5,116.15,234.623,0.154917795,23.00,52.21,1.30
2009,3,7,03/07,11,0,1718.5,1718.5,155.05,313.201,0.182252546,24.16,49.88,1.17
2009,3,7,03/07,12,0,1257,1257,447.35,903.647,0.718891806,24.39,50.33,0.79
2009,3,7,03/07,13,0,1035.5,1035.5,479.8,969.196,0.935969097,25.04,48.77,0.74
2009,3,7,03/07,14,0,900.5,900.5,414,836.28,0.928684064,25.02,48.90,1.67
2009,3,7,03/07,15,0,546.9,546.9,246.65,498.233,0.911012982,24.45,47.90,2.19
2009,3,7,03/07,16,0,290.15,290.15,139.55,281.891,0.971535413,23.77,51.41,2.07
2009,3,7,03/07,17,0,228.1,228.1,109.85,221.897,0.972805787,23.88,50.53,1.93
2009,3,7,03/07,18,0,320.55,320.55,143.45,289.769,0.903974419,23.61,51.15,1.19
2009,3,7,03/07,19,0,75.075,75.075,35.26,71.2252,0.948720613,22.93,54.37,0.00
2009,3,7,03/07,20,0,19.08,0,8.222,0,NA,21.57,59.41,0.05
2009,3,7,03/07,21,0,0.251,0,0.337,0,NA,19.54,72.30,0.00
2009,3,7,03/07,22,0,0.044,0,0.337,0,NA,18.42,79.60,0.12
2009,3,7,03/07,23,0,0.283,0,0.337,0,NA,17.60,83.05,0.00
2009,3,7,03/07,0,0,0.436,0,0.337,0,NA,16.79,86.30,0.00
2009,4,7,04/07,1,0,0.175,0,0.337,0,NA,16.25,88.75,0.00
2009,4,7,04/07,2,0,0.414,0,0.337,0,NA,14.82,92.90,0.00
2009,4,7,04/07,3,0,0.829,0,0.338,0,NA,14.82,90.45,0.00
2009,4,7,04/07,4,0,0.393,0,0.338,0,NA,15.16,87.80,0.00
2009,4,7,04/07,5,0,54.705,54.705,25.04,50.5808,0.924610182,15.44,88.30,0.00
2009,4,7,04/07,6,0,190.65,190.65,80.5,162.61,0.852924207,17.11,84.10,0.00
2009,4,7,04/07,7,0,549.3,549.3,147.6,298.152,0.542785363,20.40,68.75,0.35
2009,4,7,04/07,8,0,693.7,693.7,186.95,377.639,0.544383739,23.01,57.16,1.49
2009,4,7,04/07,9,0,1106,1106,191.25,386.325,0.349299277,25.25,48.69,1.12
2009,4,7,04/07,10,0,929,929,403.3,814.666,0.876927879,24.79,50.23,1.38
2009,4,7,04/07,11,0,492.45,492.45,243.15,491.163,0.997386537,24.55,53.81,1.21
2009,4,7,04/07,12,0,1179,1179,460.1,929.402,0.788296862,25.98,47.09,1.08
2009,4,7,04/07,13,0,1410,1410,407.45,823.049,0.583722695,26.62,45.22,1.13
2009,4,7,04/07,14,0,596.95,596.95,285.6,576.912,0.9664327,25.96,47.80,1.13
2009,4,7,04/07,15,0,799,799,375.4,758.308,0.949071339,26.15,48.11,3.22
2009,4,7,04/07,16,0,776,776,307.7,621.554,0.800971649,26.06,47.50,3.02
2009,4,7,04/07,17,0,735.2,735.2,192.2,388.244,0.528079434,26.42,46.41,2.75
2009,4,7,04/07,18,0,388.6,388.6,140.25,283.305,0.729040144,25.99,46.30,3.31
2009,4,7,04/07,19,0,226.05,226.05,78.84,159.2568,0.704520239,23.00,65.52,3.28
2009,4,7,04/07,20,0,18.34,0,8.076,0,NA,21.59,68.41,2.33
2009,4,7,04/07,21,0,0.066,0,0.337,0,NA,20.68,69.36,1.52
2009,4,7,04/07,22,0,0.512,0,0.337,0,NA,19.32,73.70,1.60
2009,4,7,04/07,23,0,0,0,0.337,0,NA,18.43,72.15,1.22
2009,4,7,04/07,0,0,0.196,0,0.337,0,NA,17.61,76.00,1.03
2009,5,7,05/07,1,0,0.011,0,0.337,0,NA,17.43,77.35,1.42
2009,5,7,05/07,2,0,0.316,0,0.337,0,NA,16.02,82.80,0.06
2009,5,7,05/07,3,0,0.168,0,0.358,0,NA,15.41,84.85,0.13
2009,5,7,05/07,4,0,0.643,0,0.337,0,NA,14.63,87.95,0.00
2009,5,7,05/07,5,0,51.25,51.25,23.165,46.7933,0.91304,14.28,91.75,0.00
2009,5,7,05/07,6,0,298.6,298.6,74.75,150.995,0.50567649,17.19,81.85,0.35
2009,5,7,05/07,7,0,553.35,553.35,90.6,183.012,0.330734616,18.26,77.35,0.43
2009,5,7,05/07,8,0,933,933,120.8,244.016,0.261539121,20.15,64.34,0.63
2009,5,7,05/07,9,0,1095.5,1095.5,314.75,635.795,0.580369694,20.85,58.23,1.48
2009,5,7,05/07,10,0,1237,1237,332.1,670.842,0.542313662,21.35,56.77,2.62
2009,5,7,05/07,11,0,1249.5,1249.5,350.6,708.212,0.566796319,22.35,53.23,1.49
2009,5,7,05/07,12,0,1464,1464,376.45,760.429,0.519418716,22.83,50.55,2.04
2009,5,7,05/07,13,0,1281.5,1281.5,397.5,802.95,0.626570425,23.37,50.04,2.00
2009,5,7,05/07,14,0,722,722,345.9,698.718,0.967753463,22.45,56.76,3.32
2009,5,7,05/07,15,0,581.9,581.9,277.2,559.944,0.962268431,22.64,52.62,2.99
2009,5,7,05/07,16,0,590.45,590.45,271.25,547.925,0.92797866,22.31,53.07,3.10
2009,5,7,05/07,17,0,690.2,690.2,192.45,388.749,0.56324109,22.90,53.46,3.43
2009,5,7,05/07,18,0,545.3,545.3,90.15,182.103,0.333950119,22.28,56.33,3.17
2009,5,7,05/07,19,0,253.5,253.5,67.905,137.1681,0.541097041,21.01,58.19,1.12
2009,5,7,05/07,20,0,25.835,0,12.067,0,NA,18.63,70.38,2.51
2009,5,7,05/07,21,0,0.316,0,0.337,0,NA,16.87,77.15,1.79
2009,5,7,05/07,22,0,0.023,0,0.358,0,NA,16.07,82.30,1.62
2009,5,7,05/07,23,0,0.087,0,0.337,0,NA,15.39,89.30,1.71
2009,5,7,05/07,0,0,0.273,0,0.337,0,NA,15.09,91.95,1.28
2009,6,7,06/07,1,0,0,0,0.337,0,NA,15.54,91.45,1.62
2009,6,7,06/07,2,0,0.36,0,0.337,0,NA,15.45,92.10,0.67
2009,6,7,06/07,3,0,0.534,0,0.337,0,NA,15.12,95.25,0.92
2009,6,7,06/07,4,0,0.665,0,0.337,0,NA,15.29,95.50,0.99
2009,6,7,06/07,5,0,28.23,28.23,12.542,25.33484,0.897443854,15.44,95.95,0.43
2009,6,7,06/07,6,0,162.5,162.5,78.4,158.368,0.974572308,16.04,94.20,1.34
2009,6,7,06/07,7,0,571.1,571.1,171.9,347.238,0.608016109,17.55,80.70,1.32
2009,6,7,06/07,8,0,739.35,739.35,217.25,438.845,0.59355515,18.69,70.80,2.81
2009,6,7,06/07,9,0,960.15,960.15,197.7,399.354,0.415928761,20.30,60.54,3.12
2009,6,7,06/07,10,0,1168,1168,258.25,521.665,0.446630993,20.88,54.63,2.97
2009,6,7,06/07,11,0,944.95,944.95,338.2,683.164,0.72296312,21.50,55.70,4.71
2009,6,7,06/07,12,0,1578.5,1578.5,272.45,550.349,0.348653152,22.63,44.05,4.51
2009,6,7,06/07,13,0,1530.5,1530.5,315.45,637.209,0.416340412,22.75,41.67,5.21
2009,6,7,06/07,14,0,1104,1104,350,707,0.640398551,21.95,48.47,5.00
2009,6,7,06/07,15,0,1084.5,1084.5,274.15,553.783,0.510634394,21.84,44.32,5.19
2009,6,7,06/07,16,0,1186,1186,173.65,350.773,0.295761383,21.42,47.15,5.27
2009,6,7,06/07,17,0,542.85,542.85,147.7,298.354,0.549606705,20.82,46.95,5.27
2009,6,7,06/07,18,0,529.45,529.45,95.2,192.304,0.363214657,20.04,52.20,4.40
2009,6,7,06/07,19,0,157.2,157.2,54.93,110.9586,0.705843511,18.31,60.31,2.79
2009,6,7,06/07,20,0,18.15,0,7.809,0,NA,17.70,65.75,2.60
2009,6,7,06/07,21,0,0.087,0,0.337,0,NA,17.10,69.28,2.63
2009,6,7,06/07,22,0,0.109,0,0.337,0,NA,16.55,76.50,2.92
2009,6,7,06/07,23,0,0.294,0,0.337,0,NA,16.09,80.45,2.26
2009,6,7,06/07,0,0,0.066,0,0.337,0,NA,15.74,81.95,2.25
2009,7,7,07/07,1,0,0.262,0,0.337,0,NA,15.23,84.80,2.25
2009,7,7,07/07,2,0,1.046,0,0.337,0,NA,14.99,87.15,2.54
2009,7,7,07/07,3,0,0,0,0.337,0,NA,14.88,88.60,2.42
2009,7,7,07/07,4,0,0.077,0,0.337,0,NA,14.68,89.55,1.69
2009,7,7,07/07,5,0,10.985,10.985,4.07,8.2214,0.748420574,14.54,87.75,1.12
2009,7,7,07/07,6,0,134.75,134.75,64.12,129.5224,0.961205195,15.21,83.00,1.55
2009,7,7,07/07,7,0,566.4,566.4,118.95,240.279,0.424221398,16.72,74.75,2.88
2009,7,7,07/07,8,0,626.6,626.6,209.85,423.897,0.676503351,17.66,66.96,3.43
2009,7,7,07/07,9,0,1027,1027,213.65,431.573,0.420226874,19.08,58.18,3.11
2009,7,7,07/07,10,0,959,959,323.9,654.278,0.682250261,19.37,59.92,4.35
2009,7,7,07/07,11,0,484,484,228.25,461.065,0.952613636,15.68,82.65,2.97
2009,7,7,07/07,12,0,1801.5,1801.5,118.2,238.764,0.13253622,19.89,62.00,4.48
2009,7,7,07/07,13,0,1842.5,1842.5,138.25,279.265,0.151568521,21.18,46.32,5.55
2009,7,7,07/07,14,0,1541,1541,339.3,685.386,0.444767034,21.25,44.92,6.18
2009,7,7,07/07,15,0,1211.5,1211.5,310.1,626.402,0.517046636,20.52,51.09,6.24
2009,7,7,07/07,16,0,1249.5,1249.5,137.1,276.942,0.221642257,20.31,54.33,6.00
2009,7,7,07/07,17,0,433.5,433.5,168.7,340.774,0.786099193,19.87,56.24,5.81
2009,7,7,07/07,18,0,400.2,400.2,121.8,246.036,0.614782609,19.33,59.15,3.90
2009,7,7,07/07,19,0,227.2,227.2,71.495,144.4199,0.635650968,18.37,58.42,3.95
2009,7,7,07/07,20,0,23.215,0,10.714,0,NA,16.60,64.12,2.25
2009,7,7,07/07,21,0,0.458,0,0.337,0,NA,14.98,76.80,2.10
2009,7,7,07/07,22,0,0.251,0,0.337,0,NA,14.03,83.00,1.64
2009,7,7,07/07,23,0,0.196,0,0.338,0,NA,13.20,87.45,1.94
2009,7,7,07/07,0,0,0,0,0.338,0,NA,12.52,91.70,2.12
2009,8,7,08/07,1,0,0.185,0,0.338,0,NA,12.36,93.65,1.77
2009,8,7,08/07,2,0,0.371,0,0.338,0,NA,12.11,95.40,1.78
2009,8,7,08/07,3,0,0.153,0,0.338,0,NA,12.11,95.95,1.16
2009,8,7,08/07,4,0,0,0,0.338,0,NA,12.99,95.90,2.07
2009,8,7,08/07,5,0,30.735,30.735,13.44,27.1488,0.883318692,13.04,95.55,2.54
2009,8,7,08/07,6,0,127.3,127.3,60.105,121.4121,0.95374784,13.80,92.80,1.50
2009,8,7,08/07,7,0,450.4,450.4,177.65,358.853,0.796742895,14.95,86.10,3.05
2009,8,7,08/07,8,0,797.5,797.5,235.8,476.316,0.597261442,16.19,79.40,3.05
2009,8,7,08/07,9,0,1211.5,1211.5,194.3,392.486,0.323966983,18.13,68.97,2.83
2009,8,7,08/07,10,0,1068,1068,265.3,535.906,0.501784644,19.09,58.98,3.30
2009,8,7,08/07,11,0,1155,1155,334.25,675.185,0.584575758,20.63,52.10,3.51
2009,8,7,08/07,12,0,879.7,879.7,322.15,650.743,0.739732863,20.90,50.82,3.63
2009,8,7,08/07,13,0,1307,1307,368.1,743.562,0.568907422,20.67,53.39,3.92
2009,8,7,08/07,14,0,1567,1567,351.7,710.434,0.453372049,21.53,46.39,4.04
2009,8,7,08/07,15,0,922.5,922.5,297.05,600.041,0.650450949,22.01,46.43,4.86
2009,8,7,08/07,16,0,566.95,566.95,194.75,393.395,0.693879531,21.50,47.87,5.02
2009,8,7,08/07,17,0,914.5,914.5,121.15,244.723,0.267603062,22.13,40.75,4.58
2009,8,7,08/07,18,0,567.3,567.3,68.445,138.2589,0.243713908,21.27,41.45,4.57
2009,8,7,08/07,19,0,242.9,242.9,60.27,121.7454,0.501216138,19.41,58.26,3.95
2009,8,7,08/07,20,0,25.49,0,12.057,0,NA,17.11,71.60,2.54
2009,8,7,08/07,21,0,0.534,0,0.337,0,NA,15.65,74.85,2.31
2009,8,7,08/07,22,0,0.229,0,0.337,0,NA,14.20,82.25,1.98
2009,8,7,08/07,23,0,0.207,0,0.338,0,NA,13.36,85.05,1.88
2009,8,7,08/07,0,0,0.12,0,0.338,0,NA,12.89,88.70,1.68
2009,9,7,09/07,1,0,0.382,0,0.338,0,NA,12.39,92.10,0.90
2009,9,7,09/07,2,0,0.142,0,0.338,0,NA,13.07,88.60,0.71
2009,9,7,09/07,3,0,0.131,0,0.338,0,NA,12.63,89.65,0.39
2009,9,7,09/07,4,0,0.785,0,0.338,0,NA,12.74,86.90,0.75
2009,9,7,09/07,5,0,15.965,15.965,6.58,13.2916,0.832546195,12.84,85.45,1.18
2009,9,7,09/07,6,0,276.15,276.15,65.11,131.5222,0.476270867,14.69,75.20,1.39
2009,9,7,09/07,7,0,613.45,613.45,64.98,131.2596,0.213969517,16.74,56.59,1.44
2009,9,7,09/07,8,0,946.5,946.5,110.1,222.402,0.234973059,17.78,48.16,2.66
2009,9,7,09/07,9,0,950.5,950.5,401.45,810.929,0.853160442,18.33,50.47,3.18
2009,9,7,09/07,10,0,1394.5,1394.5,190.25,384.305,0.275586232,19.24,52.27,2.89
2009,9,7,09/07,11,0,906.4,906.4,374,755.48,0.833495146,19.07,52.51,2.69
2009,9,7,09/07,12,0,841,841,357.2,721.544,0.857959572,20.02,47.20,3.74
2009,9,7,09/07,13,0,965.4,965.4,284.6,574.892,0.595496167,20.77,40.98,3.65
2009,9,7,09/07,14,0,961,961,369.75,746.895,0.777206035,21.34,38.40,3.46
2009,9,7,09/07,15,0,1440,1440,312.6,631.452,0.438508333,21.78,37.51,3.71
2009,9,7,09/07,16,0,1063,1063,246.15,497.223,0.467754468,21.39,39.41,3.11
2009,9,7,09/07,17,0,515.8,515.8,203.55,411.171,0.797151997,20.87,42.02,3.13
2009,9,7,09/07,18,0,289.3,289.3,142.4,287.648,0.994289665,20.18,46.43,2.24
2009,9,7,09/07,19,0,270.3,270.3,113.55,229.371,0.848579356,19.40,49.65,2.86
2009,9,7,09/07,20,0,25.62,0,11.685,0,NA,17.10,61.05,2.06
2009,9,7,09/07,21,0,0,0,0.337,0,NA,15.90,67.37,1.86
2009,9,7,09/07,22,0,0,0,0.337,0,NA,14.44,74.25,1.33
2009,9,7,09/07,23,0,0.676,0,0.337,0,NA,13.22,79.70,1.21
2009,9,7,09/07,0,0,0,0,0.338,0,NA,12.63,83.05,1.40
2009,10,7,10/07,1,0,0.295,0,0.338,0,NA,12.58,86.35,1.47
2009,10,7,10/07,2,0,1.003,0,0.338,0,NA,12.01,89.80,1.24
2009,10,7,10/07,3,0,0.578,0,0.338,0,NA,11.27,92.95,0.88
2009,10,7,10/07,4,0,0.087,0,0.338,0,NA,11.30,93.25,0.54
2009,10,7,10/07,5,0,44.505,44.505,20.06,40.5212,0.910486462,12.06,91.15,0.66
2009,10,7,10/07,6,0,208.45,208.45,92,185.84,0.891532742,13.33,82.75,0.67
2009,10,7,10/07,7,0,338.8,338.8,165.35,334.007,0.985853011,14.96,73.50,0.93
2009,10,7,10/07,8,0,603.5,603.5,273.25,551.965,0.914606462,16.80,62.75,1.46
2009,10,7,10/07,9,0,1133,1133,306.5,619.13,0.546451898,18.68,54.88,2.40
2009,10,7,10/07,10,0,1163.5,1163.5,311.65,629.533,0.541068328,18.98,54.01,2.45
2009,10,7,10/07,11,0,856.5,856.5,419.95,848.299,0.990424985,19.66,54.46,2.36
2009,10,7,10/07,12,0,1023.5,1023.5,399.9,807.798,0.789250611,20.51,50.56,2.42
2009,10,7,10/07,13,0,978,978,325.35,657.207,0.671990798,20.57,49.72,3.14
2009,10,7,10/07,14,0,880,880,385.55,778.811,0.8850125,20.95,50.15,3.05
2009,10,7,10/07,15,0,630.65,630.65,311.8,629.836,0.998709268,20.85,52.15,2.89
2009,10,7,10/07,16,0,663.05,663.05,311.85,629.937,0.950059573,20.96,51.54,3.35
2009,10,7,10/07,17,0,428.8,428.8,205.9,415.918,0.969958022,20.17,56.48,3.02
2009,10,7,10/07,18,0,245.05,245.05,119.05,240.481,0.981354826,19.78,59.50,2.43
2009,10,7,10/07,19,0,144.25,144.25,70.62,142.6524,0.988924783,19.32,62.11,1.93
2009,10,7,10/07,20,0,21.615,0,10.054,0,NA,16.15,76.20,0.22
2009,10,7,10/07,21,0,0.73,0,0.337,0,NA,14.44,82.15,0.72
2009,10,7,10/07,22,0,0.599,0,0.337,0,NA,14.97,80.30,1.56
2009,10,7,10/07,23,0,0.393,0,0.338,0,NA,13.70,86.55,0.89
2009,10,7,10/07,0,0,0.785,0,0.338,0,NA,12.92,88.90,0.55
2009,11,7,11/07,1,0,0.382,0,0.338,0,NA,11.94,90.40,0.01
2009,11,7,11/07,2,0,0.186,0,0.338,0,NA,11.53,94.10,0.00
2009,11,7,11/07,3,0,0,0,0.338,0,NA,11.65,94.20,0.04
2009,11,7,11/07,4,0,0.098,0,0.338,0,NA,10.52,95.00,0.00
2009,11,7,11/07,5,0,39.84,39.84,16.96,34.2592,0.859919679,10.35,96.05,0.00
2009,11,7,11/07,6,0,283.2,283.2,58.44,118.0488,0.416838983,14.36,89.35,0.47
2009,11,7,11/07,7,0,589.65,589.65,93.05,187.961,0.318767065,17.56,72.47,0.15
2009,11,7,11/07,8,0,870,870,152.05,307.141,0.353035632,18.75,60.39,0.47
2009,11,7,11/07,9,0,1273,1273,99.35,200.687,0.157648861,19.85,55.34,1.14
2009,11,7,11/07,10,0,1409,1409,173.3,350.066,0.248449965,20.93,53.49,1.37
2009,11,7,11/07,11,0,1502.5,1502.5,291.2,588.224,0.391496839,21.98,50.31,1.41
2009,11,7,11/07,12,0,1734,1734,127.5,257.55,0.148529412,23.15,46.51,1.52
2009,11,7,11/07,13,0,1568.5,1568.5,218.55,441.471,0.281460631,24.07,44.87,1.67
2009,11,7,11/07,14,0,1622.5,1622.5,115.1,232.502,0.143298613,24.70,42.07,1.64
2009,11,7,11/07,15,0,1454,1454,363.85,734.977,0.505486245,25.82,40.04,1.80
2009,11,7,11/07,16,0,1259.5,1259.5,119.35,241.087,0.191414847,26.38,37.32,2.03
2009,11,7,11/07,17,0,650.45,650.45,196.8,397.536,0.611170728,25.44,39.07,2.16
2009,11,7,11/07,18,0,464.85,464.85,177.5,358.55,0.771324083,25.67,40.14,2.37
2009,11,7,11/07,19,0,269.3,269.3,59.795,120.7859,0.44851801,23.88,48.57,1.14
2009,11,7,11/07,20,0,24.43,0,10.974,0,NA,18.91,73.40,0.00
2009,11,7,11/07,21,0,0.229,0,0.337,0,NA,20.29,62.05,2.03
2009,11,7,11/07,22,0,0,0,0.337,0,NA,19.01,70.54,1.03
2009,11,7,11/07,23,0,0.098,0,0.337,0,NA,18.19,74.20,0.31
2009,11,7,11/07,0,0,0.439,0,0.354,0,NA,17.67,76.05,1.99
2009,12,7,12/07,1,0,0.338,0,0.337,0,NA,17.22,77.25,1.74
2009,12,7,12/07,2,0,0.24,0,0.337,0,NA,16.71,76.25,1.65
2009,12,7,12/07,3,0,0.251,0,0.337,0,NA,16.28,78.25,1.80
2009,12,7,12/07,4,0,0.262,0,0.337,0,NA,16.01,84.95,1.93
2009,12,7,12/07,5,0,27.57,27.57,12.362,24.97124,0.905739572,16.43,87.35,2.95
2009,12,7,12/07,6,0,130.45,130.45,62.73,126.7146,0.971365274,17.32,86.85,3.07
2009,12,7,12/07,7,0,248.95,248.95,120.65,243.713,0.978963647,18.80,85.10,3.09
2009,12,7,12/07,8,0,255.1,255.1,123.55,249.571,0.978326147,19.75,83.50,3.62
2009,12,7,12/07,9,0,236.5,236.5,116.9,236.138,0.998469345,19.05,93.85,3.40
2009,12,7,12/07,10,0,661.35,661.35,335.65,678.013,1,19.50,94.55,3.74
2009,12,7,12/07,11,0,861.5,861.5,432.7,874.054,1,20.15,92.30,3.51
2009,12,7,12/07,12,0,880.5,880.5,426.15,860.823,0.97765247,20.46,90.50,3.81
2009,12,7,12/07,13,0,494.4,494.4,250.1,505.202,1,19.89,94.95,2.81
2009,12,7,12/07,14,0,770.65,770.65,376.5,760.53,0.986868228,20.68,92.60,3.35
2009,12,7,12/07,15,0,417.8,417.8,212.2,428.644,1,20.07,94.05,3.46
2009,12,7,12/07,16,0,373.35,373.35,187.5,378.75,1,19.93,94.20,3.47
2009,12,7,12/07,17,0,407.45,407.45,194,391.88,0.961786722,20.36,92.30,2.54
2009,12,7,12/07,18,0,235.45,235.45,112.6,227.452,0.966031004,20.19,92.45,1.45
2009,12,7,12/07,19,0,217.35,217.35,89.05,179.881,0.827609846,19.90,89.95,1.28
2009,12,7,12/07,20,0,25.27,0,11.27,0,NA,18.90,93.35,0.21
2009,12,7,12/07,21,0,1.089,0,0.337,0,NA,17.93,96.45,0.31
2009,12,7,12/07,22,0,0.545,0,0.337,0,NA,17.31,95.20,0.77
2009,12,7,12/07,23,0,0.414,0,0.337,0,NA,16.80,94.80,0.93
2009,12,7,12/07,0,0,0.011,0,0.337,0,NA,16.96,93.90,0.17
2009,13,7,13/07,1,0,0.621,0,0.337,0,NA,16.90,94.20,0.19
2009,13,7,13/07,2,0,0.948,0,0.337,0,NA,16.72,95.00,0.09
2009,13,7,13/07,3,0,0.632,0,0.337,0,NA,16.60,95.70,0.00
2009,13,7,13/07,4,0,0.894,0,0.337,0,NA,16.35,95.75,0.02
2009,13,7,13/07,5,0,8.882,8.882,3.007,6.07414,0.68387075,15.91,94.35,0.03
2009,13,7,13/07,6,0,63.145,63.145,29.57,59.7314,0.945940296,15.86,90.00,0.04
2009,13,7,13/07,7,0,141.5,141.5,69.24,139.8648,0.988443816,16.09,90.30,0.03
2009,13,7,13/07,8,0,380.5,380.5,184.15,371.983,0.977616294,17.16,86.70,0.03
2009,13,7,13/07,9,0,260.2,260.2,128.1,258.762,0.994473482,17.54,87.80,0.00
2009,13,7,13/07,10,0,428.3,428.3,209.35,422.887,0.987361662,17.93,88.80,0.02
2009,13,7,13/07,11,0,438.35,438.35,217.1,438.542,1,19.02,87.10,0.02
2009,13,7,13/07,12,0,963.05,963.05,443.95,896.779,0.931186335,20.80,77.70,0.01
2009,13,7,13/07,13,0,920,920,449,906.98,0.985847826,21.55,71.40,1.98
2009,13,7,13/07,14,0,794,794,387.15,782.043,0.984940806,20.74,75.60,1.95
2009,13,7,13/07,15,0,274.75,274.75,134.25,271.185,0.987024568,20.11,79.90,2.40
2009,13,7,13/07,16,0,127.25,127.25,61.775,124.7855,0.980632613,19.71,80.35,1.73
2009,13,7,13/07,17,0,92.7,92.7,45.21,91.3242,0.985158576,19.75,80.70,1.12
2009,13,7,13/07,18,0,103.2,103.2,49.935,100.8687,0.977409884,19.98,79.00,0.84
2009,13,7,13/07,19,0,162.25,162.25,77.66,156.8732,0.966861017,19.94,80.10,0.37
2009,13,7,13/07,20,0,23.42,0,10.458,0,NA,19.12,84.85,0.86
2009,13,7,13/07,21,0,0.055,0,0.337,0,NA,18.67,87.00,0.32
2009,13,7,13/07,22,0,0,0,0.337,0,NA,17.74,86.85,1.08
2009,13,7,13/07,23,0,1.351,0,0.337,0,NA,16.53,91.95,1.12
2009,13,7,13/07,0,0,0.262,0,0.337,0,NA,15.61,95.50,0.27
2009,14,7,14/07,1,0,0.687,0,0.337,0,NA,15.41,96.05,0.35
2009,14,7,14/07,2,0,0.817,0,0.337,0,NA,15.07,95.65,0.26
2009,14,7,14/07,3,0,0,0,0.337,0,NA,14.76,94.90,0.02
2009,14,7,14/07,4,0,0.491,0,0.337,0,NA,13.81,96.25,0.00
2009,14,7,14/07,5,0,25.105,25.105,11.264,22.75328,0.906324637,14.27,96.10,0.16
2009,14,7,14/07,6,0,233.75,233.75,59.665,120.5233,0.515607701,16.30,89.25,1.20
2009,14,7,14/07,7,0,587.25,587.25,62.735,126.7247,0.215793444,18.50,79.85,2.82
2009,14,7,14/07,8,0,711.05,711.05,147.5,297.95,0.419028198,18.90,75.80,2.82
2009,14,7,14/07,9,0,633.8,633.8,316.8,639.936,1,20.29,66.54,3.15
2009,14,7,14/07,10,0,1087,1087,404.75,817.595,0.752157314,22.18,57.58,3.36
2009,14,7,14/07,11,0,1534.5,1534.5,286.6,578.932,0.377277289,23.13,50.97,3.27
2009,14,7,14/07,12,0,1271,1271,383,773.66,0.60870181,23.05,54.20,3.43
2009,14,7,14/07,13,0,675.8,675.8,303.95,613.979,0.908521752,23.14,55.74,4.62
2009,14,7,14/07,14,0,1681.5,1681.5,256.5,518.13,0.308135593,23.30,47.17,4.50
2009,14,7,14/07,15,0,820.5,820.5,258.5,522.17,0.636404631,23.23,42.36,4.73
2009,14,7,14/07,16,0,1229.5,1229.5,108.75,219.675,0.178670191,22.40,46.02,4.60
2009,14,7,14/07,17,0,799.5,799.5,207.75,419.655,0.524896811,22.12,48.57,3.82
2009,14,7,14/07,18,0,431.75,431.75,102.4,206.848,0.479092067,21.28,56.28,3.00
2009,14,7,14/07,19,0,225.85,225.85,72.045,145.5309,0.644369714,20.13,59.49,2.87
2009,14,7,14/07,20,0,23.64,0,11.165,0,NA,18.01,69.28,1.57
2009,14,7,14/07,21,0,0.316,0,0.337,0,NA,16.78,75.55,1.64
2009,14,7,14/07,22,0,0.109,0,0.337,0,NA,15.95,81.00,1.77
2009,14,7,14/07,23,0,0.153,0,0.337,0,NA,15.09,86.70,1.32
2009,14,7,14/07,0,0,0.011,0,0.337,0,NA,13.27,93.15,1.20
2009,15,7,15/07,1,0,0,0,0.338,0,NA,13.51,93.15,1.27
2009,15,7,15/07,2,0,0.338,0,0.338,0,NA,14.61,90.50,1.89
2009,15,7,15/07,3,0,0.534,0,0.338,0,NA,13.87,91.30,1.96
2009,15,7,15/07,4,0,0.687,0,0.338,0,NA,14.23,90.45,2.09
2009,15,7,15/07,5,0,23.56,23.56,10.182,20.56764,0.872989813,14.62,90.30,2.16
2009,15,7,15/07,6,0,147.7,147.7,72.48,146.4096,0.991263372,15.62,87.10,2.06
2009,15,7,15/07,7,0,329.95,329.95,160.1,323.402,0.980154569,17.42,82.45,1.80
2009,15,7,15/07,8,0,543.95,543.95,217.7,439.754,0.808445629,18.93,75.95,2.18
2009,15,7,15/07,9,0,1196.5,1196.5,346.9,700.738,0.585656498,21.43,56.32,3.01
2009,15,7,15/07,10,0,1520.5,1520.5,410.65,829.513,0.545552779,22.31,52.66,3.31
2009,15,7,15/07,11,0,1577,1577,325.55,657.611,0.417001268,22.63,51.40,2.85
2009,15,7,15/07,12,0,1147,1147,376.6,760.732,0.663236269,23.26,49.42,3.08
2009,15,7,15/07,13,0,1474,1474,272.35,550.147,0.373234057,23.74,48.08,2.50
2009,15,7,15/07,14,0,1333,1333,310.95,628.119,0.471207052,25.00,43.05,2.95
2009,15,7,15/07,15,0,1448,1448,247.95,500.859,0.345897099,24.70,43.84,2.95
2009,15,7,15/07,16,0,845,845,157.4,317.948,0.376269822,24.01,47.46,2.63
2009,15,7,15/07,17,0,580.4,580.4,178.9,361.378,0.622636113,24.13,46.84,2.94
2009,15,7,15/07,18,0,506.4,506.4,110.45,223.109,0.440578594,23.32,47.97,2.66
2009,15,7,15/07,19,0,217.5,217.5,66.93,135.1986,0.621602759,21.69,51.88,2.17
2009,15,7,15/07,20,0,19.575,0,8.973,0,NA,19.43,60.85,1.45
2009,15,7,15/07,21,0,0.229,0,0.337,0,NA,17.74,67.95,0.57
2009,15,7,15/07,22,0,0.344,0,0.358,0,NA,14.92,83.15,0.00
2009,15,7,15/07,23,0,0.316,0,0.337,0,NA,14.51,84.85,0.00
2009,15,7,15/07,0,0,0.523,0,0.338,0,NA,14.63,82.35,0.00
2009,16,7,16/07,1,0,0.284,0,0.338,0,NA,13.46,88.40,0.00
2009,16,7,16/07,2,0,0.872,0,0.338,0,NA,13.20,89.70,0.00
2009,16,7,16/07,3,0,0.164,0,0.338,0,NA,13.05,88.45,0.04
2009,16,7,16/07,4,0,0.404,0,0.338,0,NA,13.96,82.95,0.56
2009,16,7,16/07,5,0,35.28,35.28,16.315,32.9563,0.934135488,14.73,80.50,0.50
2009,16,7,16/07,6,0,245.05,245.05,66.625,134.5825,0.549204244,16.81,74.80,1.18
2009,16,7,16/07,7,0,562.95,562.95,73.7,148.874,0.264453326,19.12,65.93,1.96
2009,16,7,16/07,8,0,887.5,887.5,93.75,189.375,0.213380282,21.57,60.53,1.71
2009,16,7,16/07,9,0,1198,1198,101.6,205.232,0.171312187,24.92,50.60,2.37
2009,16,7,16/07,10,0,1445.5,1445.5,105.55,213.211,0.147499827,27.09,39.92,2.12
2009,16,7,16/07,11,0,1615,1615,116.35,235.027,0.145527554,28.60,37.68,1.78
2009,16,7,16/07,12,0,1699,1699,145.55,294.011,0.173049441,29.45,35.68,2.25
2009,16,7,16/07,13,0,1658.5,1658.5,198.9,401.778,0.242253844,30.40,33.64,2.26
2009,16,7,16/07,14,0,1608,1608,289.05,583.881,0.363110075,31.59,31.66,2.69
2009,16,7,16/07,15,0,1357,1357,271.55,548.531,0.404223287,32.08,30.99,3.46
2009,16,7,16/07,16,0,873.4,873.4,253.55,512.171,0.586410579,31.58,33.66,3.52
2009,16,7,16/07,17,0,687.15,687.15,224.8,454.096,0.6608397,30.36,36.31,3.46
2009,16,7,16/07,18,0,336.35,336.35,142.35,287.547,0.854904118,27.79,43.72,5.52
2009,16,7,16/07,19,0,201.15,201.15,86.65,175.033,0.870161571,23.39,57.18,4.74
2009,16,7,16/07,20,0,14.34,0,6.198,0,NA,22.16,52.67,5.24
2009,16,7,16/07,21,0,0,0,0.337,0,NA,20.44,59.77,5.66
2009,16,7,16/07,22,0,0.414,0,0.337,0,NA,18.25,75.45,4.63
2009,16,7,16/07,23,0,0.48,0,0.337,0,NA,16.97,89.30,4.74
2009,16,7,16/07,0,0,0.109,0,0.337,0,NA,15.93,84.75,4.37
2009,17,7,17/07,1,0,0.022,0,0.337,0,NA,15.59,85.70,3.62
2009,17,7,17/07,2,0,0.469,0,0.337,0,NA,14.78,87.70,3.12
2009,17,7,17/07,3,0,0.687,0,0.337,0,NA,14.09,90.30,1.93
2009,17,7,17/07,4,0,0.384,0,0.358,0,NA,14.06,90.10,2.18
2009,17,7,17/07,5,0,6.987,6.987,2.116,4.27432,0.611753256,14.23,92.15,1.88
2009,17,7,17/07,6,0,53.79,53.79,26.09,52.7018,0.979769474,14.45,93.45,1.69
2009,17,7,17/07,7,0,93.66,93.66,45.245,91.3949,0.975815716,14.24,93.80,3.18
2009,17,7,17/07,8,0,111.5,111.5,54.605,110.3021,0.989256502,14.42,89.00,3.75
2009,17,7,17/07,9,0,147.05,147.05,73,147.46,1,12.47,94.15,1.67
2009,17,7,17/07,10,0,1156,1156,220.55,445.511,0.385390138,15.52,80.10,3.62
2009,17,7,17/07,11,0,1114,1114,451.35,911.727,0.818426391,15.89,74.75,3.31
2009,17,7,17/07,12,0,811.6,811.6,321.1,648.622,0.799189256,15.73,75.70,3.91
2009,17,7,17/07,13,0,1254,1254,331.3,669.226,0.533673046,16.99,66.25,6.26
2009,17,7,17/07,14,0,371,371,169.05,341.481,0.920433962,15.83,71.55,5.61
2009,17,7,17/07,15,0,1075,1075,344.95,696.799,0.648185116,17.72,61.69,6.50
2009,17,7,17/07,16,0,322.75,322.75,157.8,318.756,0.987625097,17.17,66.44,3.59
2009,17,7,17/07,17,0,543.1,543.1,140.65,284.113,0.52313202,17.28,60.57,5.66
2009,17,7,17/07,18,0,218.7,218.7,104.25,210.585,0.962894376,15.62,73.90,3.55
2009,17,7,17/07,19,0,201.45,201.45,76.5,154.53,0.767088608,15.50,75.55,2.48
2009,17,7,17/07,20,0,16.405,0,7.158,0,NA,14.45,72.30,2.76
2009,17,7,17/07,21,0,0.055,0,0.337,0,NA,13.57,79.60,2.99
2009,17,7,17/07,22,0,0,0,0.338,0,NA,13.03,83.10,3.06
2009,17,7,17/07,23,0,0.436,0,0.338,0,NA,12.18,87.30,2.53
2009,17,7,17/07,0,0,0.153,0,0.338,0,NA,11.47,90.45,2.25
2009,18,7,18/07,1,0,0,0,0.338,0,NA,10.85,93.00,2.15
2009,18,7,18/07,2,0,0.295,0,0.338,0,NA,10.54,93.90,2.39
2009,18,7,18/07,3,0,0.709,0,0.338,0,NA,10.19,94.75,2.39
2009,18,7,18/07,4,0,0.404,0,0.338,0,NA,9.86,95.05,1.13
2009,18,7,18/07,5,0,29.59,29.59,12.892,26.04184,0.880089219,10.03,94.70,1.75
2009,18,7,18/07,6,0,243.6,243.6,64.235,129.7547,0.532654762,11.68,90.55,1.92
2009,18,7,18/07,7,0,554.05,554.05,125.5,253.51,0.457557982,13.48,84.15,2.90
2009,18,7,18/07,8,0,446.15,446.15,196.1,396.122,0.887867309,14.20,82.85,2.44
2009,18,7,18/07,9,0,894.5,894.5,377.8,763.156,0.853164897,16.76,69.75,3.59
2009,18,7,18/07,10,0,1210.5,1210.5,320.4,647.208,0.53466171,18.40,58.55,4.80
2009,18,7,18/07,11,0,971,971,400.05,808.101,0.832235839,19.34,54.63,5.05
2009,18,7,18/07,12,0,988,988,469.9,949.198,0.960726721,19.43,55.73,4.99
2009,18,7,18/07,13,0,1200,1200,489.35,988.487,0.823739167,19.31,56.28,5.61
2009,18,7,18/07,14,0,472.85,472.85,231.25,467.125,0.987892566,18.84,56.96,5.49
2009,18,7,18/07,15,0,398.1,398.1,197.6,399.152,1,18.30,60.13,5.91
2009,18,7,18/07,16,0,913,913,325.35,657.207,0.719832421,17.58,70.92,5.61
2009,18,7,18/07,17,0,420.85,420.85,205.75,415.615,0.987560889,17.04,73.40,5.91
2009,18,7,18/07,18,0,169.9,169.9,82.6,166.852,0.982060035,15.25,91.60,5.02
2009,18,7,18/07,19,0,63.71,63.71,30.775,62.1655,0.975757338,15.51,93.70,4.43
2009,18,7,18/07,20,0,6.724,0,2.062,0,NA,15.87,94.40,3.09
2009,18,7,18/07,21,0,0.305,0,0.337,0,NA,15.93,94.30,2.30
2009,18,7,18/07,22,0,0.294,0,0.337,0,NA,15.38,93.00,2.92
2009,18,7,18/07,23,0,0.839,0,0.337,0,NA,14.70,92.05,2.32
2009,18,7,18/07,0,0,0.262,0,0.337,0,NA,13.78,94.35,0.82
