t,PARi,air_temperature,humidity,Wind,ambient_CO2
0,0,13.43,0.6191,3.33,400
1,0,12.78,0.6046,3.14,400
2,0,11.77,0.5958,2.88,400
3,0,10.56,0.6319,2.19,400
4,59.805,10.75,0.6438,2.52,400
5,306.1,12.22,0.6092,3.84,400
6,617.15,14.1,0.5596,4.2,400
7,932.5,15.56,0.516,4.63,400
8,1215.5,16.8,0.5181,4.3,400
9,1444,17.81,0.4962,4.61,400
10,1600.5,19.02,0.4634,4.87,400
11,1674.5,19.86,0.4791,5.1,400
12,1660,20.73,0.4507,4.95,400
13,1559.5,21.34,0.449,4.74,400
14,1378.5,21.7,0.4543,4.56,400
15,1125,21.88,0.4538,4.29,400
16,821.5,21.69,0.462,4.51,400
17,495.05,21.31,0.4638,3.95,400
18,192.7,19.75,0.5182,2.64,400
19,0,17.73,0.573,1.92,400
20,0,17.01,0.5929,2.47,400
21,0,16.42,0.6155,2.44,400
22,0,14.77,0.6804,2.22,400
23,0,14.59,0.689,3.15,400
24,0,14.04,0.7095,2.9,400
25,0,13.14,0.7485,1.84,400
26,0,12.02,0.7945,1.77,400
27,0,10.83,0.852,1.52,400
28,57.89,11.3,0.8435,1.98,400
29,296.75,13.43,0.76,2.68,400
30,611.3,15.58,0.6875,3.11,400
31,930.5,17.35,0.6451,3.36,400
32,1219.5,19.06,0.5934,3.65,400
33,1450.5,20.58,0.5279,4.04,400
34,1611,21.38,0.4644,4.56,400
35,1689,21.9,0.4386,3.91,400
36,1675.5,22.37,0.4275,3.51,400
37,1563.5,22.66,0.4272,3.84,400
38,1392.5,22.71,0.4292,3.92,400
39,1117.5,22.27,0.4345,3.95,400
40,814,21.94,0.4743,3.56,400
41,480.4,21.09,0.5167,3.29,400
42,181.15,19.46,0.5877,1.03,400
43,0,17.78,0.6389,0.84,400
44,0,16.1,0.7124,0.6,400
45,0,15.12,0.752,0.56,400
46,0,14.43,0.8,0.97,400
47,0,13.57,0.847,1.18,400
48,0,12.85,0.8805,1.3,400
49,0,12.44,0.8915,1.55,400
50,0,11.79,0.9165,1.5,400
51,0,10.85,0.945,1.06,400
52,57.535,11.76,0.916,1.65,400
53,303.9,13.43,0.854,2.71,400
54,616.2,15.51,0.7515,2.96,400
55,941.5,17.64,0.6362,3.35,400
56,1236,19.19,0.5402,4.1,400
57,1466,20.43,0.4955,3.88,400
58,1626.5,20.99,0.4696,3.89,400
59,1704.5,21.56,0.4329,3.64,400
60,1694.5,22.08,0.4068,3.25,400
61,1588,22.39,0.4509,3.54,400
62,1392.5,22.92,0.461,3.49,400
63,1138.5,23.06,0.4693,3.41,400
64,830,22.89,0.486,3.52,400
65,441.95,21.69,0.5509,2.15,400
66,183.2,20.48,0.5875,1.03,400
67,0,18.27,0.6913,1.14,400
68,0,17.15,0.7495,0.71,400
69,0,17.07,0.761,0.92,400
70,0,15.94,0.8065,0.91,400
71,0,15.32,0.827,0.41,400
72,0,15.61,0.827,2.02,400
73,0,14.93,0.838,1.72,400
74,0,14.48,0.8665,2.18,400
75,0,13.11,0.916,1.34,400
76,56.395,13.61,0.9275,1.68,400
77,280.4,15.46,0.879,2.06,400
78,601.35,17.49,0.7995,2.56,400
79,916.5,19.15,0.7375,2.98,400
80,1212.5,20.81,0.669,2.87,400
81,1439,21.95,0.6227,3.21,400
82,1601,23.06,0.5792,3.21,400
83,1734.5,23.77,0.5282,3.63,400
84,1492,23.88,0.5134,3.94,400
85,1111.5,24.3,0.4918,3.57,400
86,1350.5,24.22,0.4873,2.91,400
87,848.15,24.68,0.4789,3.58,400
88,698.9,23.8,0.4972,2.71,400
89,489.1,23.15,0.4999,3.33,400
90,186.2,21.41,0.5302,2.28,400
91,0,19.01,0.5792,1.34,400
92,0,17.33,0.6328,1,400
93,0,16.36,0.6615,1.04,400
94,0,15.34,0.7004,1.26,400
95,0,13.27,0.8035,1.38,400
96,0,13.12,0.82,1.37,400
97,0,11.95,0.8715,0.51,400
98,0,10.81,0.899,0.83,400
99,0,11.1,0.8925,0.55,400
100,54.93,11.71,0.891,0.81,400
101,307.4,14.58,0.828,1.78,400
102,621.75,16.26,0.7705,2.44,400
103,944.5,17.98,0.7115,2.37,400
104,1225,19.87,0.6587,2.51,400
105,1487,21.43,0.5597,3.3,400
106,1650.5,22.24,0.4808,3.37,400
107,1722.5,23.06,0.4403,2.85,400
108,1662,23.59,0.4449,2.87,400
109,1511,23.75,0.4617,3.3,400
110,1096,23.99,0.4507,3.08,400
111,926.5,23.01,0.4549,2.94,400
112,581.5,22.96,0.4734,2.36,400
113,592.4,22.48,0.5011,2.15,400
114,143.8,20.49,0.5708,0.63,400
115,0,18.94,0.6176,0.32,400
116,0,17.59,0.6494,0.36,400
117,0,15.92,0.7105,0.63,400
118,0,15.77,0.7175,0.36,400
119,0,14.29,0.784,0.06,400
120,0,11.68,0.886,0,400
121,0,12.15,0.907,0,400
122,0,11.44,0.916,0.56,400
123,0,10.7,0.936,0.95,400
124,60.755,12.16,0.916,1.73,400
125,290.25,14.58,0.8515,1.08,400
126,601.45,16.11,0.7935,2.61,400
127,894,17.37,0.7455,2.66,400
128,1216,18.82,0.7034,3.12,400
129,1457,19.93,0.6546,2.48,400
130,1471.5,20.4,0.6149,2.78,400
131,1307.5,20.63,0.5825,2.99,400
132,1211,20.97,0.5629,2.48,400
133,860,21.13,0.5441,2.15,400
134,1028,20.67,0.5528,2.38,400
135,752.45,20.8,0.5667,3.4,400
136,888,20.49,0.5345,3.16,400
137,511.75,19.82,0.5555,2.1,400
138,199.85,18.14,0.5845,1.73,400
139,0,15.83,0.6383,1.62,400
140,0,14.39,0.6909,1.53,400
141,0,13.78,0.7225,1.21,400
142,0,13.07,0.742,0.99,400
143,0,12.27,0.772,1.04,400
144,0,11.98,0.7925,1.33,400
145,0,11.79,0.8095,1.51,400
146,0,11.7,0.8035,1.78,400
147,0,11.47,0.7965,2.28,400
148,33.765,11.23,0.779,2.53,400
149,300.45,12.71,0.712,3.29,400
150,527.15,13.57,0.7024,2.85,400
151,661.7,15.46,0.6256,3.66,400
152,1173.5,16.25,0.5983,3.61,400
153,997.5,16.6,0.6128,3.44,400
154,871.75,17.24,0.6082,3.67,400
155,1352,18.24,0.5895,2.91,400
156,1510.5,19.34,0.5766,2.85,400
157,1669.5,20.58,0.548,1.88,400
158,937.5,20.07,0.5519,1.48,400
159,159.15,18.42,0.7329,0,400
160,105.3,16.45,0.8285,0.74,400
161,58.86,15.73,0.9235,0.2,400
162,27.04,15.59,0.929,0,400
163,0,15.16,0.929,1.13,400
164,0,14.63,0.9545,0.89,400
165,0,13.64,0.945,1.71,400
166,0,12.95,0.949,1.32,400
167,0,12.84,0.95,0.54,400
168,0,12.76,0.964,0.49,400
169,0,12.77,0.97,1.57,400
170,0,12.72,0.9685,1.01,400
171,0,12.2,0.9735,0.88,400
172,32.835,12.17,0.982,1.37,400
173,86.3,12.41,0.9785,1.78,400
174,211,13.26,0.963,0.33,400
175,229,14.05,0.942,0.07,400
176,266.2,13.86,0.929,1.07,400
177,466.2,14.9,0.895,1.28,400
178,283.65,14.53,0.8735,1.78,400
179,1687,15.94,0.7695,1.01,400
180,1087.8,17.14,0.739,2.01,400
181,1765.5,15.46,0.799,4.32,400
182,168.3,13.51,0.9605,2.07,400
183,434.8,14.77,0.934,3.07,400
184,637.65,15.48,0.847,2.21,400
185,303.3,15.2,0.827,2.28,400
186,183.9,14.41,0.8575,2.93,400
187,0,12.74,0.957,1.03,400
188,0,13.34,0.949,0.83,400
189,0,13.42,0.967,1.91,400
190,0,13.5,0.961,2.75,400
191,0,13.36,0.9705,1.46,400
192,0,12.96,0.963,2.46,400
193,0,12.03,0.957,1.93,400
194,0,10.59,0.963,1.15,400
195,0,10.08,0.9725,1.25,400
196,49.475,10.1,0.966,0.86,400
197,204.95,10.73,0.943,1.11,400
198,589.15,12.07,0.8755,1.57,400
199,920,13.24,0.725,2.78,400
200,1076.5,14.24,0.6475,4.3,400
201,1427.5,15.51,0.5813,4.67,400
202,671.2,13.15,0.786,4.55,400
203,1066.5,14.6,0.6917,5.61,400
204,1541,13.48,0.8365,4.08,400
205,1130,15.66,0.7375,4.9,400
206,868.8,14.75,0.7285,5.64,400
207,607.05,15.81,0.6119,5.26,400
208,445.55,15.12,0.5911,3.65,400
209,155.8,14.48,0.6112,2.75,400
210,160.85,13.49,0.739,1.93,400
211,0,11.74,0.868,1.41,400
212,0,10.69,0.918,0.49,400
213,0,9.56,0.9565,0.35,400
214,0,10.18,0.962,0.57,400
215,0,10.85,0.9495,0.46,400
216,0,11.2,0.9615,0,400
217,0,11.3,0.9685,0,400
218,0,11.46,0.976,0,400
219,0,11.62,0.9805,0,400
220,12.488,11.89,0.9835,0.02,400
221,16.13,11.99,0.984,0.11,400
222,48.055,12.16,0.982,0.38,400
223,62.52,12.87,0.9785,2.23,400
224,253.75,14.11,0.954,2.59,400
225,553.2,16.06,0.885,4.31,400
226,643.6,15.74,0.887,4.02,400
227,443.55,15.73,0.9185,4.12,400
228,776.3,16.07,0.879,2.51,400
229,584.9,17.79,0.848,3.57,400
230,1447,18.53,0.6445,4.21,400
231,1171.5,19.1,0.643,4.19,400
232,967,18.97,0.6047,3.4,400
233,605.55,18.32,0.6267,2.07,400
234,106.05,16.26,0.7232,0.95,400
235,0,13.24,0.8985,0.15,400
236,0,11.39,0.925,0.47,400
237,0,12.73,0.802,1.48,400
238,0,12.88,0.807,2.29,400
239,0,12.8,0.839,2.24,400
240,0,12.78,0.863,2.87,400
241,0,12.45,0.9085,2.87,400
242,0,12.79,0.9175,4.52,400
243,0,12.78,0.93,5.06,400
244,34.59,12.72,0.9075,5.15,400
245,242.15,13.47,0.9,4.88,400
246,251.25,14,0.8875,5.12,400
247,700.2,15.43,0.8045,5.5,400
248,830.2,16.35,0.7014,6.1,400
249,1139,16.96,0.68,5.3,400
250,1364,17.46,0.6641,5.98,400
251,1440,16.78,0.6793,6.23,400
252,1689,17.96,0.6168,7.12,400
253,1422,17.84,0.6132,6.79,400
254,1453.5,17.42,0.6188,6.64,400
255,994.5,17.2,0.5856,6.16,400
256,884,16.61,0.6372,5.17,400
257,523.75,16.15,0.6515,4.19,400
258,149.5,14.29,0.749,2.42,400
259,0,12.77,0.8035,2.05,400
260,0,11.53,0.875,1.55,400
261,0,10.46,0.921,1.18,400
262,0,10.45,0.9345,1.21,400
263,0,10.51,0.949,1.32,400
264,0,10.43,0.954,1.42,400
265,0,11.23,0.9455,1.84,400
266,0,11.7,0.93,1.86,400
267,0,12.06,0.891,2.35,400
268,14.645,11.96,0.9125,1.52,400
269,168,12.78,0.892,2.34,400
270,347.05,14.87,0.81,3.03,400
271,747.5,16.92,0.7325,4.71,400
272,636.3,17.69,0.74,4.2,400
273,672.8,18.43,0.7325,4.92,400
274,1111,18.08,0.7865,5.46,400
275,222.95,16.31,0.9535,4.47,400
276,646.45,18.14,0.8965,4.91,400
277,318.15,17.05,0.9345,5.47,400
278,541.95,18.15,0.883,5.86,400
279,563.85,18.51,0.8135,5.59,400
280,524.7,18.48,0.7535,7.09,400
281,340.75,17.5,0.7715,6.64,400
282,92.05,16.34,0.818,5.98,400
283,0,15.62,0.818,6.42,400
284,0,15.16,0.8435,4.66,400
285,0,14.81,0.857,5.46,400
286,0,14.34,0.8395,4.92,400
287,0,14,0.8605,3.56,400
288,0,13.75,0.875,3.31,400
289,0,12.86,0.9205,2.93,400
290,0,11.8,0.95,2.19,400
291,0,11.65,0.9675,2.22,400
292,39.31,11.71,0.9565,2.4,400
293,302.85,12.12,0.935,2.12,400
294,600.15,14.08,0.8015,2.22,400
295,965,15.1,0.734,2.49,400
296,1174,16.07,0.6763,2.55,400
297,1486.5,16.92,0.6397,2.58,400
298,1461,17.77,0.616,2.07,400
299,1604,18.54,0.5877,2.33,400
300,1925,19.23,0.563,2.4,400
301,1208,19.72,0.5373,1.56,400
302,1233,19.88,0.5293,1.57,400
303,813.4,19.91,0.5328,1.82,400
304,876,20,0.5608,1.98,400
305,530.5,19.2,0.5508,2.11,400
306,223.55,17.26,0.649,1.15,400
307,0,14.55,0.7515,1.41,400
308,0,13.44,0.794,1.34,400
309,0,12.62,0.8275,1.06,400
310,0,11.74,0.8805,0.65,400
311,0,10.95,0.9205,0.08,400
312,0,10.73,0.947,0,400
313,0,9.74,0.97,0,400
314,0,8.84,0.975,0,400
315,0,8.53,0.9795,0,400
316,80.285,10.07,0.979,0,400
317,327.15,14.52,0.866,0,400
318,649.4,17.01,0.7108,0,400
319,974,17.17,0.666,1.06,400
320,1194,18,0.6794,1.62,400
321,1204.5,18.03,0.721,2.17,400
322,1293,18.41,0.7125,2,400
323,1268.5,19.18,0.6985,2.01,400
324,862,19.52,0.6587,1.42,400
325,1407,20.96,0.6526,1.15,400
326,1479,21.4,0.6158,0.97,400
327,1193.5,21.63,0.5998,0.75,400
328,880.5,21.8,0.6093,1.11,400
329,553.7,22.25,0.5821,0.18,400
330,237.6,20.19,0.6941,0.13,400
331,0,16.21,0.894,0,400
332,0,14.33,0.9465,0,400
333,0,14.53,0.901,0,400
334,0,13.42,0.947,0,400
335,0,13.67,0.9125,0,400
336,0,13.79,0.9025,0,400
337,0,13.65,0.894,0.18,400
338,0,12.98,0.9155,0,400
339,0,12.73,0.934,0.24,400
340,86.915,14.5,0.876,0.22,400
341,335,16.41,0.829,1.31,400
342,652.7,18.49,0.7685,1.64,400
343,971,20.17,0.712,2.53,400
344,1258,21.79,0.6718,2.96,400
345,1390,22.96,0.6399,2.84,400
346,1648,24.18,0.5531,2.39,400
347,1502,24.53,0.5558,2.45,400
348,1483,25.57,0.5271,1.98,400
349,1613.5,26.12,0.5209,1.9,400
350,1425.5,26.5,0.5185,1.92,400
351,1160.5,26.81,0.5112,1.57,400
352,851,26.49,0.5407,1.39,400
353,527.2,25.95,0.5899,0.52,400
354,280.3,25,0.6367,0,400
355,0,23.02,0.6746,0.37,400
356,0,19.22,0.88,0,400
357,0,17.78,0.9315,0,400
358,0,17.07,0.941,0,400
359,0,17.01,0.9425,0,400
360,0,15.78,0.9575,0,400
361,0,15.54,0.9695,0,400
362,0,15.14,0.9705,0,400
363,0,14.25,0.975,0,400
364,59.015,16.48,0.9545,1.22,400
365,14.995,17,0.959,2.31,400
366,86.85,17.41,0.9535,0.7,400
367,227.65,18.63,0.947,0.15,400
368,447.6,20.24,0.915,0.46,400
369,752.05,21.46,0.8615,1.11,400
370,509.4,22.13,0.8165,1.69,400
371,580.4,22.5,0.8125,1.08,400
372,236.15,22.36,0.8405,0.85,400
373,1022,23.48,0.7615,1.52,400
374,827,23.69,0.712,0.87,400
375,652.15,24.13,0.6376,0,400
376,580.4,24.17,0.6384,0,400
377,380.5,22.95,0.77,0,400
378,95.6,21.76,0.84,0,400
379,0,19.89,0.9515,0,400
380,0,19.67,0.9585,0,400
381,0,19.61,0.9515,0,400
382,0,20.02,0.946,2.2,400
383,0,19.48,0.948,2.13,400
384,0,18.97,0.9605,1.64,400
385,0,18.45,0.9375,2.51,400
386,0,17.36,0.888,1.63,400
387,0,16.7,0.8645,2.56,400
388,15.54,16.61,0.9105,0.68,400
389,129.95,16.78,0.916,1.7,400
390,329.1,17.65,0.8565,2.94,400
391,368.45,17.92,0.8595,2.89,400
392,510.9,18.42,0.8255,3.2,400
393,280.85,18.51,0.8285,1.45,400
394,295.7,18.4,0.8575,0.98,400
395,299.2,17.9,0.8835,1.64,400
396,102.2,17.03,0.9435,1.47,400
397,301.6,17.62,0.917,2,400
398,1057.5,20.12,0.743,2.89,400
399,637.4,20.61,0.6927,3.08,400
400,525.75,20.08,0.6759,3.19,400
401,262.35,19.08,0.775,2.91,400
402,207.6,17.37,0.786,2.7,400
403,0,15.56,0.868,0,400
404,0,13.1,0.946,0.41,400
405,0,13.98,0.8205,1.65,400
406,0,11.82,0.8205,0.98,400
407,0,10.81,0.872,1.16,400
408,0,10.36,0.922,1.36,400
409,0,10.28,0.952,1.19,400
410,0,10.21,0.952,1.04,400
411,0,10.17,0.9615,1,400
412,34.05,9.98,0.972,0.84,400
413,293.7,11.92,0.953,0.07,400
414,633.1,14.21,0.868,0.76,400
415,922.5,16,0.8,0.51,400
416,1193,17.5,0.742,1.19,400
417,1221.5,18.43,0.6624,1.26,400
418,848,18.44,0.6567,1.26,400
419,1054.5,19.82,0.6081,1.31,400
420,1329.5,20.15,0.5842,1.12,400
421,1333,20.66,0.5817,1.56,400
422,1438.5,21.04,0.5476,1.46,400
423,1149,21.07,0.5426,1.25,400
424,876.5,20.85,0.5541,0.92,400
425,554,20.35,0.5848,0.62,400
426,240.95,19.16,0.6638,0,400
427,0,17.25,0.7365,0,400
428,0,16.18,0.7765,0,400
429,0,15.27,0.815,0,400
430,0,13.87,0.868,0,400
431,0,12.97,0.89,0,400
432,0,12.88,0.8755,0,400
433,0,12.57,0.8935,0,400
434,0,11.98,0.919,0,400
435,0,11.79,0.9325,0,400
436,72.87,12.68,0.9165,0.06,400
437,311.15,14.46,0.8715,0.26,400
438,624,16.71,0.807,0.87,400
439,937,18.93,0.743,0.96,400
440,1214,21.6,0.6707,0.25,400
441,1461.5,23.16,0.6031,1.8,400
442,1624,24.66,0.4952,1.96,400
443,1666.5,24.86,0.5027,1.72,400
444,1202,26.08,0.5156,2.41,400
445,1612,26.83,0.5136,2.62,400
446,1410.5,27.18,0.5118,2.26,400
447,1155,27.12,0.5192,2.27,400
448,853.5,26.92,0.5296,1.62,400
449,503,24.64,0.5968,2.21,400
450,146.8,22.01,0.7015,0,400
451,0,20.16,0.733,0.11,400
452,0,18.75,0.771,0.57,400
453,0,17.94,0.763,1.37,400
454,0,16.58,0.826,0.77,400
455,0,15.62,0.839,0,400
456,0,14.65,0.8675,0.07,400
457,0,13.6,0.9165,0,400
458,0,13.06,0.9395,0,400
459,0,12.67,0.95,0.05,400
460,68.565,13.05,0.945,0,400
461,317.9,14.53,0.899,0.08,400
462,655.95,16.82,0.8195,0.88,400
463,924.5,18.36,0.765,1.16,400
464,1196.5,20.17,0.6597,0.57,400
465,1485,21.11,0.5553,1.06,400
466,1647,22.17,0.5099,0.96,400
467,1734,23.26,0.4418,0.83,400
468,1725.5,24.1,0.4285,0.91,400
469,1627.5,24.68,0.4363,0.73,400
470,1445,24.88,0.4421,1.17,400
471,1193.5,24.69,0.4649,2.01,400
472,897.5,24.42,0.4957,0.94,400
473,567.8,23.79,0.564,0.15,400
474,90.85,21.08,0.7635,0.66,400
475,0,19.29,0.842,1.38,400
476,0,18.01,0.884,0.02,400
477,0,16.98,0.9155,0,400
478,0,16.3,0.941,0,400
479,0,16.46,0.957,0,400
480,0,16.19,0.963,0,400
481,0,16.32,0.9695,0,400
482,0,16.61,0.9245,2.36,400
483,0,16.06,0.948,1.82,400
484,29.43,14.06,0.955,2.17,400
485,115.25,14.15,0.9305,2.79,400
486,360.7,14.89,0.863,3.11,400
487,307.9,15.69,0.8385,3.06,400
488,455.4,14,0.8045,4.05,400
489,278.2,12.37,0.886,2.6,400
490,595.15,13.63,0.8515,1.93,400
491,1230,15.88,0.7715,3.21,400
492,1520.5,17.52,0.6642,2.96,400
493,1545,18.81,0.5966,2.68,400
494,1356.5,18.89,0.5782,2.34,400
495,822.95,19.46,0.5193,2.98,400
496,801.4,18.64,0.5403,2.33,400
497,477.3,18.51,0.5546,2.21,400
498,120.4,16.55,0.6344,1.63,400
499,0,14.8,0.6998,1.35,400
500,0,13.44,0.7465,1.03,400
501,0,12.58,0.764,1.47,400
502,0,12.27,0.758,1.89,400
503,0,11.28,0.7965,1.6,400
504,0,10.34,0.8395,1.42,400
505,0,9.38,0.8875,1.32,400
506,0,8.75,0.917,0.92,400
507,0,8.35,0.9375,1.11,400
508,60.345,8.88,0.9415,1.05,400
509,288.3,10.86,0.906,1.95,400
510,567.9,13.01,0.823,2.7,400
511,732.25,14.23,0.766,2.41,400
512,1207.5,15.38,0.7005,2.61,400
513,1404,16.46,0.6005,2.54,400
514,1102.5,16.83,0.5862,2.4,400
515,1227.5,17.61,0.5622,2.6,400
516,1744,18.5,0.531,2.72,400
517,1073.5,18.79,0.5047,2.68,400
518,763.5,18.36,0.5246,3.42,400
519,833.5,18.42,0.5493,2.38,400
520,472.45,18.08,0.5723,1.89,400
521,264.65,18.13,0.5654,1.68,400
522,186.6,16.67,0.6305,0.75,400
523,0,13.66,0.8055,0,400
524,0,14.17,0.751,1.64,400
525,0,12.53,0.769,0.88,400
526,0,11.15,0.8145,1.34,400
527,0,10.85,0.822,1.56,400
528,0,10.37,0.8695,1.11,400
529,0,10.52,0.89,1.5,400
530,0,10.1,0.914,0.98,400
531,0,9.78,0.935,1.87,400
532,61.505,10.22,0.9445,1.86,400
533,159.6,11.53,0.9195,1.41,400
534,160.55,13.17,0.8535,1.86,400
535,910,15.01,0.77,1.97,400
536,1147,15.51,0.7455,1.85,400
537,1075,16.55,0.6679,1.23,400
538,806.5,17.6,0.6,1.69,400
539,1504,18.25,0.579,1.43,400
540,1179.5,19.22,0.5363,1.94,400
541,600.1,18.73,0.5442,1.63,400
542,866.5,19.52,0.5173,1.42,400
543,756.85,19.82,0.5098,1.1,400
544,993,19.7,0.5207,1.11,400
545,192.35,19.04,0.5716,0.78,400
546,185,17.96,0.6252,0,400
547,0,14.05,0.846,0,400
548,0,12.31,0.8935,0,400
549,0,12.64,0.838,0.44,400
550,0,12.9,0.826,0.71,400
551,0,12.17,0.8615,0.73,400
552,0,11.96,0.889,1.14,400
553,0,10.75,0.925,0.61,400
554,0,10.48,0.9285,0.69,400
555,0,10.53,0.9315,1.12,400
556,58.32,10.75,0.9295,1.13,400
557,156.7,11.64,0.923,1.37,400
558,636.6,14.69,0.8035,1.69,400
559,968,16.7,0.7185,1.95,400
560,1262,18.33,0.6373,2.19,400
561,1484,19.15,0.5791,2.49,400
562,1130,19.56,0.5783,2.52,400
563,1914,20.19,0.5429,2.29,400
564,1371.5,20.47,0.5104,2.47,400
565,1080,20.6,0.4762,3.05,400
566,1044,20.72,0.4598,3.26,400
567,1237.5,21.13,0.436,3.04,400
568,810.35,20.66,0.4236,2.81,400
569,574.75,19.9,0.4317,3.36,400
570,251.2,18.19,0.4714,1.96,400
571,0,15.91,0.5645,0.92,400
572,0,14.43,0.6389,0.87,400
573,0,13.2,0.7,0.37,400
574,0,13.03,0.7105,1.5,400
575,0,12.49,0.722,1.82,400
576,0,11.85,0.7505,1.5,400
577,0,11.24,0.776,1.44,400
578,0,10.3,0.8155,0.38,400
579,0,8.07,0.9055,0.82,400
580,70.815,9.76,0.8675,0.34,400
581,325.65,12.49,0.751,2.31,400
582,647.35,14.77,0.6555,2.14,400
583,976,16.75,0.5972,3.01,400
584,1273.5,17.96,0.5363,4.38,400
585,1522,19.56,0.4777,3.81,400
586,1687,20.52,0.4511,4.27,400
587,1724.5,21.38,0.453,4.72,400
588,1696,22.09,0.4275,4.75,400
589,1623,22.45,0.4085,4.87,400
590,1480,22.71,0.3803,4.35,400
591,1227.5,22.63,0.3853,4.93,400
592,916,22.32,0.3885,4.13,400
593,578.45,21.47,0.4113,4.05,400
594,251.85,19.95,0.4727,2.93,400
595,0,17.76,0.5533,2,400
596,0,16.39,0.6047,1.46,400
597,0,15.17,0.6585,0.85,400
598,0,14.51,0.6906,0.87,400
599,0,13.69,0.7345,0.75,400
600,0,13.07,0.78,0.95,400
601,0,13,0.791,1.71,400
602,0,13.05,0.7935,2.07,400
603,0,12.72,0.822,1.69,400
604,65.895,13.18,0.8165,1.58,400
605,317.5,15.5,0.7235,2.95,400
606,641.25,17.81,0.6265,3.59,400
607,973.5,19.32,0.5777,3.93,400
608,1274.5,20.55,0.5152,5.02,400
609,1520.5,21.99,0.4886,4.38,400
610,1730,22.82,0.4532,4.7,400
611,1615.5,23.92,0.4318,3.85,400
612,1776,24.69,0.4232,3.82,400
613,1677,25.05,0.4288,3.61,400
614,1316,24.67,0.4546,3.07,400
615,748.4,24.02,0.4822,2.25,400
616,355.35,23.71,0.4962,2.03,400
617,307,23.23,0.5337,0.68,400
618,132.45,22.33,0.5754,0,400
619,0,19.28,0.765,0,400
620,0,18.47,0.758,0,400
621,0,18.07,0.7765,0.92,400
622,0,17.79,0.7895,1.14,400
623,0,17.58,0.8115,0.53,400
624,0,17.51,0.805,1,400
625,0,16.6,0.828,0.61,400
626,0,15.85,0.84,0.66,400
627,0,14.64,0.879,0.31,400
628,46.285,14.94,0.8775,0.86,400
629,241.05,17.21,0.8075,1.02,400
630,610.3,20.37,0.6938,1,400
631,940,23.23,0.575,2.18,400
632,1250,24.42,0.5044,2.09,400
633,1464,24.68,0.4797,1.75,400
634,1432.5,25.76,0.4331,2.26,400
635,989,25.7,0.4309,2.56,400
636,1293,25.97,0.427,2.9,400
637,539.7,24.48,0.5652,3.71,400
638,1701,26.71,0.4463,2.84,400
639,761.95,25.48,0.4892,2.59,400
640,936,25.95,0.467,4.41,400
641,617.1,24.67,0.5153,3.42,400
642,226.2,22.74,0.6139,2.43,400
643,0,21.36,0.6862,1.04,400
644,0,19.26,0.7975,1.67,400
645,0,17.99,0.8385,1.9,400
646,0,17.11,0.848,1.74,400
647,0,15.96,0.849,1.2,400
648,0,15.63,0.826,1.94,400
649,0,15.43,0.8405,3.11,400
650,0,14.8,0.901,2.46,400
651,0,14.76,0.9175,0.26,400
652,38.405,14.95,0.9205,0.7,400
653,165,15.24,0.9225,1.59,400
654,239.4,15.68,0.912,1.66,400
655,485.85,17.85,0.842,1.91,400
656,755,20.22,0.7555,1.02,400
657,447,20.27,0.752,1.65,400
658,1512,21.93,0.6285,2.39,400
659,871.5,22.55,0.5542,3.22,400
660,915,22.64,0.5669,4.75,400
661,1683,23.48,0.5285,3.64,400
662,541.95,21.85,0.5978,3.28,400
663,957.75,22.1,0.5114,3.34,400
664,607.5,22.59,0.5221,3.25,400
665,661.7,22.24,0.5644,2.69,400
666,175.25,19.5,0.6802,2.19,400
667,0,17.55,0.755,1.21,400
668,0,16.51,0.8615,1.99,400
669,0,15.51,0.924,1.24,400
670,0,14.73,0.9355,0.81,400
671,0,14.1,0.946,1.05,400
672,0,13.51,0.927,0.89,400
673,0,13.18,0.9435,1.22,400
674,0,13.3,0.9365,0.82,400
675,0,12.22,0.9595,0.22,400
676,57.39,12.8,0.9655,0,400
677,297,15.33,0.917,1.18,400
678,641.55,17.19,0.8475,1.11,400
679,984,19.41,0.7079,0.69,400
680,1268.5,21.09,0.5916,0.76,400
681,1526.5,22.42,0.5198,1.24,400
682,1398,23.52,0.4771,1.36,400
683,1933,24.28,0.4456,1.48,400
684,1934,24.34,0.4483,1.37,400
685,1050.85,25.73,0.3921,0.97,400
686,1189.5,25.99,0.3663,1.19,400
687,1341,25.09,0.4156,1.55,400
688,924.5,25.57,0.4041,0.82,400
689,578.25,24.89,0.4437,0.92,400
690,167.15,23.27,0.5245,0.06,400
691,0,19.31,0.7735,0,400
692,0,17.47,0.8265,0,400
693,0,16.98,0.8225,0,400
694,0,16.53,0.8335,0,400
695,0,15.97,0.869,0,400
696,0,15.73,0.8745,0,400
697,0,15.52,0.889,0,400
698,0,15.96,0.881,0.03,400
699,0,14.88,0.927,0,400
700,42.955,16.01,0.901,0,400
701,123.1,18,0.825,0.54,400
702,635.1,21.16,0.6863,1.65,400
703,988.5,23.41,0.5548,2.81,400
704,1270.5,25.12,0.4669,3.27,400
705,1509,26.03,0.4297,2.98,400
706,1685.5,26.82,0.4001,2.57,400
707,1770.5,27.48,0.3713,2.75,400
708,1760,28.24,0.3478,2.41,400
709,1674,28.75,0.3336,2.01,400
710,1449,28.96,0.3397,2.24,400
711,1204.5,29.07,0.3323,1.69,400
712,876.5,28.63,0.3785,1.93,400
713,570.8,27.65,0.4151,1.85,400
714,220.6,25.82,0.4921,0.37,400
715,0,23.48,0.5896,0.2,400
716,0,22.13,0.6438,0.18,400
717,0,20.61,0.7034,0.01,400
718,0,17.48,0.856,0.05,400
719,0,16.95,0.8795,0,400
720,0,17.12,0.8545,0.02,400
721,0,17.64,0.8205,0.13,400
722,0,15.35,0.9065,0.19,400
723,0,15.09,0.9245,0.09,400
724,44.525,15.53,0.924,0.42,400
725,276.45,18.07,0.865,0.54,400
726,531.05,19.44,0.8405,1.33,400
727,970,22.37,0.736,0.61,400
728,1255.5,25.26,0.61,0.56,400
729,1499.5,27.07,0.5195,1.16,400
730,1645.5,28.61,0.4369,2.68,400
731,1736,29.49,0.4073,1.97,400
732,1713,30.28,0.3587,1.67,400
733,1499.5,29.86,0.3771,0.97,400
734,1593,31.35,0.3106,1.57,400
735,1265.5,31.3,0.2974,1.81,400
736,754.7,30.75,0.3294,1.57,400
737,232.8,28.45,0.5332,1.07,400
738,242.6,27,0.5414,1.83,400
739,0,24.81,0.6159,1.28,400
740,0,23.67,0.643,1.21,400
741,0,21.26,0.7515,0,400
742,0,19.48,0.8415,0,400
743,0,18.8,0.8705,0,400
744,0,18.46,0.8865,0,400
745,0,18.42,0.883,0,400
746,0,19.55,0.8215,0,400
747,0,19.12,0.831,0,400
748,45.59,19.22,0.843,0,400
749,285.5,21.4,0.77,0.02,400
750,628.05,24.16,0.6682,0.41,400
751,960.5,27.36,0.5673,0.29,400
752,1197,28.53,0.5058,0.71,400
753,1473.5,30.09,0.3638,0.9,400
754,1592,30.22,0.371,1.37,400
755,1738.5,31.42,0.3456,1.56,400
756,712.2,30.82,0.3521,0.66,400
757,1147.5,31.44,0.3521,2.95,400
758,1464,28.91,0.4599,2.39,400
759,1054,28.78,0.4937,3.32,400
760,157.25,25.7,0.6259,1.59,400
761,20.51,21.57,0.7935,2.83,400
762,38.33,20.97,0.859,0.39,400
763,0,20.38,0.918,0.41,400
764,0,20.51,0.888,0.52,400
765,0,20.29,0.9295,1.51,400
766,0,20.23,0.8905,0.76,400
767,0,20.08,0.908,0.54,400
768,0,19.98,0.896,0.71,400
769,0,19.06,0.9405,0.89,400
770,0,18.74,0.93,0.03,400
771,0,18.58,0.9295,0.02,400
772,54.78,18.82,0.938,0.02,400
773,264.6,21.05,0.858,0.02,400
774,598.1,23.18,0.773,0.1,400
775,932,25.69,0.6838,1.39,400
776,1241,27.96,0.5806,1.91,400
777,1493,29.34,0.477,2.12,400
778,1664,29.95,0.4196,2.31,400
779,1643,30.9,0.3694,1.93,400
780,1751,31.16,0.3291,2.35,400
781,1566.5,31.7,0.2995,1.85,400
782,1460.5,31.77,0.2906,1.99,400
783,1212.5,31.81,0.2834,1.8,400
784,897.5,31.52,0.2972,1.01,400
785,557.5,30.34,0.3276,0.05,400
786,75.04,27.19,0.4686,0,400
787,0,23.01,0.6927,0,400
788,0,22.73,0.6435,0,400
789,0,22.34,0.635,0,400
790,0,22.49,0.6129,0,400
791,0,19.75,0.757,0,400
792,0,20.38,0.7107,0,400
793,0,18.37,0.803,0,400
794,0,19.15,0.767,0,400
795,0,17.23,0.8565,0,400
796,65.57,18.66,0.8585,0,400
797,419.7,21.64,0.7042,3.56,400
798,598.2,23.68,0.6886,4.61,400
799,687.4,23.06,0.694,3.73,400
800,789,24.1,0.6293,0.35,400
801,482.25,24.7,0.5892,1.71,400
802,644.3,24.06,0.6234,3.71,400
803,947,23.97,0.6628,3.64,400
804,1204,25.11,0.579,3.88,400
805,1641,25.72,0.5507,4.1,400
806,1324,25.87,0.5255,3.99,400
807,1059.5,25.97,0.5195,3.6,400
808,831.5,25.86,0.5145,3.51,400
809,560.1,25.15,0.5513,3.31,400
810,244.4,23.3,0.6782,3.41,400
811,0,20.97,0.805,2.42,400
812,0,19.9,0.8605,2.3,400
813,0,18.84,0.9115,1.18,400
814,0,18.09,0.9395,0.87,400
815,0,17.43,0.954,1.07,400
816,0,17,0.969,1.25,400
817,0,16.95,0.97,0.82,400
818,0,16.87,0.968,0,400
819,0,16.52,0.956,0,400
820,33.07,16.72,0.951,0,400
821,251.75,17.99,0.8495,0.76,400
822,603.45,19.23,0.725,1,400
823,967,20.65,0.6131,1.04,400
824,1249.5,21.79,0.5483,1.54,400
825,1514.5,23,0.5221,1.3,400
826,1718.5,24.16,0.4988,1.17,400
827,1257,24.39,0.5033,0.79,400
828,1035.5,25.04,0.4877,0.74,400
829,900.5,25.02,0.489,1.67,400
830,546.9,24.45,0.479,2.19,400
831,290.15,23.77,0.5141,2.07,400
832,228.1,23.88,0.5053,1.93,400
833,320.55,23.61,0.5115,1.19,400
834,75.075,22.93,0.5437,0,400
835,0,21.57,0.5941,0.05,400
836,0,19.54,0.723,0,400
837,0,18.42,0.796,0.12,400
838,0,17.6,0.8305,0,400
839,0,16.79,0.863,0,400
840,0,16.25,0.8875,0,400
841,0,14.82,0.929,0,400
842,0,14.82,0.9045,0,400
843,0,15.16,0.878,0,400
844,54.705,15.44,0.883,0,400
845,190.65,17.11,0.841,0,400
846,549.3,20.4,0.6875,0.35,400
847,693.7,23.01,0.5716,1.49,400
848,1106,25.25,0.4869,1.12,400
849,929,24.79,0.5023,1.38,400
850,492.45,24.55,0.5381,1.21,400
851,1179,25.98,0.4709,1.08,400
852,1410,26.62,0.4522,1.13,400
853,596.95,25.96,0.478,1.13,400
854,799,26.15,0.4811,3.22,400
855,776,26.06,0.475,3.02,400
856,735.2,26.42,0.4641,2.75,400
857,388.6,25.99,0.463,3.31,400
858,226.05,23,0.6552,3.28,400
859,0,21.59,0.6841,2.33,400
860,0,20.68,0.6936,1.52,400
861,0,19.32,0.737,1.6,400
862,0,18.43,0.7215,1.22,400
863,0,17.61,0.76,1.03,400
864,0,17.43,0.7735,1.42,400
865,0,16.02,0.828,0.06,400
866,0,15.41,0.8485,0.13,400
867,0,14.63,0.8795,0,400
868,51.25,14.28,0.9175,0,400
869,298.6,17.19,0.8185,0.35,400
870,553.35,18.26,0.7735,0.43,400
871,933,20.15,0.6434,0.63,400
872,1095.5,20.85,0.5823,1.48,400
873,1237,21.35,0.5677,2.62,400
874,1249.5,22.35,0.5323,1.49,400
875,1464,22.83,0.5055,2.04,400
876,1281.5,23.37,0.5004,2,400
877,722,22.45,0.5676,3.32,400
878,581.9,22.64,0.5262,2.99,400
879,590.45,22.31,0.5307,3.1,400
880,690.2,22.9,0.5346,3.43,400
881,545.3,22.28,0.5633,3.17,400
882,253.5,21.01,0.5819,1.12,400
883,0,18.63,0.7038,2.51,400
884,0,16.87,0.7715,1.79,400
885,0,16.07,0.823,1.62,400
886,0,15.39,0.893,1.71,400
887,0,15.09,0.9195,1.28,400
888,0,15.54,0.9145,1.62,400
889,0,15.45,0.921,0.67,400
890,0,15.12,0.9525,0.92,400
891,0,15.29,0.955,0.99,400
892,28.23,15.44,0.9595,0.43,400
893,162.5,16.04,0.942,1.34,400
894,571.1,17.55,0.807,1.32,400
895,739.35,18.69,0.708,2.81,400
896,960.15,20.3,0.6054,3.12,400
897,1168,20.88,0.5463,2.97,400
898,944.95,21.5,0.557,4.71,400
899,1578.5,22.63,0.4405,4.51,400
900,1530.5,22.75,0.4167,5.21,400
901,1104,21.95,0.4847,5,400
902,1084.5,21.84,0.4432,5.19,400
903,1186,21.42,0.4715,5.27,400
904,542.85,20.82,0.4695,5.27,400
905,529.45,20.04,0.522,4.4,400
906,157.2,18.31,0.6031,2.79,400
907,0,17.7,0.6575,2.6,400
908,0,17.1,0.6928,2.63,400
909,0,16.55,0.765,2.92,400
910,0,16.09,0.8045,2.26,400
911,0,15.74,0.8195,2.25,400
912,0,15.23,0.848,2.25,400
913,0,14.99,0.8715,2.54,400
914,0,14.88,0.886,2.42,400
915,0,14.68,0.8955,1.69,400
916,10.985,14.54,0.8775,1.12,400
917,134.75,15.21,0.83,1.55,400
918,566.4,16.72,0.7475,2.88,400
919,626.6,17.66,0.6696,3.43,400
920,1027,19.08,0.5818,3.11,400
921,959,19.37,0.5992,4.35,400
922,484,15.68,0.8265,2.97,400
923,1801.5,19.89,0.62,4.48,400
924,1842.5,21.18,0.4632,5.55,400
925,1541,21.25,0.4492,6.18,400
926,1211.5,20.52,0.5109,6.24,400
927,1249.5,20.31,0.5433,6,400
928,433.5,19.87,0.5624,5.81,400
929,400.2,19.33,0.5915,3.9,400
930,227.2,18.37,0.5842,3.95,400
931,0,16.6,0.6412,2.25,400
932,0,14.98,0.768,2.1,400
933,0,14.03,0.83,1.64,400
934,0,13.2,0.8745,1.94,400
935,0,12.52,0.917,2.12,400
936,0,12.36,0.9365,1.77,400
937,0,12.11,0.954,1.78,400
938,0,12.11,0.9595,1.16,400
939,0,12.99,0.959,2.07,400
940,30.735,13.04,0.9555,2.54,400
941,127.3,13.8,0.928,1.5,400
942,450.4,14.95,0.861,3.05,400
943,797.5,16.19,0.794,3.05,400
944,1211.5,18.13,0.6897,2.83,400
945,1068,19.09,0.5898,3.3,400
946,1155,20.63,0.521,3.51,400
947,879.7,20.9,0.5082,3.63,400
948,1307,20.67,0.5339,3.92,400
949,1567,21.53,0.4639,4.04,400
950,922.5,22.01,0.4643,4.86,400
951,566.95,21.5,0.4787,5.02,400
952,914.5,22.13,0.4075,4.58,400
953,567.3,21.27,0.4145,4.57,400
954,242.9,19.41,0.5826,3.95,400
955,0,17.11,0.716,2.54,400
956,0,15.65,0.7485,2.31,400
957,0,14.2,0.8225,1.98,400
958,0,13.36,0.8505,1.88,400
959,0,12.89,0.887,1.68,400
960,0,12.39,0.921,0.9,400
961,0,13.07,0.886,0.71,400
962,0,12.63,0.8965,0.39,400
963,0,12.74,0.869,0.75,400
964,15.965,12.84,0.8545,1.18,400
965,276.15,14.69,0.752,1.39,400
966,613.45,16.74,0.5659,1.44,400
967,946.5,17.78,0.4816,2.66,400
968,950.5,18.33,0.5047,3.18,400
969,1394.5,19.24,0.5227,2.89,400
970,906.4,19.07,0.5251,2.69,400
971,841,20.02,0.472,3.74,400
972,965.4,20.77,0.4098,3.65,400
973,961,21.34,0.384,3.46,400
974,1440,21.78,0.3751,3.71,400
975,1063,21.39,0.3941,3.11,400
976,515.8,20.87,0.4202,3.13,400
977,289.3,20.18,0.4643,2.24,400
978,270.3,19.4,0.4965,2.86,400
979,0,17.1,0.6105,2.06,400
980,0,15.9,0.6737,1.86,400
981,0,14.44,0.7425,1.33,400
982,0,13.22,0.797,1.21,400
983,0,12.63,0.8305,1.4,400
984,0,12.58,0.8635,1.47,400
985,0,12.01,0.898,1.24,400
986,0,11.27,0.9295,0.88,400
987,0,11.3,0.9325,0.54,400
988,44.505,12.06,0.9115,0.66,400
989,208.45,13.33,0.8275,0.67,400
990,338.8,14.96,0.735,0.93,400
991,603.5,16.8,0.6275,1.46,400
992,1133,18.68,0.5488,2.4,400
993,1163.5,18.98,0.5401,2.45,400
994,856.5,19.66,0.5446,2.36,400
995,1023.5,20.51,0.5056,2.42,400
996,978,20.57,0.4972,3.14,400
997,880,20.95,0.5015,3.05,400
998,630.65,20.85,0.5215,2.89,400
999,663.05,20.96,0.5154,3.35,400
1000,428.8,20.17,0.5648,3.02,400
1001,245.05,19.78,0.595,2.43,400
1002,144.25,19.32,0.6211,1.93,400
1003,0,16.15,0.762,0.22,400
1004,0,14.44,0.8215,0.72,400
1005,0,14.97,0.803,1.56,400
1006,0,13.7,0.8655,0.89,400
1007,0,12.92,0.889,0.55,400
1008,0,11.94,0.904,0.01,400
1009,0,11.53,0.941,0,400
1010,0,11.65,0.942,0.04,400
1011,0,10.52,0.95,0,400
1012,39.84,10.35,0.9605,0,400
1013,283.2,14.36,0.8935,0.47,400
1014,589.65,17.56,0.7247,0.15,400
1015,870,18.75,0.6039,0.47,400
1016,1273,19.85,0.5534,1.14,400
1017,1409,20.93,0.5349,1.37,400
1018,1502.5,21.98,0.5031,1.41,400
1019,1734,23.15,0.4651,1.52,400
1020,1568.5,24.07,0.4487,1.67,400
1021,1622.5,24.7,0.4207,1.64,400
1022,1454,25.82,0.4004,1.8,400
1023,1259.5,26.38,0.3732,2.03,400
1024,650.45,25.44,0.3907,2.16,400
1025,464.85,25.67,0.4014,2.37,400
1026,269.3,23.88,0.4857,1.14,400
1027,0,18.91,0.734,0,400
1028,0,20.29,0.6205,2.03,400
1029,0,19.01,0.7054,1.03,400
1030,0,18.19,0.742,0.31,400
1031,0,17.67,0.7605,1.99,400
1032,0,17.22,0.7725,1.74,400
1033,0,16.71,0.7625,1.65,400
1034,0,16.28,0.7825,1.8,400
1035,0,16.01,0.8495,1.93,400
1036,27.57,16.43,0.8735,2.95,400
1037,130.45,17.32,0.8685,3.07,400
1038,248.95,18.8,0.851,3.09,400
1039,255.1,19.75,0.835,3.62,400
1040,236.5,19.05,0.9385,3.4,400
1041,661.35,19.5,0.9455,3.74,400
1042,861.5,20.15,0.923,3.51,400
1043,880.5,20.46,0.905,3.81,400
1044,494.4,19.89,0.9495,2.81,400
1045,770.65,20.68,0.926,3.35,400
1046,417.8,20.07,0.9405,3.46,400
1047,373.35,19.93,0.942,3.47,400
1048,407.45,20.36,0.923,2.54,400
1049,235.45,20.19,0.9245,1.45,400
1050,217.35,19.9,0.8995,1.28,400
1051,0,18.9,0.9335,0.21,400
1052,0,17.93,0.9645,0.31,400
1053,0,17.31,0.952,0.77,400
1054,0,16.8,0.948,0.93,400
1055,0,16.96,0.939,0.17,400
1056,0,16.9,0.942,0.19,400
1057,0,16.72,0.95,0.09,400
1058,0,16.6,0.957,0,400
1059,0,16.35,0.9575,0.02,400
1060,8.882,15.91,0.9435,0.03,400
1061,63.145,15.86,0.9,0.04,400
1062,141.5,16.09,0.903,0.03,400
1063,380.5,17.16,0.867,0.03,400
1064,260.2,17.54,0.878,0,400
1065,428.3,17.93,0.888,0.02,400
1066,438.35,19.02,0.871,0.02,400
1067,963.05,20.8,0.777,0.01,400
1068,920,21.55,0.714,1.98,400
1069,794,20.74,0.756,1.95,400
1070,274.75,20.11,0.799,2.4,400
1071,127.25,19.71,0.8035,1.73,400
1072,92.7,19.75,0.807,1.12,400
1073,103.2,19.98,0.79,0.84,400
1074,162.25,19.94,0.801,0.37,400
1075,0,19.12,0.8485,0.86,400
1076,0,18.67,0.87,0.32,400
1077,0,17.74,0.8685,1.08,400
1078,0,16.53,0.9195,1.12,400
1079,0,15.61,0.955,0.27,400
1080,0,15.41,0.9605,0.35,400
1081,0,15.07,0.9565,0.26,400
1082,0,14.76,0.949,0.02,400
1083,0,13.81,0.9625,0,400
1084,25.105,14.27,0.961,0.16,400
1085,233.75,16.3,0.8925,1.2,400
1086,587.25,18.5,0.7985,2.82,400
1087,711.05,18.9,0.758,2.82,400
1088,633.8,20.29,0.6654,3.15,400
1089,1087,22.18,0.5758,3.36,400
1090,1534.5,23.13,0.5097,3.27,400
1091,1271,23.05,0.542,3.43,400
1092,675.8,23.14,0.5574,4.62,400
1093,1681.5,23.3,0.4717,4.5,400
1094,820.5,23.23,0.4236,4.73,400
1095,1229.5,22.4,0.4602,4.6,400
1096,799.5,22.12,0.4857,3.82,400
1097,431.75,21.28,0.5628,3,400
1098,225.85,20.13,0.5949,2.87,400
1099,0,18.01,0.6928,1.57,400
1100,0,16.78,0.7555,1.64,400
1101,0,15.95,0.81,1.77,400
1102,0,15.09,0.867,1.32,400
1103,0,13.27,0.9315,1.2,400
1104,0,13.51,0.9315,1.27,400
1105,0,14.61,0.905,1.89,400
1106,0,13.87,0.913,1.96,400
1107,0,14.23,0.9045,2.09,400
1108,23.56,14.62,0.903,2.16,400
1109,147.7,15.62,0.871,2.06,400
1110,329.95,17.42,0.8245,1.8,400
1111,543.95,18.93,0.7595,2.18,400
1112,1196.5,21.43,0.5632,3.01,400
1113,1520.5,22.31,0.5266,3.31,400
1114,1577,22.63,0.514,2.85,400
1115,1147,23.26,0.4942,3.08,400
1116,1474,23.74,0.4808,2.5,400
1117,1333,25,0.4305,2.95,400
1118,1448,24.7,0.4384,2.95,400
1119,845,24.01,0.4746,2.63,400
1120,580.4,24.13,0.4684,2.94,400
1121,506.4,23.32,0.4797,2.66,400
1122,217.5,21.69,0.5188,2.17,400
1123,0,19.43,0.6085,1.45,400
1124,0,17.74,0.6795,0.57,400
1125,0,14.92,0.8315,0,400
1126,0,14.51,0.8485,0,400
1127,0,14.63,0.8235,0,400
1128,0,13.46,0.884,0,400
1129,0,13.2,0.897,0,400
1130,0,13.05,0.8845,0.04,400
1131,0,13.96,0.8295,0.56,400
1132,35.28,14.73,0.805,0.5,400
1133,245.05,16.81,0.748,1.18,400
1134,562.95,19.12,0.6593,1.96,400
1135,887.5,21.57,0.6053,1.71,400
1136,1198,24.92,0.506,2.37,400
1137,1445.5,27.09,0.3992,2.12,400
1138,1615,28.6,0.3768,1.78,400
1139,1699,29.45,0.3568,2.25,400
1140,1658.5,30.4,0.3364,2.26,400
1141,1608,31.59,0.3166,2.69,400
1142,1357,32.08,0.3099,3.46,400
1143,873.4,31.58,0.3366,3.52,400
1144,687.15,30.36,0.3631,3.46,400
1145,336.35,27.79,0.4372,5.52,400
1146,201.15,23.39,0.5718,4.74,400
1147,0,22.16,0.5267,5.24,400
1148,0,20.44,0.5977,5.66,400
1149,0,18.25,0.7545,4.63,400
1150,0,16.97,0.893,4.74,400
1151,0,15.93,0.8475,4.37,400
1152,0,15.59,0.857,3.62,400
1153,0,14.78,0.877,3.12,400
1154,0,14.09,0.903,1.93,400
1155,0,14.06,0.901,2.18,400
1156,6.987,14.23,0.9215,1.88,400
1157,53.79,14.45,0.9345,1.69,400
1158,93.66,14.24,0.938,3.18,400
1159,111.5,14.42,0.89,3.75,400
1160,147.05,12.47,0.9415,1.67,400
1161,1156,15.52,0.801,3.62,400
1162,1114,15.89,0.7475,3.31,400
1163,811.6,15.73,0.757,3.91,400
1164,1254,16.99,0.6625,6.26,400
1165,371,15.83,0.7155,5.61,400
1166,1075,17.72,0.6169,6.5,400
1167,322.75,17.17,0.6644,3.59,400
1168,543.1,17.28,0.6057,5.66,400
1169,218.7,15.62,0.739,3.55,400
1170,201.45,15.5,0.7555,2.48,400
1171,0,14.45,0.723,2.76,400
1172,0,13.57,0.796,2.99,400
1173,0,13.03,0.831,3.06,400
1174,0,12.18,0.873,2.53,400
1175,0,11.47,0.9045,2.25,400
1176,0,10.85,0.93,2.15,400
1177,0,10.54,0.939,2.39,400
1178,0,10.19,0.9475,2.39,400
1179,0,9.86,0.9505,1.13,400
1180,29.59,10.03,0.947,1.75,400
1181,243.6,11.68,0.9055,1.92,400
1182,554.05,13.48,0.8415,2.9,400
1183,446.15,14.2,0.8285,2.44,400
1184,894.5,16.76,0.6975,3.59,400
1185,1210.5,18.4,0.5855,4.8,400
1186,971,19.34,0.5463,5.05,400
1187,988,19.43,0.5573,4.99,400
1188,1200,19.31,0.5628,5.61,400
1189,472.85,18.84,0.5696,5.49,400
1190,398.1,18.3,0.6013,5.91,400
1191,913,17.58,0.7092,5.61,400
1192,420.85,17.04,0.734,5.91,400
1193,169.9,15.25,0.916,5.02,400
1194,63.71,15.51,0.937,4.43,400
1195,0,15.87,0.944,3.09,400
1196,0,15.93,0.943,2.3,400
1197,0,15.38,0.93,2.92,400
1198,0,14.7,0.9205,2.32,400
1199,0,13.78,0.9435,0.82,400
