t,air_temperature,humidity,ambient_CO2,Wind,PARi,
0,17,0.83,360,2.8,0,
1,17,0.83,360,2.8,0,
2,17,0.76,360,2.8,0,
3,17,0.8,360,2.8,0,
4,17,0.9,360,2.8,67.33333333,
5,17,0.72,360,2.8,336.6666667,
6,17,0.68,360,2.8,667.7222222,
7,17,0.67,360,2.8,1026.833333,
8,17,0.63,360,2.8,1290.555556,
9,17,0.62,360,2.8,1548.666667,
10,17,0.57,360,2.8,1739.444444,
11,17,0.55,360,2.8,1548.666667,
12,17,0.53,360,2.8,1795.555556,
13,17,0.43,360,2.8,1582.333333,
14,17,0.33,360,2.8,1464.5,
15,17,0.4,360,2.8,1189.555556,
16,17,0.39,360,2.8,892.1666667,
17,17,0.44,360,2.8,538.6666667,
18,17,0.5,360,2.8,207.6111111,
19,17,0.59,360,2.8,11.22222222,
20,17,0.64,360,2.8,0,
21,17,0.68,360,2.8,0,
22,17,0.77,360,2.8,0,
23,17,0.78,360,2.8,0,
24,17,0.83,360,2.8,0,
25,17,0.83,360,2.8,0,
26,17,0.76,360,2.8,0,
27,17,0.8,360,2.8,0,
28,17,0.9,360,2.8,67.33333333,
29,17,0.72,360,2.8,336.6666667,
30,17,0.68,360,2.8,667.7222222,
31,17,0.67,360,2.8,1026.833333,
32,17,0.63,360,2.8,1290.555556,
33,17,0.62,360,2.8,1548.666667,
34,17,0.57,360,2.8,1739.444444,
35,17,0.55,360,2.8,1548.666667,
36,17,0.53,360,2.8,1795.555556,
37,17,0.43,360,2.8,1582.333333,
38,17,0.33,360,2.8,1464.5,
39,17,0.4,360,2.8,1189.555556,
40,17,0.39,360,2.8,892.1666667,
41,17,0.44,360,2.8,538.6666667,
42,17,0.5,360,2.8,207.6111111,
43,17,0.59,360,2.8,11.22222222,
44,17,0.64,360,2.8,0,
45,17,0.68,360,2.8,0,
46,17,0.77,360,2.8,0,
47,17,0.78,360,2.8,0,
48,17,0.83,360,2.8,0,
49,17,0.83,360,2.8,0,
50,17,0.76,360,2.8,0,
51,17,0.8,360,2.8,0,
52,17,0.9,360,2.8,67.33333333,
53,17,0.72,360,2.8,336.6666667,
54,17,0.68,360,2.8,667.7222222,
55,17,0.67,360,2.8,1026.833333,
56,17,0.63,360,2.8,1290.555556,
57,17,0.62,360,2.8,1548.666667,
58,17,0.57,360,2.8,1739.444444,
59,17,0.55,360,2.8,1548.666667,
60,17,0.53,360,2.8,1795.555556,
61,17,0.43,360,2.8,1582.333333,
62,17,0.33,360,2.8,1464.5,
63,17,0.4,360,2.8,1189.555556,
64,17,0.39,360,2.8,892.1666667,
65,17,0.44,360,2.8,538.6666667,
66,17,0.5,360,2.8,207.6111111,
67,17,0.59,360,2.8,11.22222222,
68,17,0.64,360,2.8,0,
69,17,0.68,360,2.8,0,
70,17,0.77,360,2.8,0,
71,17,0.78,360,2.8,0,
72,17,0.83,360,2.8,0,
73,17,0.83,360,2.8,0,
74,17,0.76,360,2.8,0,
75,17,0.8,360,2.8,0,
76,17,0.9,360,2.8,67.33333333,
77,17,0.72,360,2.8,336.6666667,
78,17,0.68,360,2.8,667.7222222,
79,17,0.67,360,2.8,1026.833333,
80,17,0.63,360,2.8,1290.555556,
81,17,0.62,360,2.8,1548.666667,
82,17,0.57,360,2.8,1739.444444,
83,17,0.55,360,2.8,1548.666667,
84,17,0.53,360,2.8,1795.555556,
85,17,0.43,360,2.8,1582.333333,
86,17,0.33,360,2.8,1464.5,
87,17,0.4,360,2.8,1189.555556,
88,17,0.39,360,2.8,892.1666667,
89,17,0.44,360,2.8,538.6666667,
90,17,0.5,360,2.8,207.6111111,
91,17,0.59,360,2.8,11.22222222,
92,17,0.64,360,2.8,0,
93,17,0.68,360,2.8,0,
94,17,0.77,360,2.8,0,
95,17,0.78,360,2.8,0,
96,17,0.83,360,2.8,0,
97,17,0.83,360,2.8,0,
98,17,0.76,360,2.8,0,
99,17,0.8,360,2.8,0,
100,17,0.9,360,2.8,67.33333333,
101,17,0.72,360,2.8,336.6666667,
102,17,0.68,360,2.8,667.7222222,
103,17,0.67,360,2.8,1026.833333,
104,17,0.63,360,2.8,1290.555556,
105,17,0.62,360,2.8,1548.666667,
106,17,0.57,360,2.8,1739.444444,
107,17,0.55,360,2.8,1548.666667,
108,17,0.53,360,2.8,1795.555556,
109,17,0.43,360,2.8,1582.333333,
110,17,0.33,360,2.8,1464.5,
111,17,0.4,360,2.8,1189.555556,
112,17,0.39,360,2.8,892.1666667,
113,17,0.44,360,2.8,538.6666667,
114,17,0.5,360,2.8,207.6111111,
115,17,0.59,360,2.8,11.22222222,
116,17,0.64,360,2.8,0,
117,17,0.68,360,2.8,0,
118,17,0.77,360,2.8,0,
119,17,0.78,360,2.8,0,
120,17,0.83,360,2.8,0,
121,17,0.83,360,2.8,0,
122,17,0.76,360,2.8,0,
123,17,0.8,360,2.8,0,
124,17,0.9,360,2.8,67.33333333,
125,17,0.72,360,2.8,336.6666667,
126,17,0.68,360,2.8,667.7222222,
127,17,0.67,360,2.8,1026.833333,
128,17,0.63,360,2.8,1290.555556,
129,17,0.62,360,2.8,1548.666667,
130,17,0.57,360,2.8,1739.444444,
131,17,0.55,360,2.8,1548.666667,
132,17,0.53,360,2.8,1795.555556,
133,17,0.43,360,2.8,1582.333333,
134,17,0.33,360,2.8,1464.5,
135,17,0.4,360,2.8,1189.555556,
136,17,0.39,360,2.8,892.1666667,
137,17,0.44,360,2.8,538.6666667,
138,17,0.5,360,2.8,207.6111111,
139,17,0.59,360,2.8,11.22222222,
140,17,0.64,360,2.8,0,
141,17,0.68,360,2.8,0,
142,17,0.77,360,2.8,0,
143,17,0.78,360,2.8,0,
144,17,0.83,360,2.8,0,
145,17,0.83,360,2.8,0,
146,17,0.76,360,2.8,0,
147,17,0.8,360,2.8,0,
148,17,0.9,360,2.8,67.33333333,
149,17,0.72,360,2.8,336.6666667,
150,17,0.68,360,2.8,667.7222222,
151,17,0.67,360,2.8,1026.833333,
152,17,0.63,360,2.8,1290.555556,
153,17,0.62,360,2.8,1548.666667,
154,17,0.57,360,2.8,1739.444444,
155,17,0.55,360,2.8,1548.666667,
156,17,0.53,360,2.8,1795.555556,
157,17,0.43,360,2.8,1582.333333,
158,17,0.33,360,2.8,1464.5,
159,17,0.4,360,2.8,1189.555556,
160,17,0.39,360,2.8,892.1666667,
161,17,0.44,360,2.8,538.6666667,
162,17,0.5,360,2.8,207.6111111,
163,17,0.59,360,2.8,11.22222222,
164,17,0.64,360,2.8,0,
165,17,0.68,360,2.8,0,
166,17,0.77,360,2.8,0,
167,17,0.78,360,2.8,0,
168,17,0.83,360,2.8,0,
169,17,0.83,360,2.8,0,
170,17,0.76,360,2.8,0,
171,17,0.8,360,2.8,0,
172,17,0.9,360,2.8,67.33333333,
173,17,0.72,360,2.8,336.6666667,
174,17,0.68,360,2.8,667.7222222,
175,17,0.67,360,2.8,1026.833333,
176,17,0.63,360,2.8,1290.555556,
177,17,0.62,360,2.8,1548.666667,
178,17,0.57,360,2.8,1739.444444,
179,17,0.55,360,2.8,1548.666667,
180,17,0.53,360,2.8,1795.555556,
181,17,0.43,360,2.8,1582.333333,
182,17,0.33,360,2.8,1464.5,
183,17,0.4,360,2.8,1189.555556,
184,17,0.39,360,2.8,892.1666667,
185,17,0.44,360,2.8,538.6666667,
186,17,0.5,360,2.8,207.6111111,
187,17,0.59,360,2.8,11.22222222,
188,17,0.64,360,2.8,0,
189,17,0.68,360,2.8,0,
190,17,0.77,360,2.8,0,
191,17,0.78,360,2.8,0,
192,17,0.83,360,2.8,0,
193,17,0.83,360,2.8,0,
194,17,0.76,360,2.8,0,
195,17,0.8,360,2.8,0,
196,17,0.9,360,2.8,67.33333333,
197,17,0.72,360,2.8,336.6666667,
198,17,0.68,360,2.8,667.7222222,
199,17,0.67,360,2.8,1026.833333,
200,17,0.63,360,2.8,1290.555556,
201,17,0.62,360,2.8,1548.666667,
202,17,0.57,360,2.8,1739.444444,
203,17,0.55,360,2.8,1548.666667,
204,17,0.53,360,2.8,1795.555556,
205,17,0.43,360,2.8,1582.333333,
206,17,0.33,360,2.8,1464.5,
207,17,0.4,360,2.8,1189.555556,
208,17,0.39,360,2.8,892.1666667,
209,17,0.44,360,2.8,538.6666667,
210,17,0.5,360,2.8,207.6111111,
211,17,0.59,360,2.8,11.22222222,
212,17,0.64,360,2.8,0,
213,17,0.68,360,2.8,0,
214,17,0.77,360,2.8,0,
215,17,0.78,360,2.8,0,
216,17,0.83,360,2.8,0,
217,17,0.83,360,2.8,0,
218,17,0.76,360,2.8,0,
219,17,0.8,360,2.8,0,
220,17,0.9,360,2.8,67.33333333,
221,17,0.72,360,2.8,336.6666667,
222,17,0.68,360,2.8,667.7222222,
223,17,0.67,360,2.8,1026.833333,
224,17,0.63,360,2.8,1290.555556,
225,17,0.62,360,2.8,1548.666667,
226,17,0.57,360,2.8,1739.444444,
227,17,0.55,360,2.8,1548.666667,
228,17,0.53,360,2.8,1795.555556,
229,17,0.43,360,2.8,1582.333333,
230,17,0.33,360,2.8,1464.5,
231,17,0.4,360,2.8,1189.555556,
232,17,0.39,360,2.8,892.1666667,
233,17,0.44,360,2.8,538.6666667,
234,17,0.5,360,2.8,207.6111111,
235,17,0.59,360,2.8,11.22222222,
236,17,0.64,360,2.8,0,
237,17,0.68,360,2.8,0,
238,17,0.77,360,2.8,0,
239,17,0.78,360,2.8,0,
240,17,0.83,360,2.8,0,hi*
241,17,0.83,360,2.8,0,
242,17,0.76,360,2.8,0,
243,17,0.8,360,2.8,0,
244,17,0.9,360,2.8,67.33333333,
245,17,0.72,360,2.8,336.6666667,
246,17,0.68,360,2.8,667.7222222,
247,17,0.67,360,2.8,1026.833333,
248,17,0.63,360,2.8,1290.555556,
249,17,0.62,360,2.8,1548.666667,
250,17,0.57,360,2.8,1739.444444,
251,17,0.55,360,2.8,1548.666667,
252,17,0.53,360,2.8,1795.555556,
253,17,0.43,360,2.8,1582.333333,
254,17,0.33,360,2.8,1464.5,
255,17,0.4,360,2.8,1189.555556,
256,17,0.39,360,2.8,892.1666667,
257,17,0.44,360,2.8,538.6666667,
258,17,0.5,360,2.8,207.6111111,
259,17,0.59,360,2.8,11.22222222,
260,17,0.64,360,2.8,0,
261,17,0.68,360,2.8,0,
262,17,0.77,360,2.8,0,
263,17,0.78,360,2.8,0,
264,17,0.83,360,2.8,0,
265,17,0.83,360,2.8,0,
266,17,0.76,360,2.8,0,
267,17,0.8,360,2.8,0,
268,17,0.9,360,2.8,67.33333333,
269,17,0.72,360,2.8,336.6666667,
270,17,0.68,360,2.8,667.7222222,
271,17,0.67,360,2.8,1026.833333,
272,17,0.63,360,2.8,1290.555556,
273,17,0.62,360,2.8,1548.666667,
274,17,0.57,360,2.8,1739.444444,
275,17,0.55,360,2.8,1548.666667,
276,17,0.53,360,2.8,1795.555556,
277,17,0.43,360,2.8,1582.333333,
278,17,0.33,360,2.8,1464.5,
279,17,0.4,360,2.8,1189.555556,
280,17,0.39,360,2.8,892.1666667,
281,17,0.44,360,2.8,538.6666667,
282,17,0.5,360,2.8,207.6111111,
283,17,0.59,360,2.8,11.22222222,
284,17,0.64,360,2.8,0,
285,17,0.68,360,2.8,0,
286,17,0.77,360,2.8,0,
287,17,0.78,360,2.8,0,
288,17,0.83,360,2.8,0,
289,17,0.83,360,2.8,0,
290,17,0.76,360,2.8,0,
291,17,0.8,360,2.8,0,
292,17,0.9,360,2.8,67.33333333,
293,17,0.72,360,2.8,336.6666667,
294,17,0.68,360,2.8,667.7222222,
295,17,0.67,360,2.8,1026.833333,
296,17,0.63,360,2.8,1290.555556,
297,17,0.62,360,2.8,1548.666667,
298,17,0.57,360,2.8,1739.444444,
299,17,0.55,360,2.8,1548.666667,
300,17,0.53,360,2.8,1795.555556,
301,17,0.43,360,2.8,1582.333333,
302,17,0.33,360,2.8,1464.5,
303,17,0.4,360,2.8,1189.555556,
304,17,0.39,360,2.8,892.1666667,
305,17,0.44,360,2.8,538.6666667,
306,17,0.5,360,2.8,207.6111111,
307,17,0.59,360,2.8,11.22222222,
308,17,0.64,360,2.8,0,
309,17,0.68,360,2.8,0,
310,17,0.77,360,2.8,0,
311,17,0.78,360,2.8,0,
312,17,0.83,360,2.8,0,
313,17,0.83,360,2.8,0,
314,17,0.76,360,2.8,0,
315,17,0.8,360,2.8,0,
316,17,0.9,360,2.8,67.33333333,
317,17,0.72,360,2.8,336.6666667,
318,17,0.68,360,2.8,667.7222222,
319,17,0.67,360,2.8,1026.833333,
320,17,0.63,360,2.8,1290.555556,
321,17,0.62,360,2.8,1548.666667,
322,17,0.57,360,2.8,1739.444444,
323,17,0.55,360,2.8,1548.666667,
324,17,0.53,360,2.8,1795.555556,
325,17,0.43,360,2.8,1582.333333,
326,17,0.33,360,2.8,1464.5,
327,17,0.4,360,2.8,1189.555556,
328,17,0.39,360,2.8,892.1666667,
329,17,0.44,360,2.8,538.6666667,
330,17,0.5,360,2.8,207.6111111,
331,17,0.59,360,2.8,11.22222222,
332,17,0.64,360,2.8,0,
333,17,0.68,360,2.8,0,
334,17,0.77,360,2.8,0,
335,17,0.78,360,2.8,0,
336,17,0.83,360,2.8,0,
337,17,0.83,360,2.8,0,
338,17,0.76,360,2.8,0,
339,17,0.8,360,2.8,0,
340,17,0.9,360,2.8,67.33333333,
341,17,0.72,360,2.8,336.6666667,
342,17,0.68,360,2.8,667.7222222,
343,17,0.67,360,2.8,1026.833333,
344,17,0.63,360,2.8,1290.555556,
345,17,0.62,360,2.8,1548.666667,
346,17,0.57,360,2.8,1739.444444,
347,17,0.55,360,2.8,1548.666667,
348,17,0.53,360,2.8,1795.555556,
349,17,0.43,360,2.8,1582.333333,
350,17,0.33,360,2.8,1464.5,
351,17,0.4,360,2.8,1189.555556,
352,17,0.39,360,2.8,892.1666667,
353,17,0.44,360,2.8,538.6666667,
354,17,0.5,360,2.8,207.6111111,
355,17,0.59,360,2.8,11.22222222,
356,17,0.64,360,2.8,0,
357,17,0.68,360,2.8,0,
358,17,0.77,360,2.8,0,
359,17,0.78,360,2.8,0,
360,17,0.83,360,2.8,0,
361,17,0.83,360,2.8,0,
362,17,0.76,360,2.8,0,
363,17,0.8,360,2.8,0,
364,17,0.9,360,2.8,67.33333333,
365,17,0.72,360,2.8,336.6666667,
366,17,0.68,360,2.8,667.7222222,
367,17,0.67,360,2.8,1026.833333,
368,17,0.63,360,2.8,1290.555556,
369,17,0.62,360,2.8,1548.666667,
370,17,0.57,360,2.8,1739.444444,
371,17,0.55,360,2.8,1548.666667,
372,17,0.53,360,2.8,1795.555556,
373,17,0.43,360,2.8,1582.333333,
374,17,0.33,360,2.8,1464.5,
375,17,0.4,360,2.8,1189.555556,
376,17,0.39,360,2.8,892.1666667,
377,17,0.44,360,2.8,538.6666667,
378,17,0.5,360,2.8,207.6111111,
379,17,0.59,360,2.8,11.22222222,
380,17,0.64,360,2.8,0,
381,17,0.68,360,2.8,0,
382,17,0.77,360,2.8,0,
383,17,0.78,360,2.8,0,
384,17,0.83,360,2.8,0,
385,17,0.83,360,2.8,0,
386,17,0.76,360,2.8,0,
387,17,0.8,360,2.8,0,
388,17,0.9,360,2.8,67.33333333,
389,17,0.72,360,2.8,336.6666667,
390,17,0.68,360,2.8,667.7222222,
391,17,0.67,360,2.8,1026.833333,
392,17,0.63,360,2.8,1290.555556,
393,17,0.62,360,2.8,1548.666667,
394,17,0.57,360,2.8,1739.444444,
395,17,0.55,360,2.8,1548.666667,
396,17,0.53,360,2.8,1795.555556,
397,17,0.43,360,2.8,1582.333333,
398,17,0.33,360,2.8,1464.5,
399,17,0.4,360,2.8,1189.555556,
400,17,0.39,360,2.8,892.1666667,
401,17,0.44,360,2.8,538.6666667,
402,17,0.5,360,2.8,207.6111111,
403,17,0.59,360,2.8,11.22222222,
404,17,0.64,360,2.8,0,
405,17,0.68,360,2.8,0,
406,17,0.77,360,2.8,0,
407,17,0.78,360,2.8,0,
408,17,0.83,360,2.8,0,
409,17,0.83,360,2.8,0,
410,17,0.76,360,2.8,0,
411,17,0.8,360,2.8,0,
412,17,0.9,360,2.8,67.33333333,
413,17,0.72,360,2.8,336.6666667,
414,17,0.68,360,2.8,667.7222222,
415,17,0.67,360,2.8,1026.833333,
416,17,0.63,360,2.8,1290.555556,
417,17,0.62,360,2.8,1548.666667,
418,17,0.57,360,2.8,1739.444444,
419,17,0.55,360,2.8,1548.666667,
420,17,0.53,360,2.8,1795.555556,
421,17,0.43,360,2.8,1582.333333,
422,17,0.33,360,2.8,1464.5,
423,17,0.4,360,2.8,1189.555556,
424,17,0.39,360,2.8,892.1666667,
425,17,0.44,360,2.8,538.6666667,
426,17,0.5,360,2.8,207.6111111,
427,17,0.59,360,2.8,11.22222222,
428,17,0.64,360,2.8,0,
429,17,0.68,360,2.8,0,
430,17,0.77,360,2.8,0,
431,17,0.78,360,2.8,0,
432,17,0.83,360,2.8,0,
433,17,0.83,360,2.8,0,
434,17,0.76,360,2.8,0,
435,17,0.8,360,2.8,0,
436,17,0.9,360,2.8,67.33333333,
437,17,0.72,360,2.8,336.6666667,
438,17,0.68,360,2.8,667.7222222,
439,17,0.67,360,2.8,1026.833333,
440,17,0.63,360,2.8,1290.555556,
441,17,0.62,360,2.8,1548.666667,
442,17,0.57,360,2.8,1739.444444,
443,17,0.55,360,2.8,1548.666667,
444,17,0.53,360,2.8,1795.555556,
445,17,0.43,360,2.8,1582.333333,
446,17,0.33,360,2.8,1464.5,
447,17,0.4,360,2.8,1189.555556,
448,17,0.39,360,2.8,892.1666667,
449,17,0.44,360,2.8,538.6666667,
450,17,0.5,360,2.8,207.6111111,
451,17,0.59,360,2.8,11.22222222,
452,17,0.64,360,2.8,0,
453,17,0.68,360,2.8,0,
454,17,0.77,360,2.8,0,
455,17,0.78,360,2.8,0,
456,17,0.83,360,2.8,0,
457,17,0.83,360,2.8,0,
458,17,0.76,360,2.8,0,
459,17,0.8,360,2.8,0,
460,17,0.9,360,2.8,67.33333333,
461,17,0.72,360,2.8,336.6666667,
462,17,0.68,360,2.8,667.7222222,
463,17,0.67,360,2.8,1026.833333,
464,17,0.63,360,2.8,1290.555556,
465,17,0.62,360,2.8,1548.666667,
466,17,0.57,360,2.8,1739.444444,
467,17,0.55,360,2.8,1548.666667,
468,17,0.53,360,2.8,1795.555556,
469,17,0.43,360,2.8,1582.333333,
470,17,0.33,360,2.8,1464.5,
471,17,0.4,360,2.8,1189.555556,
472,17,0.39,360,2.8,892.1666667,
473,17,0.44,360,2.8,538.6666667,
474,17,0.5,360,2.8,207.6111111,
475,17,0.59,360,2.8,11.22222222,
476,17,0.64,360,2.8,0,
477,17,0.68,360,2.8,0,
478,17,0.77,360,2.8,0,
479,17,0.78,360,2.8,0,
480,17,0.83,360,2.8,0,
481,17,0.83,360,2.8,0,
482,17,0.76,360,2.8,0,
483,17,0.8,360,2.8,0,
484,17,0.9,360,2.8,67.33333333,
485,17,0.72,360,2.8,336.6666667,
486,17,0.68,360,2.8,667.7222222,
487,17,0.67,360,2.8,1026.833333,
488,17,0.63,360,2.8,1290.555556,
489,17,0.62,360,2.8,1548.666667,
490,17,0.57,360,2.8,1739.444444,
491,17,0.55,360,2.8,1548.666667,
492,17,0.53,360,2.8,1795.555556,
493,17,0.43,360,2.8,1582.333333,
494,17,0.33,360,2.8,1464.5,
495,17,0.4,360,2.8,1189.555556,
496,17,0.39,360,2.8,892.1666667,
497,17,0.44,360,2.8,538.6666667,
498,17,0.5,360,2.8,207.6111111,
499,17,0.59,360,2.8,11.22222222,
500,17,0.64,360,2.8,0,
501,17,0.68,360,2.8,0,
502,17,0.77,360,2.8,0,
503,17,0.78,360,2.8,0,
504,17,0.83,360,2.8,0,
505,17,0.83,360,2.8,0,
506,17,0.76,360,2.8,0,
507,17,0.8,360,2.8,0,
508,17,0.9,360,2.8,67.33333333,
509,17,0.72,360,2.8,336.6666667,
510,17,0.68,360,2.8,667.7222222,
511,17,0.67,360,2.8,1026.833333,
512,17,0.63,360,2.8,1290.555556,
513,17,0.62,360,2.8,1548.666667,
514,17,0.57,360,2.8,1739.444444,
515,17,0.55,360,2.8,1548.666667,
516,17,0.53,360,2.8,1795.555556,
517,17,0.43,360,2.8,1582.333333,
518,17,0.33,360,2.8,1464.5,
519,17,0.4,360,2.8,1189.555556,
520,17,0.39,360,2.8,892.1666667,
521,17,0.44,360,2.8,538.6666667,
522,17,0.5,360,2.8,207.6111111,
523,17,0.59,360,2.8,11.22222222,
524,17,0.64,360,2.8,0,
525,17,0.68,360,2.8,0,
526,17,0.77,360,2.8,0,
527,17,0.78,360,2.8,0,
528,17,0.83,360,2.8,0,
529,17,0.83,360,2.8,0,
530,17,0.76,360,2.8,0,
531,17,0.8,360,2.8,0,
532,17,0.9,360,2.8,67.33333333,
533,17,0.72,360,2.8,336.6666667,
534,17,0.68,360,2.8,667.7222222,
535,17,0.67,360,2.8,1026.833333,
536,17,0.63,360,2.8,1290.555556,
537,17,0.62,360,2.8,1548.666667,
538,17,0.57,360,2.8,1739.444444,
539,17,0.55,360,2.8,1548.666667,
540,17,0.53,360,2.8,1795.555556,
541,17,0.43,360,2.8,1582.333333,
542,17,0.33,360,2.8,1464.5,
543,17,0.4,360,2.8,1189.555556,
544,17,0.39,360,2.8,892.1666667,
545,17,0.44,360,2.8,538.6666667,
546,17,0.5,360,2.8,207.6111111,
547,17,0.59,360,2.8,11.22222222,
548,17,0.64,360,2.8,0,
549,17,0.68,360,2.8,0,
550,17,0.77,360,2.8,0,
551,17,0.78,360,2.8,0,
552,17,0.83,360,2.8,0,
553,17,0.83,360,2.8,0,
554,17,0.76,360,2.8,0,
555,17,0.8,360,2.8,0,
556,17,0.9,360,2.8,67.33333333,
557,17,0.72,360,2.8,336.6666667,
558,17,0.68,360,2.8,667.7222222,
559,17,0.67,360,2.8,1026.833333,
560,17,0.63,360,2.8,1290.555556,
561,17,0.62,360,2.8,1548.666667,
562,17,0.57,360,2.8,1739.444444,
563,17,0.55,360,2.8,1548.666667,
564,17,0.53,360,2.8,1795.555556,
565,17,0.43,360,2.8,1582.333333,
566,17,0.33,360,2.8,1464.5,
567,17,0.4,360,2.8,1189.555556,
568,17,0.39,360,2.8,892.1666667,
569,17,0.44,360,2.8,538.6666667,
570,17,0.5,360,2.8,207.6111111,
571,17,0.59,360,2.8,11.22222222,
572,17,0.64,360,2.8,0,
573,17,0.68,360,2.8,0,
574,17,0.77,360,2.8,0,
575,17,0.78,360,2.8,0,
576,17,0.83,360,2.8,0,
577,17,0.83,360,2.8,0,
578,17,0.76,360,2.8,0,
579,17,0.8,360,2.8,0,
580,17,0.9,360,2.8,67.33333333,
581,17,0.72,360,2.8,336.6666667,
582,17,0.68,360,2.8,667.7222222,
583,17,0.67,360,2.8,1026.833333,
584,17,0.63,360,2.8,1290.555556,
585,17,0.62,360,2.8,1548.666667,
586,17,0.57,360,2.8,1739.444444,
587,17,0.55,360,2.8,1548.666667,
588,17,0.53,360,2.8,1795.555556,
589,17,0.43,360,2.8,1582.333333,
590,17,0.33,360,2.8,1464.5,
591,17,0.4,360,2.8,1189.555556,
592,17,0.39,360,2.8,892.1666667,
593,17,0.44,360,2.8,538.6666667,
594,17,0.5,360,2.8,207.6111111,
595,17,0.59,360,2.8,11.22222222,
596,17,0.64,360,2.8,0,
597,17,0.68,360,2.8,0,
598,17,0.77,360,2.8,0,
599,17,0.78,360,2.8,0,
600,17,0.83,360,2.8,0,
601,17,0.83,360,2.8,0,
602,17,0.76,360,2.8,0,
603,17,0.8,360,2.8,0,
604,17,0.9,360,2.8,67.33333333,
605,17,0.72,360,2.8,336.6666667,
606,17,0.68,360,2.8,667.7222222,
607,17,0.67,360,2.8,1026.833333,
608,17,0.63,360,2.8,1290.555556,
609,17,0.62,360,2.8,1548.666667,
610,17,0.57,360,2.8,1739.444444,
611,17,0.55,360,2.8,1548.666667,
612,17,0.53,360,2.8,1795.555556,
613,17,0.43,360,2.8,1582.333333,
614,17,0.33,360,2.8,1464.5,
615,17,0.4,360,2.8,1189.555556,
616,17,0.39,360,2.8,892.1666667,
617,17,0.44,360,2.8,538.6666667,
618,17,0.5,360,2.8,207.6111111,
619,17,0.59,360,2.8,11.22222222,
620,17,0.64,360,2.8,0,
621,17,0.68,360,2.8,0,
622,17,0.77,360,2.8,0,
623,17,0.78,360,2.8,0,
624,17,0.83,360,2.8,0,
625,17,0.83,360,2.8,0,
626,17,0.76,360,2.8,0,
627,17,0.8,360,2.8,0,
628,17,0.9,360,2.8,67.33333333,
629,17,0.72,360,2.8,336.6666667,
630,17,0.68,360,2.8,667.7222222,
631,17,0.67,360,2.8,1026.833333,
632,17,0.63,360,2.8,1290.555556,
633,17,0.62,360,2.8,1548.666667,
634,17,0.57,360,2.8,1739.444444,
635,17,0.55,360,2.8,1548.666667,
636,17,0.53,360,2.8,1795.555556,
637,17,0.43,360,2.8,1582.333333,
638,17,0.33,360,2.8,1464.5,
639,17,0.4,360,2.8,1189.555556,
640,17,0.39,360,2.8,892.1666667,
641,17,0.44,360,2.8,538.6666667,
642,17,0.5,360,2.8,207.6111111,
643,17,0.59,360,2.8,11.22222222,
644,17,0.64,360,2.8,0,
645,17,0.68,360,2.8,0,
646,17,0.77,360,2.8,0,
647,17,0.78,360,2.8,0,
648,17,0.83,360,2.8,0,
649,17,0.83,360,2.8,0,
650,17,0.76,360,2.8,0,
651,17,0.8,360,2.8,0,
652,17,0.9,360,2.8,67.33333333,
653,17,0.72,360,2.8,336.6666667,
654,17,0.68,360,2.8,667.7222222,
655,17,0.67,360,2.8,1026.833333,
656,17,0.63,360,2.8,1290.555556,
657,17,0.62,360,2.8,1548.666667,
658,17,0.57,360,2.8,1739.444444,
659,17,0.55,360,2.8,1548.666667,
660,17,0.53,360,2.8,1795.555556,
661,17,0.43,360,2.8,1582.333333,
662,17,0.33,360,2.8,1464.5,
663,17,0.4,360,2.8,1189.555556,
664,17,0.39,360,2.8,892.1666667,
665,17,0.44,360,2.8,538.6666667,
666,17,0.5,360,2.8,207.6111111,
667,17,0.59,360,2.8,11.22222222,
668,17,0.64,360,2.8,0,
669,17,0.68,360,2.8,0,
670,17,0.77,360,2.8,0,
671,17,0.78,360,2.8,0,
672,17,0.83,360,2.8,0,
673,17,0.83,360,2.8,0,
674,17,0.76,360,2.8,0,
675,17,0.8,360,2.8,0,
676,17,0.9,360,2.8,67.33333333,
677,17,0.72,360,2.8,336.6666667,
678,17,0.68,360,2.8,667.7222222,
679,17,0.67,360,2.8,1026.833333,
680,17,0.63,360,2.8,1290.555556,
681,17,0.62,360,2.8,1548.666667,
682,17,0.57,360,2.8,1739.444444,
683,17,0.55,360,2.8,1548.666667,
684,17,0.53,360,2.8,1795.555556,
685,17,0.43,360,2.8,1582.333333,
686,17,0.33,360,2.8,1464.5,
687,17,0.4,360,2.8,1189.555556,
688,17,0.39,360,2.8,892.1666667,
689,17,0.44,360,2.8,538.6666667,
690,17,0.5,360,2.8,207.6111111,
691,17,0.59,360,2.8,11.22222222,
692,17,0.64,360,2.8,0,
693,17,0.68,360,2.8,0,
694,17,0.77,360,2.8,0,
695,17,0.78,360,2.8,0,
696,17,0.83,360,2.8,0,
697,17,0.83,360,2.8,0,
698,17,0.76,360,2.8,0,
699,17,0.8,360,2.8,0,
700,17,0.9,360,2.8,67.33333333,
701,17,0.72,360,2.8,336.6666667,
702,17,0.68,360,2.8,667.7222222,
703,17,0.67,360,2.8,1026.833333,
704,17,0.63,360,2.8,1290.555556,
705,17,0.62,360,2.8,1548.666667,
706,17,0.57,360,2.8,1739.444444,
707,17,0.55,360,2.8,1548.666667,
708,17,0.53,360,2.8,1795.555556,
709,17,0.43,360,2.8,1582.333333,
710,17,0.33,360,2.8,1464.5,
711,17,0.4,360,2.8,1189.555556,
712,17,0.39,360,2.8,892.1666667,
713,17,0.44,360,2.8,538.6666667,
714,17,0.5,360,2.8,207.6111111,
715,17,0.59,360,2.8,11.22222222,
716,17,0.64,360,2.8,0,
717,17,0.68,360,2.8,0,
718,17,0.77,360,2.8,0,
719,17,0.78,360,2.8,0,
720,17,0.83,360,2.8,0,
721,17,0.83,360,2.8,0,
722,17,0.76,360,2.8,0,
723,17,0.8,360,2.8,0,
724,17,0.9,360,2.8,67.33333333,
725,17,0.72,360,2.8,336.6666667,
726,17,0.68,360,2.8,667.7222222,
727,17,0.67,360,2.8,1026.833333,
728,17,0.63,360,2.8,1290.555556,
729,17,0.62,360,2.8,1548.666667,
730,17,0.57,360,2.8,1739.444444,
731,17,0.55,360,2.8,1548.666667,
732,17,0.53,360,2.8,1795.555556,
733,17,0.43,360,2.8,1582.333333,
734,17,0.33,360,2.8,1464.5,
735,17,0.4,360,2.8,1189.555556,
736,17,0.39,360,2.8,892.1666667,
737,17,0.44,360,2.8,538.6666667,
738,17,0.5,360,2.8,207.6111111,
739,17,0.59,360,2.8,11.22222222,
740,17,0.64,360,2.8,0,
741,17,0.68,360,2.8,0,
742,17,0.77,360,2.8,0,
743,17,0.78,360,2.8,0,
744,17,0.83,360,2.8,0,
745,17,0.83,360,2.8,0,
746,17,0.76,360,2.8,0,
747,17,0.8,360,2.8,0,
748,17,0.9,360,2.8,67.33333333,
749,17,0.72,360,2.8,336.6666667,
750,17,0.68,360,2.8,667.7222222,
751,17,0.67,360,2.8,1026.833333,
752,17,0.63,360,2.8,1290.555556,
753,17,0.62,360,2.8,1548.666667,
754,17,0.57,360,2.8,1739.444444,
755,17,0.55,360,2.8,1548.666667,
756,17,0.53,360,2.8,1795.555556,
757,17,0.43,360,2.8,1582.333333,
758,17,0.33,360,2.8,1464.5,
759,17,0.4,360,2.8,1189.555556,
760,17,0.39,360,2.8,892.1666667,
761,17,0.44,360,2.8,538.6666667,
762,17,0.5,360,2.8,207.6111111,
763,17,0.59,360,2.8,11.22222222,
764,17,0.64,360,2.8,0,
765,17,0.68,360,2.8,0,
766,17,0.77,360,2.8,0,
767,17,0.78,360,2.8,0,
768,17,0.83,360,2.8,0,
769,17,0.83,360,2.8,0,
770,17,0.76,360,2.8,0,
771,17,0.8,360,2.8,0,
772,17,0.9,360,2.8,67.33333333,
773,17,0.72,360,2.8,336.6666667,
774,17,0.68,360,2.8,667.7222222,
775,17,0.67,360,2.8,1026.833333,
776,17,0.63,360,2.8,1290.555556,
777,17,0.62,360,2.8,1548.666667,
778,17,0.57,360,2.8,1739.444444,
779,17,0.55,360,2.8,1548.666667,
780,17,0.53,360,2.8,1795.555556,
781,17,0.43,360,2.8,1582.333333,
782,17,0.33,360,2.8,1464.5,
783,17,0.4,360,2.8,1189.555556,
784,17,0.39,360,2.8,892.1666667,
785,17,0.44,360,2.8,538.6666667,
786,17,0.5,360,2.8,207.6111111,
787,17,0.59,360,2.8,11.22222222,
788,17,0.64,360,2.8,0,
789,17,0.68,360,2.8,0,
790,17,0.77,360,2.8,0,
791,17,0.78,360,2.8,0,
792,17,0.83,360,2.8,0,
793,17,0.83,360,2.8,0,
794,17,0.76,360,2.8,0,
795,17,0.8,360,2.8,0,
796,17,0.9,360,2.8,67.33333333,
797,17,0.72,360,2.8,336.6666667,
798,17,0.68,360,2.8,667.7222222,
799,17,0.67,360,2.8,1026.833333,
800,17,0.63,360,2.8,1290.555556,
801,17,0.62,360,2.8,1548.666667,
802,17,0.57,360,2.8,1739.444444,
803,17,0.55,360,2.8,1548.666667,
804,17,0.53,360,2.8,1795.555556,
805,17,0.43,360,2.8,1582.333333,
806,17,0.33,360,2.8,1464.5,
807,17,0.4,360,2.8,1189.555556,
808,17,0.39,360,2.8,892.1666667,
809,17,0.44,360,2.8,538.6666667,
810,17,0.5,360,2.8,207.6111111,
811,17,0.59,360,2.8,11.22222222,
812,17,0.64,360,2.8,0,
813,17,0.68,360,2.8,0,
814,17,0.77,360,2.8,0,
815,17,0.78,360,2.8,0,
816,17,0.83,360,2.8,0,
817,17,0.83,360,2.8,0,
818,17,0.76,360,2.8,0,
819,17,0.8,360,2.8,0,
820,17,0.9,360,2.8,67.33333333,
821,17,0.72,360,2.8,336.6666667,
822,17,0.68,360,2.8,667.7222222,
823,17,0.67,360,2.8,1026.833333,
824,17,0.63,360,2.8,1290.555556,
825,17,0.62,360,2.8,1548.666667,
826,17,0.57,360,2.8,1739.444444,
827,17,0.55,360,2.8,1548.666667,
828,17,0.53,360,2.8,1795.555556,
829,17,0.43,360,2.8,1582.333333,
830,17,0.33,360,2.8,1464.5,
831,17,0.4,360,2.8,1189.555556,
832,17,0.39,360,2.8,892.1666667,
833,17,0.44,360,2.8,538.6666667,
834,17,0.5,360,2.8,207.6111111,
835,17,0.59,360,2.8,11.22222222,
836,17,0.64,360,2.8,0,
837,17,0.68,360,2.8,0,
838,17,0.77,360,2.8,0,
839,17,0.78,360,2.8,0,
840,17,0.83,360,2.8,0,
841,17,0.83,360,2.8,0,
842,17,0.76,360,2.8,0,
843,17,0.8,360,2.8,0,
844,17,0.9,360,2.8,67.33333333,
845,17,0.72,360,2.8,336.6666667,
846,17,0.68,360,2.8,667.7222222,
847,17,0.67,360,2.8,1026.833333,
848,17,0.63,360,2.8,1290.555556,
849,17,0.62,360,2.8,1548.666667,
850,17,0.57,360,2.8,1739.444444,
851,17,0.55,360,2.8,1548.666667,
852,17,0.53,360,2.8,1795.555556,
853,17,0.43,360,2.8,1582.333333,
854,17,0.33,360,2.8,1464.5,
855,17,0.4,360,2.8,1189.555556,
856,17,0.39,360,2.8,892.1666667,
857,17,0.44,360,2.8,538.6666667,
858,17,0.5,360,2.8,207.6111111,
859,17,0.59,360,2.8,11.22222222,
860,17,0.64,360,2.8,0,
861,17,0.68,360,2.8,0,
862,17,0.77,360,2.8,0,
863,17,0.78,360,2.8,0,
864,17,0.83,360,2.8,0,
865,17,0.83,360,2.8,0,
866,17,0.76,360,2.8,0,
867,17,0.8,360,2.8,0,
868,17,0.9,360,2.8,67.33333333,
869,17,0.72,360,2.8,336.6666667,
870,17,0.68,360,2.8,667.7222222,
871,17,0.67,360,2.8,1026.833333,
872,17,0.63,360,2.8,1290.555556,
873,17,0.62,360,2.8,1548.666667,
874,17,0.57,360,2.8,1739.444444,
875,17,0.55,360,2.8,1548.666667,
876,17,0.53,360,2.8,1795.555556,
877,17,0.43,360,2.8,1582.333333,
878,17,0.33,360,2.8,1464.5,
879,17,0.4,360,2.8,1189.555556,
880,17,0.39,360,2.8,892.1666667,
881,17,0.44,360,2.8,538.6666667,
882,17,0.5,360,2.8,207.6111111,
883,17,0.59,360,2.8,11.22222222,
884,17,0.64,360,2.8,0,
885,17,0.68,360,2.8,0,
886,17,0.77,360,2.8,0,
887,17,0.78,360,2.8,0,
888,17,0.83,360,2.8,0,
889,17,0.83,360,2.8,0,
890,17,0.76,360,2.8,0,
891,17,0.8,360,2.8,0,
892,17,0.9,360,2.8,67.33333333,
893,17,0.72,360,2.8,336.6666667,
894,17,0.68,360,2.8,667.7222222,
895,17,0.67,360,2.8,1026.833333,
896,17,0.63,360,2.8,1290.555556,
897,17,0.62,360,2.8,1548.666667,
898,17,0.57,360,2.8,1739.444444,
899,17,0.55,360,2.8,1548.666667,
900,17,0.53,360,2.8,1795.555556,
901,17,0.43,360,2.8,1582.333333,
902,17,0.33,360,2.8,1464.5,
903,17,0.4,360,2.8,1189.555556,
904,17,0.39,360,2.8,892.1666667,
905,17,0.44,360,2.8,538.6666667,
906,17,0.5,360,2.8,207.6111111,
907,17,0.59,360,2.8,11.22222222,
908,17,0.64,360,2.8,0,
909,17,0.68,360,2.8,0,
910,17,0.77,360,2.8,0,
911,17,0.78,360,2.8,0,
912,17,0.83,360,2.8,0,
913,17,0.83,360,2.8,0,
914,17,0.76,360,2.8,0,
915,17,0.8,360,2.8,0,
916,17,0.9,360,2.8,67.33333333,
917,17,0.72,360,2.8,336.6666667,
918,17,0.68,360,2.8,667.7222222,
919,17,0.67,360,2.8,1026.833333,
920,17,0.63,360,2.8,1290.555556,
921,17,0.62,360,2.8,1548.666667,
922,17,0.57,360,2.8,1739.444444,
923,17,0.55,360,2.8,1548.666667,
924,17,0.53,360,2.8,1795.555556,
925,17,0.43,360,2.8,1582.333333,
926,17,0.33,360,2.8,1464.5,
927,17,0.4,360,2.8,1189.555556,
928,17,0.39,360,2.8,892.1666667,
929,17,0.44,360,2.8,538.6666667,
930,17,0.5,360,2.8,207.6111111,
931,17,0.59,360,2.8,11.22222222,
932,17,0.64,360,2.8,0,
933,17,0.68,360,2.8,0,
934,17,0.77,360,2.8,0,
935,17,0.78,360,2.8,0,
936,17,0.83,360,2.8,0,
937,17,0.83,360,2.8,0,
938,17,0.76,360,2.8,0,
939,17,0.8,360,2.8,0,
940,17,0.9,360,2.8,67.33333333,
941,17,0.72,360,2.8,336.6666667,
942,17,0.68,360,2.8,667.7222222,
943,17,0.67,360,2.8,1026.833333,
944,17,0.63,360,2.8,1290.555556,
945,17,0.62,360,2.8,1548.666667,
946,17,0.57,360,2.8,1739.444444,
947,17,0.55,360,2.8,1548.666667,
948,17,0.53,360,2.8,1795.555556,
949,17,0.43,360,2.8,1582.333333,
950,17,0.33,360,2.8,1464.5,
951,17,0.4,360,2.8,1189.555556,
952,17,0.39,360,2.8,892.1666667,
953,17,0.44,360,2.8,538.6666667,
954,17,0.5,360,2.8,207.6111111,
955,17,0.59,360,2.8,11.22222222,
956,17,0.64,360,2.8,0,
957,17,0.68,360,2.8,0,
958,17,0.77,360,2.8,0,
959,17,0.78,360,2.8,0,
960,17,0.83,360,2.8,0,
961,17,0.83,360,2.8,0,
962,17,0.76,360,2.8,0,
963,17,0.8,360,2.8,0,
964,17,0.9,360,2.8,67.33333333,
965,17,0.72,360,2.8,336.6666667,
966,17,0.68,360,2.8,667.7222222,
967,17,0.67,360,2.8,1026.833333,
968,17,0.63,360,2.8,1290.555556,
969,17,0.62,360,2.8,1548.666667,
970,17,0.57,360,2.8,1739.444444,
971,17,0.55,360,2.8,1548.666667,
972,17,0.53,360,2.8,1795.555556,
973,17,0.43,360,2.8,1582.333333,
974,17,0.33,360,2.8,1464.5,
975,17,0.4,360,2.8,1189.555556,
976,17,0.39,360,2.8,892.1666667,
977,17,0.44,360,2.8,538.6666667,
978,17,0.5,360,2.8,207.6111111,
979,17,0.59,360,2.8,11.22222222,
980,17,0.64,360,2.8,0,
981,17,0.68,360,2.8,0,
982,17,0.77,360,2.8,0,
983,17,0.78,360,2.8,0,
984,17,0.83,360,2.8,0,
985,17,0.83,360,2.8,0,
986,17,0.76,360,2.8,0,
987,17,0.8,360,2.8,0,
988,17,0.9,360,2.8,67.33333333,
989,17,0.72,360,2.8,336.6666667,
990,17,0.68,360,2.8,667.7222222,
991,17,0.67,360,2.8,1026.833333,
992,17,0.63,360,2.8,1290.555556,
993,17,0.62,360,2.8,1548.666667,
994,17,0.57,360,2.8,1739.444444,
995,17,0.55,360,2.8,1548.666667,
996,17,0.53,360,2.8,1795.555556,
997,17,0.43,360,2.8,1582.333333,
998,17,0.33,360,2.8,1464.5,
999,17,0.4,360,2.8,1189.555556,
1000,17,0.39,360,2.8,892.1666667,
1001,17,0.44,360,2.8,538.6666667,
1002,17,0.5,360,2.8,207.6111111,
1003,17,0.59,360,2.8,11.22222222,
1004,17,0.64,360,2.8,0,
1005,17,0.68,360,2.8,0,
1006,17,0.77,360,2.8,0,
1007,17,0.78,360,2.8,0,
1008,17,0.83,360,2.8,0,
1009,17,0.83,360,2.8,0,
1010,17,0.76,360,2.8,0,
1011,17,0.8,360,2.8,0,
1012,17,0.9,360,2.8,67.33333333,
1013,17,0.72,360,2.8,336.6666667,
1014,17,0.68,360,2.8,667.7222222,
1015,17,0.67,360,2.8,1026.833333,
1016,17,0.63,360,2.8,1290.555556,
1017,17,0.62,360,2.8,1548.666667,
1018,17,0.57,360,2.8,1739.444444,
1019,17,0.55,360,2.8,1548.666667,
1020,17,0.53,360,2.8,1795.555556,
1021,17,0.43,360,2.8,1582.333333,
1022,17,0.33,360,2.8,1464.5,
1023,17,0.4,360,2.8,1189.555556,
1024,17,0.39,360,2.8,892.1666667,
1025,17,0.44,360,2.8,538.6666667,
1026,17,0.5,360,2.8,207.6111111,
1027,17,0.59,360,2.8,11.22222222,
1028,17,0.64,360,2.8,0,
1029,17,0.68,360,2.8,0,
1030,17,0.77,360,2.8,0,
1031,17,0.78,360,2.8,0,
1032,17,0.83,360,2.8,0,
1033,17,0.83,360,2.8,0,
1034,17,0.76,360,2.8,0,
1035,17,0.8,360,2.8,0,
1036,17,0.9,360,2.8,67.33333333,
1037,17,0.72,360,2.8,336.6666667,
1038,17,0.68,360,2.8,667.7222222,
1039,17,0.67,360,2.8,1026.833333,
1040,17,0.63,360,2.8,1290.555556,
1041,17,0.62,360,2.8,1548.666667,
1042,17,0.57,360,2.8,1739.444444,
1043,17,0.55,360,2.8,1548.666667,
1044,17,0.53,360,2.8,1795.555556,
1045,17,0.43,360,2.8,1582.333333,
1046,17,0.33,360,2.8,1464.5,
1047,17,0.4,360,2.8,1189.555556,
1048,17,0.39,360,2.8,892.1666667,
1049,17,0.44,360,2.8,538.6666667,
1050,17,0.5,360,2.8,207.6111111,
1051,17,0.59,360,2.8,11.22222222,
1052,17,0.64,360,2.8,0,
1053,17,0.68,360,2.8,0,
1054,17,0.77,360,2.8,0,
1055,17,0.78,360,2.8,0,
1056,17,0.83,360,2.8,0,
1057,17,0.83,360,2.8,0,
1058,17,0.76,360,2.8,0,
1059,17,0.8,360,2.8,0,
1060,17,0.9,360,2.8,67.33333333,
1061,17,0.72,360,2.8,336.6666667,
1062,17,0.68,360,2.8,667.7222222,
1063,17,0.67,360,2.8,1026.833333,
1064,17,0.63,360,2.8,1290.555556,
1065,17,0.62,360,2.8,1548.666667,
1066,17,0.57,360,2.8,1739.444444,
1067,17,0.55,360,2.8,1548.666667,
1068,17,0.53,360,2.8,1795.555556,
1069,17,0.43,360,2.8,1582.333333,
1070,17,0.33,360,2.8,1464.5,
1071,17,0.4,360,2.8,1189.555556,
1072,17,0.39,360,2.8,892.1666667,
1073,17,0.44,360,2.8,538.6666667,
1074,17,0.5,360,2.8,207.6111111,
1075,17,0.59,360,2.8,11.22222222,
1076,17,0.64,360,2.8,0,
1077,17,0.68,360,2.8,0,
1078,17,0.77,360,2.8,0,
1079,17,0.78,360,2.8,0,
1080,17,0.83,360,2.8,0,
1081,17,0.83,360,2.8,0,
1082,17,0.76,360,2.8,0,
1083,17,0.8,360,2.8,0,
1084,17,0.9,360,2.8,67.33333333,
1085,17,0.72,360,2.8,336.6666667,
1086,17,0.68,360,2.8,667.7222222,
1087,17,0.67,360,2.8,1026.833333,
1088,17,0.63,360,2.8,1290.555556,
1089,17,0.62,360,2.8,1548.666667,
1090,17,0.57,360,2.8,1739.444444,
1091,17,0.55,360,2.8,1548.666667,
1092,17,0.53,360,2.8,1795.555556,
1093,17,0.43,360,2.8,1582.333333,
1094,17,0.33,360,2.8,1464.5,
1095,17,0.4,360,2.8,1189.555556,
1096,17,0.39,360,2.8,892.1666667,
1097,17,0.44,360,2.8,538.6666667,
1098,17,0.5,360,2.8,207.6111111,
1099,17,0.59,360,2.8,11.22222222,
1100,17,0.64,360,2.8,0,
1101,17,0.68,360,2.8,0,
1102,17,0.77,360,2.8,0,
1103,17,0.78,360,2.8,0,
1104,17,0.83,360,2.8,0,
1105,17,0.83,360,2.8,0,
1106,17,0.76,360,2.8,0,
1107,17,0.8,360,2.8,0,
1108,17,0.9,360,2.8,67.33333333,
1109,17,0.72,360,2.8,336.6666667,
1110,17,0.68,360,2.8,667.7222222,
1111,17,0.67,360,2.8,1026.833333,
1112,17,0.63,360,2.8,1290.555556,
1113,17,0.62,360,2.8,1548.666667,
1114,17,0.57,360,2.8,1739.444444,
1115,17,0.55,360,2.8,1548.666667,
1116,17,0.53,360,2.8,1795.555556,
1117,17,0.43,360,2.8,1582.333333,
1118,17,0.33,360,2.8,1464.5,
1119,17,0.4,360,2.8,1189.555556,
1120,17,0.39,360,2.8,892.1666667,
1121,17,0.44,360,2.8,538.6666667,
1122,17,0.5,360,2.8,207.6111111,
1123,17,0.59,360,2.8,11.22222222,
1124,17,0.64,360,2.8,0,
1125,17,0.68,360,2.8,0,
1126,17,0.77,360,2.8,0,
1127,17,0.78,360,2.8,0,
1128,17,0.83,360,2.8,0,
1129,17,0.83,360,2.8,0,
1130,17,0.76,360,2.8,0,
1131,17,0.8,360,2.8,0,
1132,17,0.9,360,2.8,67.33333333,
1133,17,0.72,360,2.8,336.6666667,
1134,17,0.68,360,2.8,667.7222222,
1135,17,0.67,360,2.8,1026.833333,
1136,17,0.63,360,2.8,1290.555556,
1137,17,0.62,360,2.8,1548.666667,
1138,17,0.57,360,2.8,1739.444444,
1139,17,0.55,360,2.8,1548.666667,
1140,17,0.53,360,2.8,1795.555556,
1141,17,0.43,360,2.8,1582.333333,
1142,17,0.33,360,2.8,1464.5,
1143,17,0.4,360,2.8,1189.555556,
1144,17,0.39,360,2.8,892.1666667,
1145,17,0.44,360,2.8,538.6666667,
1146,17,0.5,360,2.8,207.6111111,
1147,17,0.59,360,2.8,11.22222222,
1148,17,0.64,360,2.8,0,
1149,17,0.68,360,2.8,0,
1150,17,0.77,360,2.8,0,
1151,17,0.78,360,2.8,0,
1152,17,0.83,360,2.8,0,
1153,17,0.83,360,2.8,0,
1154,17,0.76,360,2.8,0,
1155,17,0.8,360,2.8,0,
1156,17,0.9,360,2.8,67.33333333,
1157,17,0.72,360,2.8,336.6666667,
1158,17,0.68,360,2.8,667.7222222,
1159,17,0.67,360,2.8,1026.833333,
1160,17,0.63,360,2.8,1290.555556,
1161,17,0.62,360,2.8,1548.666667,
1162,17,0.57,360,2.8,1739.444444,
1163,17,0.55,360,2.8,1548.666667,
1164,17,0.53,360,2.8,1795.555556,
1165,17,0.43,360,2.8,1582.333333,
1166,17,0.33,360,2.8,1464.5,
1167,17,0.4,360,2.8,1189.555556,
1168,17,0.39,360,2.8,892.1666667,
1169,17,0.44,360,2.8,538.6666667,
1170,17,0.5,360,2.8,207.6111111,
1171,17,0.59,360,2.8,11.22222222,
1172,17,0.64,360,2.8,0,
1173,17,0.68,360,2.8,0,
1174,17,0.77,360,2.8,0,
1175,17,0.78,360,2.8,0,
1176,17,0.83,360,2.8,0,
1177,17,0.83,360,2.8,0,
1178,17,0.76,360,2.8,0,
1179,17,0.8,360,2.8,0,
1180,17,0.9,360,2.8,67.33333333,
1181,17,0.72,360,2.8,336.6666667,
1182,17,0.68,360,2.8,667.7222222,
1183,17,0.67,360,2.8,1026.833333,
1184,17,0.63,360,2.8,1290.555556,
1185,17,0.62,360,2.8,1548.666667,
1186,17,0.57,360,2.8,1739.444444,
1187,17,0.55,360,2.8,1548.666667,
1188,17,0.53,360,2.8,1795.555556,
1189,17,0.43,360,2.8,1582.333333,
1190,17,0.33,360,2.8,1464.5,
1191,17,0.4,360,2.8,1189.555556,
1192,17,0.39,360,2.8,892.1666667,
1193,17,0.44,360,2.8,538.6666667,
1194,17,0.5,360,2.8,207.6111111,
1195,17,0.59,360,2.8,11.22222222,
1196,17,0.64,360,2.8,0,
1197,17,0.68,360,2.8,0,
1198,17,0.77,360,2.8,0,
1199,17,0.78,360,2.8,0,
1200,17,0.83,360,2.8,0,
1201,17,0.83,360,2.8,0,
1202,17,0.76,360,2.8,0,
1203,17,0.8,360,2.8,0,
1204,17,0.9,360,2.8,67.33333333,
1205,17,0.72,360,2.8,336.6666667,
1206,17,0.68,360,2.8,667.7222222,
1207,17,0.67,360,2.8,1026.833333,
1208,17,0.63,360,2.8,1290.555556,
1209,17,0.62,360,2.8,1548.666667,
1210,17,0.57,360,2.8,1739.444444,
1211,17,0.55,360,2.8,1548.666667,
1212,17,0.53,360,2.8,1795.555556,
1213,17,0.43,360,2.8,1582.333333,
1214,17,0.33,360,2.8,1464.5,
1215,17,0.4,360,2.8,1189.555556,
1216,17,0.39,360,2.8,892.1666667,
1217,17,0.44,360,2.8,538.6666667,
1218,17,0.5,360,2.8,207.6111111,
1219,17,0.59,360,2.8,11.22222222,
1220,17,0.64,360,2.8,0,
1221,17,0.68,360,2.8,0,
1222,17,0.77,360,2.8,0,
1223,17,0.78,360,2.8,0,
1224,17,0.83,360,2.8,0,
1225,17,0.83,360,2.8,0,
1226,17,0.76,360,2.8,0,
1227,17,0.8,360,2.8,0,
1228,17,0.9,360,2.8,67.33333333,
1229,17,0.72,360,2.8,336.6666667,
1230,17,0.68,360,2.8,667.7222222,
1231,17,0.67,360,2.8,1026.833333,
1232,17,0.63,360,2.8,1290.555556,
1233,17,0.62,360,2.8,1548.666667,
1234,17,0.57,360,2.8,1739.444444,
1235,17,0.55,360,2.8,1548.666667,
1236,17,0.53,360,2.8,1795.555556,
1237,17,0.43,360,2.8,1582.333333,
1238,17,0.33,360,2.8,1464.5,
1239,17,0.4,360,2.8,1189.555556,
1240,17,0.39,360,2.8,892.1666667,
1241,17,0.44,360,2.8,538.6666667,
1242,17,0.5,360,2.8,207.6111111,
1243,17,0.59,360,2.8,11.22222222,
1244,17,0.64,360,2.8,0,
1245,17,0.68,360,2.8,0,
1246,17,0.77,360,2.8,0,
1247,17,0.78,360,2.8,0,
1248,17,0.83,360,2.8,0,
1249,17,0.83,360,2.8,0,
1250,17,0.76,360,2.8,0,
1251,17,0.8,360,2.8,0,
1252,17,0.9,360,2.8,67.33333333,
1253,17,0.72,360,2.8,336.6666667,
1254,17,0.68,360,2.8,667.7222222,
1255,17,0.67,360,2.8,1026.833333,
1256,17,0.63,360,2.8,1290.555556,
1257,17,0.62,360,2.8,1548.666667,
1258,17,0.57,360,2.8,1739.444444,
1259,17,0.55,360,2.8,1548.666667,
1260,17,0.53,360,2.8,1795.555556,
1261,17,0.43,360,2.8,1582.333333,
1262,17,0.33,360,2.8,1464.5,
1263,17,0.4,360,2.8,1189.555556,
1264,17,0.39,360,2.8,892.1666667,
1265,17,0.44,360,2.8,538.6666667,
1266,17,0.5,360,2.8,207.6111111,
1267,17,0.59,360,2.8,11.22222222,
1268,17,0.64,360,2.8,0,
1269,17,0.68,360,2.8,0,
1270,17,0.77,360,2.8,0,
1271,17,0.78,360,2.8,0,
1272,17,0.83,360,2.8,0,
1273,17,0.83,360,2.8,0,
1274,17,0.76,360,2.8,0,
1275,17,0.8,360,2.8,0,
1276,17,0.9,360,2.8,67.33333333,
1277,17,0.72,360,2.8,336.6666667,
1278,17,0.68,360,2.8,667.7222222,
1279,17,0.67,360,2.8,1026.833333,
1280,17,0.63,360,2.8,1290.555556,
1281,17,0.62,360,2.8,1548.666667,
1282,17,0.57,360,2.8,1739.444444,
1283,17,0.55,360,2.8,1548.666667,
1284,17,0.53,360,2.8,1795.555556,
1285,17,0.43,360,2.8,1582.333333,
1286,17,0.33,360,2.8,1464.5,
1287,17,0.4,360,2.8,1189.555556,
1288,17,0.39,360,2.8,892.1666667,
1289,17,0.44,360,2.8,538.6666667,
1290,17,0.5,360,2.8,207.6111111,
1291,17,0.59,360,2.8,11.22222222,
1292,17,0.64,360,2.8,0,
1293,17,0.68,360,2.8,0,
1294,17,0.77,360,2.8,0,
1295,17,0.78,360,2.8,0,
1296,17,0.83,360,2.8,0,
1297,17,0.83,360,2.8,0,
1298,17,0.76,360,2.8,0,
1299,17,0.8,360,2.8,0,
1300,17,0.9,360,2.8,67.33333333,
1301,17,0.72,360,2.8,336.6666667,
1302,17,0.68,360,2.8,667.7222222,
1303,17,0.67,360,2.8,1026.833333,
1304,17,0.63,360,2.8,1290.555556,
1305,17,0.62,360,2.8,1548.666667,
1306,17,0.57,360,2.8,1739.444444,
1307,17,0.55,360,2.8,1548.666667,
1308,17,0.53,360,2.8,1795.555556,
1309,17,0.43,360,2.8,1582.333333,
1310,17,0.33,360,2.8,1464.5,
1311,17,0.4,360,2.8,1189.555556,
1312,17,0.39,360,2.8,892.1666667,
1313,17,0.44,360,2.8,538.6666667,
1314,17,0.5,360,2.8,207.6111111,
1315,17,0.59,360,2.8,11.22222222,
1316,17,0.64,360,2.8,0,
1317,17,0.68,360,2.8,0,
1318,17,0.77,360,2.8,0,
1319,17,0.78,360,2.8,0,
1320,17,0.83,360,2.8,0,
1321,17,0.83,360,2.8,0,
1322,17,0.76,360,2.8,0,
1323,17,0.8,360,2.8,0,
1324,17,0.9,360,2.8,67.33333333,
1325,17,0.72,360,2.8,336.6666667,
1326,17,0.68,360,2.8,667.7222222,
1327,17,0.67,360,2.8,1026.833333,
1328,17,0.63,360,2.8,1290.555556,
1329,17,0.62,360,2.8,1548.666667,
1330,17,0.57,360,2.8,1739.444444,
1331,17,0.55,360,2.8,1548.666667,
1332,17,0.53,360,2.8,1795.555556,
1333,17,0.43,360,2.8,1582.333333,
1334,17,0.33,360,2.8,1464.5,
1335,17,0.4,360,2.8,1189.555556,
1336,17,0.39,360,2.8,892.1666667,
1337,17,0.44,360,2.8,538.6666667,
1338,17,0.5,360,2.8,207.6111111,
1339,17,0.59,360,2.8,11.22222222,
1340,17,0.64,360,2.8,0,
1341,17,0.68,360,2.8,0,
1342,17,0.77,360,2.8,0,
1343,17,0.78,360,2.8,0,
1344,17,0.83,360,2.8,0,
1345,17,0.83,360,2.8,0,
1346,17,0.76,360,2.8,0,
1347,17,0.8,360,2.8,0,
1348,17,0.9,360,2.8,67.33333333,
1349,17,0.72,360,2.8,336.6666667,
1350,17,0.68,360,2.8,667.7222222,
1351,17,0.67,360,2.8,1026.833333,
1352,17,0.63,360,2.8,1290.555556,
1353,17,0.62,360,2.8,1548.666667,
1354,17,0.57,360,2.8,1739.444444,
1355,17,0.55,360,2.8,1548.666667,
1356,17,0.53,360,2.8,1795.555556,
1357,17,0.43,360,2.8,1582.333333,
1358,17,0.33,360,2.8,1464.5,
1359,17,0.4,360,2.8,1189.555556,
1360,17,0.39,360,2.8,892.1666667,
1361,17,0.44,360,2.8,538.6666667,
1362,17,0.5,360,2.8,207.6111111,
1363,17,0.59,360,2.8,11.22222222,
1364,17,0.64,360,2.8,0,
1365,17,0.68,360,2.8,0,
1366,17,0.77,360,2.8,0,
1367,17,0.78,360,2.8,0,
1368,17,0.83,360,2.8,0,
1369,17,0.83,360,2.8,0,
1370,17,0.76,360,2.8,0,
1371,17,0.8,360,2.8,0,
1372,17,0.9,360,2.8,67.33333333,
1373,17,0.72,360,2.8,336.6666667,
1374,17,0.68,360,2.8,667.7222222,
1375,17,0.67,360,2.8,1026.833333,
1376,17,0.63,360,2.8,1290.555556,
1377,17,0.62,360,2.8,1548.666667,
1378,17,0.57,360,2.8,1739.444444,
1379,17,0.55,360,2.8,1548.666667,
1380,17,0.53,360,2.8,1795.555556,
1381,17,0.43,360,2.8,1582.333333,
1382,17,0.33,360,2.8,1464.5,
1383,17,0.4,360,2.8,1189.555556,
1384,17,0.39,360,2.8,892.1666667,
1385,17,0.44,360,2.8,538.6666667,
1386,17,0.5,360,2.8,207.6111111,
1387,17,0.59,360,2.8,11.22222222,
1388,17,0.64,360,2.8,0,
1389,17,0.68,360,2.8,0,
1390,17,0.77,360,2.8,0,
1391,17,0.78,360,2.8,0,
1392,17,0.83,360,2.8,0,
1393,17,0.83,360,2.8,0,
1394,17,0.76,360,2.8,0,
1395,17,0.8,360,2.8,0,
1396,17,0.9,360,2.8,67.33333333,
1397,17,0.72,360,2.8,336.6666667,
1398,17,0.68,360,2.8,667.7222222,
1399,17,0.67,360,2.8,1026.833333,
1400,17,0.63,360,2.8,1290.555556,
1401,17,0.62,360,2.8,1548.666667,
1402,17,0.57,360,2.8,1739.444444,
1403,17,0.55,360,2.8,1548.666667,
1404,17,0.53,360,2.8,1795.555556,
1405,17,0.43,360,2.8,1582.333333,
1406,17,0.33,360,2.8,1464.5,
1407,17,0.4,360,2.8,1189.555556,
1408,17,0.39,360,2.8,892.1666667,
1409,17,0.44,360,2.8,538.6666667,
1410,17,0.5,360,2.8,207.6111111,
1411,17,0.59,360,2.8,11.22222222,
1412,17,0.64,360,2.8,0,
1413,17,0.68,360,2.8,0,
1414,17,0.77,360,2.8,0,
1415,17,0.78,360,2.8,0,
1416,17,0.83,360,2.8,0,
1417,17,0.83,360,2.8,0,
1418,17,0.76,360,2.8,0,
1419,17,0.8,360,2.8,0,
1420,17,0.9,360,2.8,67.33333333,
1421,17,0.72,360,2.8,336.6666667,
1422,17,0.68,360,2.8,667.7222222,
1423,17,0.67,360,2.8,1026.833333,
1424,17,0.63,360,2.8,1290.555556,
1425,17,0.62,360,2.8,1548.666667,
1426,17,0.57,360,2.8,1739.444444,
1427,17,0.55,360,2.8,1548.666667,
1428,17,0.53,360,2.8,1795.555556,
1429,17,0.43,360,2.8,1582.333333,
1430,17,0.33,360,2.8,1464.5,
1431,17,0.4,360,2.8,1189.555556,
1432,17,0.39,360,2.8,892.1666667,
1433,17,0.44,360,2.8,538.6666667,
1434,17,0.5,360,2.8,207.6111111,
1435,17,0.59,360,2.8,11.22222222,
1436,17,0.64,360,2.8,0,
1437,17,0.68,360,2.8,0,
1438,17,0.77,360,2.8,0,
1439,17,0.78,360,2.8,0,
1440,17,0.83,360,2.8,0,
1441,17,0.83,360,2.8,0,
1442,17,0.76,360,2.8,0,
1443,17,0.8,360,2.8,0,
1444,17,0.9,360,2.8,67.33333333,
1445,17,0.72,360,2.8,336.6666667,
1446,17,0.68,360,2.8,667.7222222,
1447,17,0.67,360,2.8,1026.833333,
1448,17,0.63,360,2.8,1290.555556,
1449,17,0.62,360,2.8,1548.666667,
1450,17,0.57,360,2.8,1739.444444,
1451,17,0.55,360,2.8,1548.666667,
1452,17,0.53,360,2.8,1795.555556,
1453,17,0.43,360,2.8,1582.333333,
1454,17,0.33,360,2.8,1464.5,
1455,17,0.4,360,2.8,1189.555556,
1456,17,0.39,360,2.8,892.1666667,
1457,17,0.44,360,2.8,538.6666667,
1458,17,0.5,360,2.8,207.6111111,
1459,17,0.59,360,2.8,11.22222222,
1460,17,0.64,360,2.8,0,
1461,17,0.68,360,2.8,0,
1462,17,0.77,360,2.8,0,
1463,17,0.78,360,2.8,0,
1464,17,0.83,360,2.8,0,
1465,17,0.83,360,2.8,0,
1466,17,0.76,360,2.8,0,
1467,17,0.8,360,2.8,0,
1468,17,0.9,360,2.8,67.33333333,
1469,17,0.72,360,2.8,336.6666667,
1470,17,0.68,360,2.8,667.7222222,
1471,17,0.67,360,2.8,1026.833333,
1472,17,0.63,360,2.8,1290.555556,
1473,17,0.62,360,2.8,1548.666667,
1474,17,0.57,360,2.8,1739.444444,
1475,17,0.55,360,2.8,1548.666667,
1476,17,0.53,360,2.8,1795.555556,
1477,17,0.43,360,2.8,1582.333333,
1478,17,0.33,360,2.8,1464.5,
1479,17,0.4,360,2.8,1189.555556,
1480,17,0.39,360,2.8,892.1666667,
1481,17,0.44,360,2.8,538.6666667,
1482,17,0.5,360,2.8,207.6111111,
1483,17,0.59,360,2.8,11.22222222,
1484,17,0.64,360,2.8,0,
1485,17,0.68,360,2.8,0,
1486,17,0.77,360,2.8,0,
1487,17,0.78,360,2.8,0,
1488,17,0.83,360,2.8,0,
1489,17,0.83,360,2.8,0,
1490,17,0.76,360,2.8,0,
1491,17,0.8,360,2.8,0,
1492,17,0.9,360,2.8,67.33333333,
1493,17,0.72,360,2.8,336.6666667,
1494,17,0.68,360,2.8,667.7222222,
1495,17,0.67,360,2.8,1026.833333,
1496,17,0.63,360,2.8,1290.555556,
1497,17,0.62,360,2.8,1548.666667,
1498,17,0.57,360,2.8,1739.444444,
1499,17,0.55,360,2.8,1548.666667,
1500,17,0.53,360,2.8,1795.555556,
1501,17,0.43,360,2.8,1582.333333,
1502,17,0.33,360,2.8,1464.5,
1503,17,0.4,360,2.8,1189.555556,
1504,17,0.39,360,2.8,892.1666667,
1505,17,0.44,360,2.8,538.6666667,
1506,17,0.5,360,2.8,207.6111111,
1507,17,0.59,360,2.8,11.22222222,
1508,17,0.64,360,2.8,0,
1509,17,0.68,360,2.8,0,
1510,17,0.77,360,2.8,0,
1511,17,0.78,360,2.8,0,
1512,17,0.83,360,2.8,0,
1513,17,0.83,360,2.8,0,
1514,17,0.76,360,2.8,0,
1515,17,0.8,360,2.8,0,
1516,17,0.9,360,2.8,67.33333333,
1517,17,0.72,360,2.8,336.6666667,
1518,17,0.68,360,2.8,667.7222222,
1519,17,0.67,360,2.8,1026.833333,
1520,17,0.63,360,2.8,1290.555556,
1521,17,0.62,360,2.8,1548.666667,
1522,17,0.57,360,2.8,1739.444444,
1523,17,0.55,360,2.8,1548.666667,
1524,17,0.53,360,2.8,1795.555556,
1525,17,0.43,360,2.8,1582.333333,
1526,17,0.33,360,2.8,1464.5,
1527,17,0.4,360,2.8,1189.555556,
1528,17,0.39,360,2.8,892.1666667,
1529,17,0.44,360,2.8,538.6666667,
1530,17,0.5,360,2.8,207.6111111,
1531,17,0.59,360,2.8,11.22222222,
1532,17,0.64,360,2.8,0,
1533,17,0.68,360,2.8,0,
1534,17,0.77,360,2.8,0,
1535,17,0.78,360,2.8,0,
1536,17,0.83,360,2.8,0,
1537,17,0.83,360,2.8,0,
1538,17,0.76,360,2.8,0,
1539,17,0.8,360,2.8,0,
1540,17,0.9,360,2.8,67.33333333,
1541,17,0.72,360,2.8,336.6666667,
1542,17,0.68,360,2.8,667.7222222,
1543,17,0.67,360,2.8,1026.833333,
1544,17,0.63,360,2.8,1290.555556,
1545,17,0.62,360,2.8,1548.666667,
1546,17,0.57,360,2.8,1739.444444,
1547,17,0.55,360,2.8,1548.666667,
1548,17,0.53,360,2.8,1795.555556,
1549,17,0.43,360,2.8,1582.333333,
1550,17,0.33,360,2.8,1464.5,
1551,17,0.4,360,2.8,1189.555556,
1552,17,0.39,360,2.8,892.1666667,
1553,17,0.44,360,2.8,538.6666667,
1554,17,0.5,360,2.8,207.6111111,
1555,17,0.59,360,2.8,11.22222222,
1556,17,0.64,360,2.8,0,
1557,17,0.68,360,2.8,0,
1558,17,0.77,360,2.8,0,
1559,17,0.78,360,2.8,0,
1560,17,0.83,360,2.8,0,
1561,17,0.83,360,2.8,0,
1562,17,0.76,360,2.8,0,
1563,17,0.8,360,2.8,0,
1564,17,0.9,360,2.8,67.33333333,
1565,17,0.72,360,2.8,336.6666667,
1566,17,0.68,360,2.8,667.7222222,
1567,17,0.67,360,2.8,1026.833333,
1568,17,0.63,360,2.8,1290.555556,
1569,17,0.62,360,2.8,1548.666667,
1570,17,0.57,360,2.8,1739.444444,
1571,17,0.55,360,2.8,1548.666667,
1572,17,0.53,360,2.8,1795.555556,
1573,17,0.43,360,2.8,1582.333333,
1574,17,0.33,360,2.8,1464.5,
1575,17,0.4,360,2.8,1189.555556,
1576,17,0.39,360,2.8,892.1666667,
1577,17,0.44,360,2.8,538.6666667,
1578,17,0.5,360,2.8,207.6111111,
1579,17,0.59,360,2.8,11.22222222,
1580,17,0.64,360,2.8,0,
1581,17,0.68,360,2.8,0,
1582,17,0.77,360,2.8,0,
1583,17,0.78,360,2.8,0,
1584,17,0.83,360,2.8,0,
1585,17,0.83,360,2.8,0,
1586,17,0.76,360,2.8,0,
1587,17,0.8,360,2.8,0,
1588,17,0.9,360,2.8,67.33333333,
1589,17,0.72,360,2.8,336.6666667,
1590,17,0.68,360,2.8,667.7222222,
1591,17,0.67,360,2.8,1026.833333,
1592,17,0.63,360,2.8,1290.555556,
1593,17,0.62,360,2.8,1548.666667,
1594,17,0.57,360,2.8,1739.444444,
1595,17,0.55,360,2.8,1548.666667,
1596,17,0.53,360,2.8,1795.555556,
1597,17,0.43,360,2.8,1582.333333,
1598,17,0.33,360,2.8,1464.5,
1599,17,0.4,360,2.8,1189.555556,
1600,17,0.39,360,2.8,892.1666667,
1601,17,0.44,360,2.8,538.6666667,
1602,17,0.5,360,2.8,207.6111111,
1603,17,0.59,360,2.8,11.22222222,
1604,17,0.64,360,2.8,0,
